participant_id,condition,phase,study_week,attempted,dismissed,executed,delay_type,delay_secs
0006F470-71F5-4743-BDB5-6E281CDDF0CF,ACC,phase2,1,19,13,6,A,3
0035B40B-7D47-4E2B-BEBF-224F4452CBAA,ACC,phase1,1,1,0,1,A,3
0082F3E1-DF11-4F51-8998-6F58BAA77F25,BCC,phase2,1,3,1,2,B,6
00B2E996-861C-4EB9-A3F4-06CEB9893B1A,CCC,phase2,1,57,19,38,C,10
00B65324-C0A7-417A-8136-733D0D825110,ACC,phase2,1,299,44,255,A,3
00B65324-C0A7-417A-8136-733D0D825110,ACC,phase2,2,65,11,54,A,3
00B9CC53-D074-41AD-B36E-5B9470081736,CCC,phase1,1,16,15,1,C,10
00B9CC53-D074-41AD-B36E-5B9470081736,CCC,phase1,2,8,6,2,C,10
00B9CC53-D074-41AD-B36E-5B9470081736,CCC,phase1,3,11,9,2,C,10
00B9CC53-D074-41AD-B36E-5B9470081736,CCC,phase1,4,25,23,2,C,10
00B9CC53-D074-41AD-B36E-5B9470081736,CCC,phase1,5,14,14,0,C,10
00B9CC53-D074-41AD-B36E-5B9470081736,CCC,phase1,6,13,13,0,C,10
00C7DC22-AB67-4D7A-ADF0-B8AA665767BC,BCC,phase2,1,1,0,1,B,6
00EE0F8D-F4D2-44B8-8E72-51D7A405383A,ACC,phase1,1,132,6,126,A,3
00EE0F8D-F4D2-44B8-8E72-51D7A405383A,ACC,phase1,2,90,3,87,A,3
00EE0F8D-F4D2-44B8-8E72-51D7A405383A,ACC,phase1,3,83,12,71,C,10
00EE0F8D-F4D2-44B8-8E72-51D7A405383A,ACC,phase1,4,81,4,77,C,10
00EE0F8D-F4D2-44B8-8E72-51D7A405383A,ACC,phase1,5,64,6,58,C,10
00EE0F8D-F4D2-44B8-8E72-51D7A405383A,ACC,phase1,6,4,0,4,C,10
0100A9D5-5152-437D-8B44-9DBD02E4089A,ACC,phase1,1,56,9,47,A,3
0100A9D5-5152-437D-8B44-9DBD02E4089A,ACC,phase1,2,57,6,51,A,3
0100A9D5-5152-437D-8B44-9DBD02E4089A,ACC,phase1,3,37,4,33,C,10
0100A9D5-5152-437D-8B44-9DBD02E4089A,ACC,phase1,4,34,8,26,C,10
0100A9D5-5152-437D-8B44-9DBD02E4089A,ACC,phase1,5,23,6,17,C,10
0100A9D5-5152-437D-8B44-9DBD02E4089A,ACC,phase1,6,11,1,10,C,10
011B6B0B-DFB4-4469-809D-643277DE9A67,ABC,phase2,1,78,33,45,A,3
011B6B0B-DFB4-4469-809D-643277DE9A67,ABC,phase2,2,163,84,79,A,3
01275D7E-29A2-418D-AFD7-9A4F971E054A,ACC,phase2,1,74,21,53,A,3
012C07FF-59AA-4B24-A863-DE76DBB32220,ABC,phase2,1,99,59,40,A,3
012C07FF-59AA-4B24-A863-DE76DBB32220,ABC,phase2,2,135,41,94,A,3
012C07FF-59AA-4B24-A863-DE76DBB32220,ABC,phase2,3,136,43,93,B,6
012C07FF-59AA-4B24-A863-DE76DBB32220,ABC,phase2,4,50,13,37,B,6
0156E4F8-B21A-421A-9CBA-020296EAB812,ACC,phase1,1,172,38,134,A,3
0156E4F8-B21A-421A-9CBA-020296EAB812,ACC,phase1,2,134,24,110,A,3
0156E4F8-B21A-421A-9CBA-020296EAB812,ACC,phase1,3,110,20,90,C,10
0156E4F8-B21A-421A-9CBA-020296EAB812,ACC,phase1,4,161,28,133,C,10
0156E4F8-B21A-421A-9CBA-020296EAB812,ACC,phase1,5,193,51,142,C,10
0156E4F8-B21A-421A-9CBA-020296EAB812,ACC,phase1,6,107,20,87,C,10
01B707BA-2FAD-4AB2-8BA0-CE44C83963CA,CCC,phase1,1,1,1,0,C,10
01B8AAE1-4BF9-4B62-9836-6E3F8E07C385,ABC,phase1,1,91,9,82,A,3
01B8AAE1-4BF9-4B62-9836-6E3F8E07C385,ABC,phase1,2,84,2,82,A,3
01B8AAE1-4BF9-4B62-9836-6E3F8E07C385,ABC,phase1,3,82,8,74,B,6
01B8AAE1-4BF9-4B62-9836-6E3F8E07C385,ABC,phase1,4,36,0,36,B,6
01BAA7E1-28DA-41D6-9A98-315FC8AAE4FA,ABC,phase2,1,307,68,239,A,3
01CA7A36-7B8A-4A0B-A6A0-EC8112738E45,ABC,phase1,1,1,1,0,A,3
01D91AA7-EB95-4F8D-8067-5BC173EDCD77,ACC,phase2,1,236,43,193,A,3
01D91AA7-EB95-4F8D-8067-5BC173EDCD77,ACC,phase2,2,202,29,173,A,3
01D91AA7-EB95-4F8D-8067-5BC173EDCD77,ACC,phase2,3,116,28,88,C,10
01D91AA7-EB95-4F8D-8067-5BC173EDCD77,ACC,phase2,4,122,40,82,C,10
01D91AA7-EB95-4F8D-8067-5BC173EDCD77,ACC,phase2,5,152,22,130,C,10
01D91AA7-EB95-4F8D-8067-5BC173EDCD77,ACC,phase2,6,185,45,140,C,10
01F9651C-0107-4FF7-93DA-FF00C616D5FF,ACC,phase2,1,1,1,0,A,3
0211D548-9B16-495C-AA6E-CF5FF98B3692,ABC,phase1,1,3,2,1,A,3
0238F5D6-441C-4331-BE20-F9214D7CD108,BCC,phase1,1,64,12,52,B,6
0238F5D6-441C-4331-BE20-F9214D7CD108,BCC,phase1,2,48,18,30,B,6
0238F5D6-441C-4331-BE20-F9214D7CD108,BCC,phase1,3,42,8,34,C,10
0238F5D6-441C-4331-BE20-F9214D7CD108,BCC,phase1,4,35,8,27,C,10
023DF4AC-FC89-425C-B5BD-4077536AF4EF,ABC,phase2,1,53,7,46,A,3
023DF4AC-FC89-425C-B5BD-4077536AF4EF,ABC,phase2,2,216,8,208,A,3
023DF4AC-FC89-425C-B5BD-4077536AF4EF,ABC,phase2,3,28,3,25,B,6
023DF4AC-FC89-425C-B5BD-4077536AF4EF,ABC,phase2,4,63,5,58,B,6
023DF4AC-FC89-425C-B5BD-4077536AF4EF,ABC,phase2,5,100,14,86,C,10
02506D86-A941-4DA4-8FD0-178B1EB4B0D6,BCC,phase2,1,81,53,28,B,6
02506D86-A941-4DA4-8FD0-178B1EB4B0D6,BCC,phase2,2,73,30,43,B,6
02506D86-A941-4DA4-8FD0-178B1EB4B0D6,BCC,phase2,3,82,35,47,C,10
02506D86-A941-4DA4-8FD0-178B1EB4B0D6,BCC,phase2,4,16,5,11,C,10
02B5712B-6C6C-474B-AB29-8BE15CAA4185,BCC,phase2,1,17,12,5,B,6
02B5712B-6C6C-474B-AB29-8BE15CAA4185,BCC,phase2,2,24,6,18,B,6
02B5712B-6C6C-474B-AB29-8BE15CAA4185,BCC,phase2,3,35,15,20,C,10
02B5712B-6C6C-474B-AB29-8BE15CAA4185,BCC,phase2,4,12,6,6,C,10
02B5712B-6C6C-474B-AB29-8BE15CAA4185,BCC,phase2,5,9,3,6,C,10
036CE412-FFB3-40FC-BE2A-B15CB8A4E5BF,BCC,phase2,1,3,0,3,B,6
036CE412-FFB3-40FC-BE2A-B15CB8A4E5BF,BCC,phase2,2,0,0,0,B,6
036CE412-FFB3-40FC-BE2A-B15CB8A4E5BF,BCC,phase2,3,2,0,2,C,10
036CE412-FFB3-40FC-BE2A-B15CB8A4E5BF,BCC,phase2,4,0,0,0,C,10
036CE412-FFB3-40FC-BE2A-B15CB8A4E5BF,BCC,phase2,5,3,1,2,C,10
036D2F38-2CD6-491A-97AF-5C314BF1EE9C,ABC,phase1,1,259,109,150,A,3
036D2F38-2CD6-491A-97AF-5C314BF1EE9C,ABC,phase1,2,209,54,155,A,3
036D2F38-2CD6-491A-97AF-5C314BF1EE9C,ABC,phase1,3,200,52,148,B,6
036D2F38-2CD6-491A-97AF-5C314BF1EE9C,ABC,phase1,4,181,51,130,B,6
036D2F38-2CD6-491A-97AF-5C314BF1EE9C,ABC,phase1,5,163,62,101,C,10
036D2F38-2CD6-491A-97AF-5C314BF1EE9C,ABC,phase1,6,105,40,65,C,10
03933B9C-393C-4F9A-8E33-E867064D90C0,BCC,phase1,1,462,144,318,B,6
03933B9C-393C-4F9A-8E33-E867064D90C0,BCC,phase1,2,240,53,187,B,6
03A0AA45-6926-44D5-BA2E-A67060C5B181,BCC,phase2,1,71,13,58,B,6
03A0AA45-6926-44D5-BA2E-A67060C5B181,BCC,phase2,2,26,3,23,B,6
03A0AA45-6926-44D5-BA2E-A67060C5B181,BCC,phase2,3,37,7,30,C,10
03A0AA45-6926-44D5-BA2E-A67060C5B181,BCC,phase2,4,41,4,37,C,10
03A0AA45-6926-44D5-BA2E-A67060C5B181,BCC,phase2,5,39,12,27,C,10
03A0AA45-6926-44D5-BA2E-A67060C5B181,BCC,phase2,6,8,1,7,C,10
046636CA-EAA0-42A1-81C3-D75FBE7609FD,CCC,phase2,1,1,1,0,C,10
04EFF03C-1450-414E-9BBC-FB502ACE06E9,CCC,phase2,1,228,146,82,C,10
04EFF03C-1450-414E-9BBC-FB502ACE06E9,CCC,phase2,2,170,76,94,C,10
04EFF03C-1450-414E-9BBC-FB502ACE06E9,CCC,phase2,3,150,64,86,C,10
04EFF03C-1450-414E-9BBC-FB502ACE06E9,CCC,phase2,4,192,68,124,C,10
04EFF03C-1450-414E-9BBC-FB502ACE06E9,CCC,phase2,5,102,28,74,C,10
052B7C79-3A8D-47E7-9EE7-168F5B17A40E,ACC,phase2,1,109,51,58,A,3
05583123-14C3-41DC-9316-08EE14A417D2,CCC,phase1,1,89,33,56,C,10
05583123-14C3-41DC-9316-08EE14A417D2,CCC,phase1,2,45,14,31,C,10
05583123-14C3-41DC-9316-08EE14A417D2,CCC,phase1,3,72,18,54,C,10
05583123-14C3-41DC-9316-08EE14A417D2,CCC,phase1,4,94,19,75,C,10
05583123-14C3-41DC-9316-08EE14A417D2,CCC,phase1,5,33,10,23,C,10
05583123-14C3-41DC-9316-08EE14A417D2,CCC,phase1,6,21,4,17,C,10
05A32404-68DA-44BE-889D-BE7328E22E7F,ABC,phase2,1,5,0,5,A,3
05A4EE97-3CC5-47AC-B311-23BA78B2AE51,ACC,phase2,1,159,54,105,A,3
05A4EE97-3CC5-47AC-B311-23BA78B2AE51,ACC,phase2,2,189,61,128,A,3
05A4EE97-3CC5-47AC-B311-23BA78B2AE51,ACC,phase2,3,149,55,94,C,10
05A4EE97-3CC5-47AC-B311-23BA78B2AE51,ACC,phase2,4,96,36,60,C,10
0608D78E-CFE6-4930-BC6F-A20045403487,ACC,phase1,1,1,0,1,A,3
0627DA7C-E81E-4C7D-B373-859BFFA64A1C,ABC,phase1,1,40,6,34,A,3
06708BAE-EA94-4B94-9361-F785AB8796F3,CCC,phase2,1,68,9,59,C,10
06708BAE-EA94-4B94-9361-F785AB8796F3,CCC,phase2,2,19,2,17,C,10
06AFEC6B-AF62-408B-81FA-252E06D09101,CCC,phase1,1,22,14,8,C,10
06AFEC6B-AF62-408B-81FA-252E06D09101,CCC,phase1,2,13,6,7,C,10
06AFEC6B-AF62-408B-81FA-252E06D09101,CCC,phase1,3,6,2,4,C,10
06AFEC6B-AF62-408B-81FA-252E06D09101,CCC,phase1,4,25,13,12,C,10
06AFEC6B-AF62-408B-81FA-252E06D09101,CCC,phase1,5,5,1,4,C,10
06B3245D-3A98-4532-A940-4A9B6FB63110,ACC,phase2,1,1,1,0,A,3
06D5BE75-1367-4AB8-B3E7-FD59D48C5758,ABC,phase1,1,90,17,73,A,3
06D5BE75-1367-4AB8-B3E7-FD59D48C5758,ABC,phase1,2,37,3,34,A,3
06D5BE75-1367-4AB8-B3E7-FD59D48C5758,ABC,phase1,3,47,7,40,B,6
06D5BE75-1367-4AB8-B3E7-FD59D48C5758,ABC,phase1,4,62,6,56,B,6
06D5BE75-1367-4AB8-B3E7-FD59D48C5758,ABC,phase1,5,68,11,57,C,10
071D6521-6D57-4182-8514-DDED20763219,ACC,phase1,1,1,0,1,A,3
074963FC-A995-4B9F-8897-24FDE24D7ABC,BCC,phase1,1,16,1,15,B,6
074963FC-A995-4B9F-8897-24FDE24D7ABC,BCC,phase1,2,13,0,13,B,6
074963FC-A995-4B9F-8897-24FDE24D7ABC,BCC,phase1,3,7,0,7,C,10
074963FC-A995-4B9F-8897-24FDE24D7ABC,BCC,phase1,4,9,0,9,C,10
074963FC-A995-4B9F-8897-24FDE24D7ABC,BCC,phase1,5,7,0,7,C,10
0769750B-1428-433B-A1AB-0EBBA3138E58,ACC,phase2,1,351,37,314,A,3
0769750B-1428-433B-A1AB-0EBBA3138E58,ACC,phase2,2,329,38,291,A,3
0769750B-1428-433B-A1AB-0EBBA3138E58,ACC,phase2,3,57,16,41,C,10
076B0455-CEF7-412D-9C81-DA080DE6FCF4,ABC,phase1,1,1,1,0,A,3
07B0E1DC-3EAB-4FA0-9DD9-B9B72E8FBEED,BCC,phase1,1,72,37,35,B,6
07B0E1DC-3EAB-4FA0-9DD9-B9B72E8FBEED,BCC,phase1,2,70,16,54,B,6
07B0E1DC-3EAB-4FA0-9DD9-B9B72E8FBEED,BCC,phase1,3,22,5,17,C,10
07CADC33-9043-4ED2-9466-27E019884902,CCC,phase1,1,2,1,1,C,10
0800589C-408C-4D1B-BEEC-B7F03B4BC5CE,ABC,phase1,1,241,103,138,A,3
0800589C-408C-4D1B-BEEC-B7F03B4BC5CE,ABC,phase1,2,182,62,120,A,3
0800589C-408C-4D1B-BEEC-B7F03B4BC5CE,ABC,phase1,3,169,65,104,B,6
0800589C-408C-4D1B-BEEC-B7F03B4BC5CE,ABC,phase1,4,167,70,97,B,6
0800589C-408C-4D1B-BEEC-B7F03B4BC5CE,ABC,phase1,5,211,85,126,C,10
0800589C-408C-4D1B-BEEC-B7F03B4BC5CE,ABC,phase1,6,179,68,111,C,10
080ED80E-2818-4BD5-BF97-A37485DA693B,CCC,phase2,1,63,12,51,C,10
080ED80E-2818-4BD5-BF97-A37485DA693B,CCC,phase2,2,51,7,44,C,10
080ED80E-2818-4BD5-BF97-A37485DA693B,CCC,phase2,3,38,4,34,C,10
080ED80E-2818-4BD5-BF97-A37485DA693B,CCC,phase2,4,13,3,10,C,10
081030D0-98E2-4EDF-A753-4B59D2F9A0C4,BCC,phase1,1,1,1,0,B,6
08104AE3-16F5-4BA2-9850-5DB6A355F034,CCC,phase1,1,147,70,77,C,10
08104AE3-16F5-4BA2-9850-5DB6A355F034,CCC,phase1,2,93,31,62,C,10
08104AE3-16F5-4BA2-9850-5DB6A355F034,CCC,phase1,3,97,21,76,C,10
08104AE3-16F5-4BA2-9850-5DB6A355F034,CCC,phase1,4,44,14,30,C,10
08246CBA-3330-4816-A999-8EE781BEAAA5,ACC,phase1,1,1,1,0,A,3
08282A27-E37E-4781-AA5D-D29F965EC882,ABC,phase2,1,39,11,28,A,3
082F3BFA-9052-4730-9879-93447510F2B9,CCC,phase2,1,140,60,80,C,10
08425063-F269-49B5-8690-A797AD8E37F6,BCC,phase2,1,141,48,93,B,6
08425063-F269-49B5-8690-A797AD8E37F6,BCC,phase2,2,86,41,45,B,6
08425063-F269-49B5-8690-A797AD8E37F6,BCC,phase2,3,89,30,59,C,10
08425063-F269-49B5-8690-A797AD8E37F6,BCC,phase2,4,37,9,28,C,10
08425063-F269-49B5-8690-A797AD8E37F6,BCC,phase2,5,36,7,29,C,10
08425063-F269-49B5-8690-A797AD8E37F6,BCC,phase2,6,42,10,32,C,10
087B5662-E897-4836-AD04-83B3E366FCB4,CCC,phase2,1,12,0,12,C,10
087B5662-E897-4836-AD04-83B3E366FCB4,CCC,phase2,2,42,4,38,C,10
087B5662-E897-4836-AD04-83B3E366FCB4,CCC,phase2,3,37,2,35,C,10
087B5662-E897-4836-AD04-83B3E366FCB4,CCC,phase2,4,32,1,31,C,10
087B5662-E897-4836-AD04-83B3E366FCB4,CCC,phase2,5,40,3,37,C,10
087B5662-E897-4836-AD04-83B3E366FCB4,CCC,phase2,6,5,0,5,C,10
08E83A4F-DBEA-48A2-A9E3-151707F2D8FD,ABC,phase1,1,20,11,9,A,3
0906B557-9D43-4A96-8DCA-4E675A61BABA,ACC,phase2,1,7,5,2,A,3
090D1044-EBD9-4273-80E8-BDEB2995BF95,ABC,phase1,1,2,2,0,A,3
091EAB99-84AB-4748-86E2-544962CF1B77,ACC,phase2,1,6,2,4,A,3
094212C3-40F5-409A-9908-A228FE9FF2A1,ABC,phase1,1,43,9,34,A,3
094212C3-40F5-409A-9908-A228FE9FF2A1,ABC,phase1,2,52,12,40,A,3
094212C3-40F5-409A-9908-A228FE9FF2A1,ABC,phase1,3,58,13,45,B,6
094212C3-40F5-409A-9908-A228FE9FF2A1,ABC,phase1,4,42,4,38,B,6
094212C3-40F5-409A-9908-A228FE9FF2A1,ABC,phase1,5,42,13,29,C,10
094212C3-40F5-409A-9908-A228FE9FF2A1,ABC,phase1,6,40,13,27,C,10
094E6B06-D5F3-4D18-8EED-5DC04940590F,ACC,phase1,1,61,25,36,A,3
094E6B06-D5F3-4D18-8EED-5DC04940590F,ACC,phase1,2,81,12,69,A,3
094E6B06-D5F3-4D18-8EED-5DC04940590F,ACC,phase1,3,56,14,42,C,10
094E6B06-D5F3-4D18-8EED-5DC04940590F,ACC,phase1,4,73,20,53,C,10
094E6B06-D5F3-4D18-8EED-5DC04940590F,ACC,phase1,5,62,9,53,C,10
094E6B06-D5F3-4D18-8EED-5DC04940590F,ACC,phase1,6,78,16,62,C,10
0950A27A-93B2-4E52-A21A-4F0307A96950,ACC,phase1,1,30,8,22,A,3
0950A27A-93B2-4E52-A21A-4F0307A96950,ACC,phase1,2,28,3,25,A,3
0950A27A-93B2-4E52-A21A-4F0307A96950,ACC,phase1,3,20,1,19,C,10
0950A27A-93B2-4E52-A21A-4F0307A96950,ACC,phase1,4,15,4,11,C,10
0950A27A-93B2-4E52-A21A-4F0307A96950,ACC,phase1,5,12,2,10,C,10
0950A27A-93B2-4E52-A21A-4F0307A96950,ACC,phase1,6,9,1,8,C,10
097A7465-3B53-4E36-9F08-62CE8B957FB1,CCC,phase2,1,362,175,187,C,10
097A7465-3B53-4E36-9F08-62CE8B957FB1,CCC,phase2,2,330,111,219,C,10
097A7465-3B53-4E36-9F08-62CE8B957FB1,CCC,phase2,3,314,108,206,C,10
097A7465-3B53-4E36-9F08-62CE8B957FB1,CCC,phase2,4,301,82,219,C,10
097A7465-3B53-4E36-9F08-62CE8B957FB1,CCC,phase2,5,343,94,249,C,10
097A7465-3B53-4E36-9F08-62CE8B957FB1,CCC,phase2,6,380,149,231,C,10
09B76E84-8A83-48D1-AADF-92B4C23024F0,CCC,phase1,1,1,1,0,C,10
09D02DA0-8CA6-4E02-8186-344F612A8961,CCC,phase2,1,106,30,76,C,10
09D02DA0-8CA6-4E02-8186-344F612A8961,CCC,phase2,2,95,12,83,C,10
09D02DA0-8CA6-4E02-8186-344F612A8961,CCC,phase2,3,106,15,91,C,10
09D02DA0-8CA6-4E02-8186-344F612A8961,CCC,phase2,4,11,0,11,C,10
09ED779E-8B5E-4AC2-A722-3E882025EEB5,BCC,phase2,1,25,4,21,B,6
09ED779E-8B5E-4AC2-A722-3E882025EEB5,BCC,phase2,2,18,1,17,B,6
09ED779E-8B5E-4AC2-A722-3E882025EEB5,BCC,phase2,3,17,0,17,C,10
09ED779E-8B5E-4AC2-A722-3E882025EEB5,BCC,phase2,4,14,1,13,C,10
09ED779E-8B5E-4AC2-A722-3E882025EEB5,BCC,phase2,5,14,1,13,C,10
09ED779E-8B5E-4AC2-A722-3E882025EEB5,BCC,phase2,6,1,0,1,C,10
09FD4CD0-609E-4502-9970-9DF87E095694,ACC,phase1,1,248,52,196,A,3
09FD4CD0-609E-4502-9970-9DF87E095694,ACC,phase1,2,276,40,236,A,3
09FD4CD0-609E-4502-9970-9DF87E095694,ACC,phase1,3,48,15,33,C,10
0A39AE5E-7A31-4A89-BCDE-B9C2879244D4,CCC,phase1,1,508,225,283,C,10
0A39AE5E-7A31-4A89-BCDE-B9C2879244D4,CCC,phase1,2,488,78,410,C,10
0A39AE5E-7A31-4A89-BCDE-B9C2879244D4,CCC,phase1,3,368,54,314,C,10
0A39AE5E-7A31-4A89-BCDE-B9C2879244D4,CCC,phase1,4,418,51,367,C,10
0A39AE5E-7A31-4A89-BCDE-B9C2879244D4,CCC,phase1,5,345,37,308,C,10
0A55E3AA-F124-4786-83C3-DB9EE909FF9D,BCC,phase2,1,36,11,25,B,6
0A55E3AA-F124-4786-83C3-DB9EE909FF9D,BCC,phase2,2,54,10,44,B,6
0A55E3AA-F124-4786-83C3-DB9EE909FF9D,BCC,phase2,3,46,11,35,C,10
0A55E3AA-F124-4786-83C3-DB9EE909FF9D,BCC,phase2,4,26,5,21,C,10
0A55E3AA-F124-4786-83C3-DB9EE909FF9D,BCC,phase2,5,24,3,21,C,10
0A55E3AA-F124-4786-83C3-DB9EE909FF9D,BCC,phase2,6,56,10,46,C,10
0A702AC1-E8EE-4EA1-A8A2-5284E6F93B27,ACC,phase1,1,91,69,22,A,3
0A702AC1-E8EE-4EA1-A8A2-5284E6F93B27,ACC,phase1,2,94,58,36,A,3
0A702AC1-E8EE-4EA1-A8A2-5284E6F93B27,ACC,phase1,3,80,52,28,C,10
0A702AC1-E8EE-4EA1-A8A2-5284E6F93B27,ACC,phase1,4,93,69,24,C,10
0A702AC1-E8EE-4EA1-A8A2-5284E6F93B27,ACC,phase1,5,66,35,31,C,10
0A702AC1-E8EE-4EA1-A8A2-5284E6F93B27,ACC,phase1,6,46,25,21,C,10
0A718189-464E-43B8-8D10-A4B57F4CA80A,BCC,phase2,1,63,3,60,B,6
0A718189-464E-43B8-8D10-A4B57F4CA80A,BCC,phase2,2,68,9,59,B,6
0A718189-464E-43B8-8D10-A4B57F4CA80A,BCC,phase2,3,32,2,30,C,10
0ABC0BE0-23A3-4C64-91EB-DF601EF2F91A,CCC,phase1,1,1,1,0,C,10
0ABC8EE0-266F-4702-A79F-315D0D50A449,ABC,phase2,1,349,114,235,A,3
0AD6A425-E20E-48C9-A221-51B580F4D5C2,ACC,phase2,1,306,55,251,A,3
0AD6A425-E20E-48C9-A221-51B580F4D5C2,ACC,phase2,2,303,53,250,A,3
0AD6A425-E20E-48C9-A221-51B580F4D5C2,ACC,phase2,3,301,85,216,C,10
0AD6A425-E20E-48C9-A221-51B580F4D5C2,ACC,phase2,4,258,69,189,C,10
0AD6A425-E20E-48C9-A221-51B580F4D5C2,ACC,phase2,5,218,49,169,C,10
0AD6A425-E20E-48C9-A221-51B580F4D5C2,ACC,phase2,6,252,44,208,C,10
0B12773E-D73D-4155-B70A-ADEBEA949938,BCC,phase1,1,80,51,29,B,6
0B12773E-D73D-4155-B70A-ADEBEA949938,BCC,phase1,2,60,27,33,B,6
0B12773E-D73D-4155-B70A-ADEBEA949938,BCC,phase1,3,47,18,29,C,10
0B12773E-D73D-4155-B70A-ADEBEA949938,BCC,phase1,4,63,18,45,C,10
0B12773E-D73D-4155-B70A-ADEBEA949938,BCC,phase1,5,31,6,25,C,10
0B12773E-D73D-4155-B70A-ADEBEA949938,BCC,phase1,6,30,10,20,C,10
0B17C973-CE31-49C3-A25C-59148F930FC2,ACC,phase2,1,159,34,125,A,3
0B17C973-CE31-49C3-A25C-59148F930FC2,ACC,phase2,2,152,34,118,A,3
0B17C973-CE31-49C3-A25C-59148F930FC2,ACC,phase2,3,100,19,81,C,10
0B17C973-CE31-49C3-A25C-59148F930FC2,ACC,phase2,4,14,4,10,C,10
0B3D678F-9BA5-4678-8BAD-FED0BED9F250,CCC,phase1,1,34,19,15,C,10
0B3D678F-9BA5-4678-8BAD-FED0BED9F250,CCC,phase1,2,10,4,6,C,10
0B3DE12C-12BC-41B0-A9E8-0167BC3F650A,ABC,phase1,1,191,40,151,A,3
0B3DE12C-12BC-41B0-A9E8-0167BC3F650A,ABC,phase1,2,184,54,130,A,3
0B3DE12C-12BC-41B0-A9E8-0167BC3F650A,ABC,phase1,3,18,2,16,B,6
0B6BBBBD-3A1C-4876-818C-B40FD1E7652A,BCC,phase1,1,413,78,335,B,6
0B6BBBBD-3A1C-4876-818C-B40FD1E7652A,BCC,phase1,2,413,57,356,B,6
0B6BBBBD-3A1C-4876-818C-B40FD1E7652A,BCC,phase1,3,421,93,328,C,10
0B6BBBBD-3A1C-4876-818C-B40FD1E7652A,BCC,phase1,4,12,5,7,C,10
0B9366B5-9DDA-4E0C-852E-036521274190,ACC,phase2,1,21,5,16,A,3
0B9366B5-9DDA-4E0C-852E-036521274190,ACC,phase2,2,15,0,15,A,3
0C182804-100E-42A4-A555-EE42831C723E,ACC,phase2,1,1,1,0,A,3
0C853927-71A2-494B-99BF-74288B00A620,ABC,phase1,1,58,11,47,A,3
0C853927-71A2-494B-99BF-74288B00A620,ABC,phase1,2,6,1,5,A,3
0C8CC910-8484-46EC-A5E5-7C329A72646B,CCC,phase1,1,183,71,112,C,10
0C8CC910-8484-46EC-A5E5-7C329A72646B,CCC,phase1,2,127,58,69,C,10
0C90C9AE-15D2-4E38-AF39-94B3B423633A,ABC,phase1,1,46,39,7,A,3
0CAAC63B-C1C1-4D98-AB0C-7B931B57A4F4,ACC,phase2,1,217,37,180,A,3
0CAAC63B-C1C1-4D98-AB0C-7B931B57A4F4,ACC,phase2,2,98,14,84,A,3
0CAAC63B-C1C1-4D98-AB0C-7B931B57A4F4,ACC,phase2,3,53,14,39,C,10
0CB0A9E3-D862-4CC8-8C07-5758147797AA,CCC,phase2,1,1,1,0,C,10
0CC72100-535E-43A0-A184-C5303D0B5BC0,CCC,phase1,1,63,28,35,C,10
0CD2C236-944D-4808-8F89-4D4A7FB5B5D7,CCC,phase2,1,35,10,25,C,10
0CD2C236-944D-4808-8F89-4D4A7FB5B5D7,CCC,phase2,2,27,5,22,C,10
0CD2C236-944D-4808-8F89-4D4A7FB5B5D7,CCC,phase2,3,31,4,27,C,10
0CD2C236-944D-4808-8F89-4D4A7FB5B5D7,CCC,phase2,4,20,4,16,C,10
0CD2C236-944D-4808-8F89-4D4A7FB5B5D7,CCC,phase2,5,21,4,17,C,10
0CD5ACB5-CD8D-4887-96C4-35F00F7EAB78,CCC,phase2,1,85,22,63,C,10
0CD5ACB5-CD8D-4887-96C4-35F00F7EAB78,CCC,phase2,2,60,12,48,C,10
0CD5ACB5-CD8D-4887-96C4-35F00F7EAB78,CCC,phase2,3,51,9,42,C,10
0CD5ACB5-CD8D-4887-96C4-35F00F7EAB78,CCC,phase2,4,68,14,54,C,10
0CD5ACB5-CD8D-4887-96C4-35F00F7EAB78,CCC,phase2,5,28,6,22,C,10
0CD5ACB5-CD8D-4887-96C4-35F00F7EAB78,CCC,phase2,6,58,11,47,C,10
0D3B7ED4-92A8-4ACB-8B2B-6E944EF5E9AA,BCC,phase1,1,210,121,89,B,6
0D3B7ED4-92A8-4ACB-8B2B-6E944EF5E9AA,BCC,phase1,2,127,33,94,B,6
0D3B7ED4-92A8-4ACB-8B2B-6E944EF5E9AA,BCC,phase1,3,162,45,117,C,10
0D3B7ED4-92A8-4ACB-8B2B-6E944EF5E9AA,BCC,phase1,4,142,33,109,C,10
0D3E3081-A3BB-4782-A762-C8B8E14562A1,CCC,phase2,1,163,90,73,C,10
0D3E3081-A3BB-4782-A762-C8B8E14562A1,CCC,phase2,2,167,77,90,C,10
0D3E3081-A3BB-4782-A762-C8B8E14562A1,CCC,phase2,3,193,97,96,C,10
0D3E3081-A3BB-4782-A762-C8B8E14562A1,CCC,phase2,4,207,95,112,C,10
0D3E3081-A3BB-4782-A762-C8B8E14562A1,CCC,phase2,5,140,79,61,C,10
0D6C24EC-E9C0-433D-832E-6DD7488BC03C,ABC,phase1,1,127,41,86,A,3
0D93E1E6-DF32-4F38-85B3-0E4C7B44F74B,CCC,phase1,1,65,17,48,C,10
0E343B0A-90DE-4F9C-9353-E5A270B396D9,CCC,phase1,1,235,131,104,C,10
0E343B0A-90DE-4F9C-9353-E5A270B396D9,CCC,phase1,2,148,75,73,C,10
0E343B0A-90DE-4F9C-9353-E5A270B396D9,CCC,phase1,3,70,35,35,C,10
0E343B0A-90DE-4F9C-9353-E5A270B396D9,CCC,phase1,4,116,40,76,C,10
0E343B0A-90DE-4F9C-9353-E5A270B396D9,CCC,phase1,5,60,25,35,C,10
0E343B0A-90DE-4F9C-9353-E5A270B396D9,CCC,phase1,6,124,38,86,C,10
0E3D0D20-7225-49FF-90C9-065691BFE4D4,ACC,phase2,1,79,34,45,A,3
0E3D0D20-7225-49FF-90C9-065691BFE4D4,ACC,phase2,2,48,16,32,A,3
0E3D0D20-7225-49FF-90C9-065691BFE4D4,ACC,phase2,3,28,5,23,C,10
0E56FC97-E57D-444C-83B1-F26598039C64,CCC,phase2,1,63,5,58,C,10
0E56FC97-E57D-444C-83B1-F26598039C64,CCC,phase2,2,1,1,0,C,10
0E5CEB7A-449E-4018-B2A5-6CCD290C1AD9,ACC,phase2,1,70,7,63,A,3
0E801075-AC61-4E0A-89AE-B5528E4AC016,BCC,phase1,1,1,1,0,B,6
0EA71549-5A68-4BF5-B2A5-02773C69F7EF,ACC,phase2,1,16,12,4,A,3
0EA71549-5A68-4BF5-B2A5-02773C69F7EF,ACC,phase2,2,1,1,0,A,3
0EBAF11F-290E-4AB5-AA96-4DC494EC721A,ACC,phase2,1,78,4,74,A,3
0EBAF11F-290E-4AB5-AA96-4DC494EC721A,ACC,phase2,2,87,3,84,A,3
0EBAF11F-290E-4AB5-AA96-4DC494EC721A,ACC,phase2,3,64,4,60,C,10
0EBAF11F-290E-4AB5-AA96-4DC494EC721A,ACC,phase2,4,102,7,95,C,10
0EBAF11F-290E-4AB5-AA96-4DC494EC721A,ACC,phase2,5,52,4,48,C,10
0EC0C0B7-249D-41A2-81D7-57EB5A041EA2,BCC,phase2,1,318,57,261,B,6
0EC0C0B7-249D-41A2-81D7-57EB5A041EA2,BCC,phase2,2,141,10,131,B,6
0EC0C0B7-249D-41A2-81D7-57EB5A041EA2,BCC,phase2,3,100,11,89,C,10
0F06659D-10BA-4A1C-AF5E-153850DFB89D,ACC,phase2,1,893,423,470,A,3
0F06659D-10BA-4A1C-AF5E-153850DFB89D,ACC,phase2,2,761,297,464,A,3
0F06659D-10BA-4A1C-AF5E-153850DFB89D,ACC,phase2,3,111,58,53,C,10
0F19138E-B333-415D-BF30-EBBA59D62B1B,ACC,phase2,1,135,71,64,A,3
0F19138E-B333-415D-BF30-EBBA59D62B1B,ACC,phase2,2,17,6,11,A,3
0F19138E-B333-415D-BF30-EBBA59D62B1B,ACC,phase2,3,4,1,3,C,10
0F4F9BB4-CF96-4C4E-A625-1403596FC2CF,ABC,phase2,1,203,104,99,A,3
0F4F9BB4-CF96-4C4E-A625-1403596FC2CF,ABC,phase2,2,52,22,30,A,3
0F4F9BB4-CF96-4C4E-A625-1403596FC2CF,ABC,phase2,3,92,22,70,B,6
0F4F9BB4-CF96-4C4E-A625-1403596FC2CF,ABC,phase2,4,266,100,166,B,6
0F4F9BB4-CF96-4C4E-A625-1403596FC2CF,ABC,phase2,5,109,34,75,C,10
0F4F9BB4-CF96-4C4E-A625-1403596FC2CF,ABC,phase2,6,21,7,14,C,10
0F855D34-649D-40EE-855E-AC3DB2E41920,ACC,phase1,1,92,15,77,A,3
0F855D34-649D-40EE-855E-AC3DB2E41920,ACC,phase1,2,131,17,114,A,3
0F855D34-649D-40EE-855E-AC3DB2E41920,ACC,phase1,3,28,4,24,C,10
0F855D34-649D-40EE-855E-AC3DB2E41920,ACC,phase1,4,11,0,11,C,10
0F855D34-649D-40EE-855E-AC3DB2E41920,ACC,phase1,5,35,4,31,C,10
0F855D34-649D-40EE-855E-AC3DB2E41920,ACC,phase1,6,104,12,92,C,10
102CD4BF-6488-4DD7-BB7D-6D014FDCDA72,CCC,phase1,1,138,62,76,C,10
102CD4BF-6488-4DD7-BB7D-6D014FDCDA72,CCC,phase1,2,89,30,59,C,10
102CD4BF-6488-4DD7-BB7D-6D014FDCDA72,CCC,phase1,3,87,19,68,C,10
102CD4BF-6488-4DD7-BB7D-6D014FDCDA72,CCC,phase1,4,54,13,41,C,10
102CD4BF-6488-4DD7-BB7D-6D014FDCDA72,CCC,phase1,5,56,6,50,C,10
102CD4BF-6488-4DD7-BB7D-6D014FDCDA72,CCC,phase1,6,105,7,98,C,10
1057AE4C-8958-4C12-8686-DD65BD86E8D8,ABC,phase2,1,341,111,230,A,3
1057AE4C-8958-4C12-8686-DD65BD86E8D8,ABC,phase2,2,271,68,203,A,3
1057AE4C-8958-4C12-8686-DD65BD86E8D8,ABC,phase2,3,127,37,90,B,6
105FDFC5-1D38-4FC3-BAA7-808FB35D5D15,ACC,phase1,1,140,44,96,A,3
105FDFC5-1D38-4FC3-BAA7-808FB35D5D15,ACC,phase1,2,128,32,96,A,3
105FDFC5-1D38-4FC3-BAA7-808FB35D5D15,ACC,phase1,3,109,27,82,C,10
105FDFC5-1D38-4FC3-BAA7-808FB35D5D15,ACC,phase1,4,228,45,183,C,10
105FDFC5-1D38-4FC3-BAA7-808FB35D5D15,ACC,phase1,5,122,14,108,C,10
105FDFC5-1D38-4FC3-BAA7-808FB35D5D15,ACC,phase1,6,139,13,126,C,10
1090E5DB-8AFE-4390-9A11-F5FA4480EBF5,ABC,phase1,1,272,90,182,A,3
1090E5DB-8AFE-4390-9A11-F5FA4480EBF5,ABC,phase1,2,128,52,76,A,3
1090E5DB-8AFE-4390-9A11-F5FA4480EBF5,ABC,phase1,3,238,78,160,B,6
1090E5DB-8AFE-4390-9A11-F5FA4480EBF5,ABC,phase1,4,160,62,98,B,6
1090E5DB-8AFE-4390-9A11-F5FA4480EBF5,ABC,phase1,5,238,97,141,C,10
1090E5DB-8AFE-4390-9A11-F5FA4480EBF5,ABC,phase1,6,217,91,126,C,10
10BEEC19-79F8-42D5-A5EB-BE68DB9EDBB5,BCC,phase1,1,1,1,0,B,6
10C1ABD6-7A8D-4C4D-9A49-FC3932EC25FE,ACC,phase2,1,1,0,1,A,3
10D83E51-874F-4106-A783-A6FA0D82CCFF,BCC,phase1,1,206,65,141,B,6
10D83E51-874F-4106-A783-A6FA0D82CCFF,BCC,phase1,2,160,41,119,B,6
10D83E51-874F-4106-A783-A6FA0D82CCFF,BCC,phase1,3,78,23,55,C,10
10D83E51-874F-4106-A783-A6FA0D82CCFF,BCC,phase1,4,59,16,43,C,10
10D83E51-874F-4106-A783-A6FA0D82CCFF,BCC,phase1,5,1,0,1,C,10
11274C22-1027-40E0-BE8F-8A15AA96A4D8,BCC,phase1,1,3,1,2,B,6
115DFA61-6629-4103-9587-C42EE45C13DB,ACC,phase1,1,1,1,0,A,3
1165EDA9-D507-4224-B69B-C189F7962585,BCC,phase1,1,1,1,0,B,6
11CE787E-2C5E-4BCF-B40D-604A9E05D2AC,ACC,phase2,1,97,37,60,A,3
11CE787E-2C5E-4BCF-B40D-604A9E05D2AC,ACC,phase2,2,43,10,33,A,3
11CE787E-2C5E-4BCF-B40D-604A9E05D2AC,ACC,phase2,3,20,9,11,C,10
11CE787E-2C5E-4BCF-B40D-604A9E05D2AC,ACC,phase2,4,46,12,34,C,10
11CE787E-2C5E-4BCF-B40D-604A9E05D2AC,ACC,phase2,5,76,22,54,C,10
11CE787E-2C5E-4BCF-B40D-604A9E05D2AC,ACC,phase2,6,2,1,1,C,10
12971997-9D5D-4955-815C-368065098F12,ABC,phase1,1,277,91,186,A,3
12971997-9D5D-4955-815C-368065098F12,ABC,phase1,2,209,42,167,A,3
12971997-9D5D-4955-815C-368065098F12,ABC,phase1,3,191,39,152,B,6
12971997-9D5D-4955-815C-368065098F12,ABC,phase1,4,215,43,172,B,6
12971997-9D5D-4955-815C-368065098F12,ABC,phase1,5,139,43,96,C,10
12971997-9D5D-4955-815C-368065098F12,ABC,phase1,6,97,30,67,C,10
12B21EEF-2FA4-4493-8CC1-3B7326CEFB36,CCC,phase1,1,1,1,0,C,10
12EB1AF0-8A64-4C2B-A2CC-451AA2CC4519,CCC,phase1,1,1,1,0,C,10
131416B6-3A3C-4ADF-BB36-1E46A0757A22,ACC,phase1,1,1,1,0,A,3
131DDFC7-066E-44EC-9038-C652D62A3EFC,BCC,phase2,1,6,0,6,B,6
131DDFC7-066E-44EC-9038-C652D62A3EFC,BCC,phase2,2,5,0,5,B,6
131DDFC7-066E-44EC-9038-C652D62A3EFC,BCC,phase2,3,9,0,9,C,10
131DDFC7-066E-44EC-9038-C652D62A3EFC,BCC,phase2,4,7,0,7,C,10
131DDFC7-066E-44EC-9038-C652D62A3EFC,BCC,phase2,5,5,0,5,C,10
13282DA5-8B33-43CC-8DF4-C64D4A7A6AA2,BCC,phase2,1,196,31,165,B,6
13282DA5-8B33-43CC-8DF4-C64D4A7A6AA2,BCC,phase2,2,109,7,102,B,6
13282DA5-8B33-43CC-8DF4-C64D4A7A6AA2,BCC,phase2,3,39,6,33,C,10
132891EB-3094-4897-88E6-93129AD1B9E3,ABC,phase1,1,1,0,1,A,3
1370218A-1DB9-4C04-BE0C-D708837051C0,CCC,phase1,1,1,0,1,C,10
13BAD8C1-A03E-4E37-8038-C8B5C746FD71,CCC,phase2,1,19,12,7,C,10
13BAD8C1-A03E-4E37-8038-C8B5C746FD71,CCC,phase2,2,12,4,8,C,10
13F54DA7-312B-492E-A237-E8A9DFA6ECA2,CCC,phase2,1,31,6,25,C,10
13F54DA7-312B-492E-A237-E8A9DFA6ECA2,CCC,phase2,2,23,9,14,C,10
13F54DA7-312B-492E-A237-E8A9DFA6ECA2,CCC,phase2,3,24,5,19,C,10
13F54DA7-312B-492E-A237-E8A9DFA6ECA2,CCC,phase2,4,21,2,19,C,10
14727A3E-0460-4CDC-AF83-8E2D0ECB16AA,CCC,phase2,1,170,71,99,C,10
14727A3E-0460-4CDC-AF83-8E2D0ECB16AA,CCC,phase2,2,211,69,142,C,10
14727A3E-0460-4CDC-AF83-8E2D0ECB16AA,CCC,phase2,3,113,31,82,C,10
14727A3E-0460-4CDC-AF83-8E2D0ECB16AA,CCC,phase2,4,115,53,62,C,10
14727A3E-0460-4CDC-AF83-8E2D0ECB16AA,CCC,phase2,5,85,29,56,C,10
14727A3E-0460-4CDC-AF83-8E2D0ECB16AA,CCC,phase2,6,83,30,53,C,10
14864EB0-DE88-4068-B950-22A9275383FE,CCC,phase2,1,15,9,6,C,10
14864EB0-DE88-4068-B950-22A9275383FE,CCC,phase2,2,14,7,7,C,10
14864EB0-DE88-4068-B950-22A9275383FE,CCC,phase2,3,4,3,1,C,10
14A925E8-D880-46BB-85DC-4976F91A5010,CCC,phase2,1,116,22,94,C,10
14A925E8-D880-46BB-85DC-4976F91A5010,CCC,phase2,2,116,22,94,C,10
14A925E8-D880-46BB-85DC-4976F91A5010,CCC,phase2,3,110,21,89,C,10
14A925E8-D880-46BB-85DC-4976F91A5010,CCC,phase2,4,40,8,32,C,10
14A925E8-D880-46BB-85DC-4976F91A5010,CCC,phase2,5,39,8,31,C,10
14A925E8-D880-46BB-85DC-4976F91A5010,CCC,phase2,6,37,12,25,C,10
14AC0E59-50B6-467B-8DE2-165CB20E504E,BCC,phase2,1,21,3,18,B,6
14AC0E59-50B6-467B-8DE2-165CB20E504E,BCC,phase2,2,21,1,20,B,6
1501FA03-7BCE-4E4A-B60A-AA86AE04D74D,ABC,phase2,1,46,2,44,A,3
1501FA03-7BCE-4E4A-B60A-AA86AE04D74D,ABC,phase2,2,8,0,8,A,3
1506C8D9-6DF9-4CA3-92B4-493EF25385D8,ABC,phase1,1,242,83,159,A,3
1506C8D9-6DF9-4CA3-92B4-493EF25385D8,ABC,phase1,2,189,71,118,A,3
1506C8D9-6DF9-4CA3-92B4-493EF25385D8,ABC,phase1,3,194,62,132,B,6
1506C8D9-6DF9-4CA3-92B4-493EF25385D8,ABC,phase1,4,185,47,138,B,6
1506C8D9-6DF9-4CA3-92B4-493EF25385D8,ABC,phase1,5,189,64,125,C,10
1506C8D9-6DF9-4CA3-92B4-493EF25385D8,ABC,phase1,6,108,33,75,C,10
15109F39-3C0C-461B-927A-6FD5F942DA9F,ACC,phase1,1,47,19,28,A,3
15109F39-3C0C-461B-927A-6FD5F942DA9F,ACC,phase1,2,75,30,45,A,3
15109F39-3C0C-461B-927A-6FD5F942DA9F,ACC,phase1,3,112,29,83,C,10
15109F39-3C0C-461B-927A-6FD5F942DA9F,ACC,phase1,4,131,38,93,C,10
15109F39-3C0C-461B-927A-6FD5F942DA9F,ACC,phase1,5,73,13,60,C,10
15109F39-3C0C-461B-927A-6FD5F942DA9F,ACC,phase1,6,61,16,45,C,10
152F4D19-7E8A-4B4F-AB15-60ADB12BFF7E,ABC,phase2,1,1,0,1,A,3
1536F003-45AC-4433-9779-02782EEB91BE,CCC,phase1,1,97,33,64,C,10
1536F003-45AC-4433-9779-02782EEB91BE,CCC,phase1,2,96,25,71,C,10
1536F003-45AC-4433-9779-02782EEB91BE,CCC,phase1,3,132,37,95,C,10
1536F003-45AC-4433-9779-02782EEB91BE,CCC,phase1,4,157,27,130,C,10
1536F003-45AC-4433-9779-02782EEB91BE,CCC,phase1,5,107,40,67,C,10
1536F003-45AC-4433-9779-02782EEB91BE,CCC,phase1,6,32,13,19,C,10
1581F1F6-341D-4D41-901B-99654CD61CF7,BCC,phase1,1,413,144,269,B,6
1581F1F6-341D-4D41-901B-99654CD61CF7,BCC,phase1,2,264,64,200,B,6
1581F1F6-341D-4D41-901B-99654CD61CF7,BCC,phase1,3,268,83,185,C,10
1581F1F6-341D-4D41-901B-99654CD61CF7,BCC,phase1,4,207,63,144,C,10
1581F1F6-341D-4D41-901B-99654CD61CF7,BCC,phase1,5,220,59,161,C,10
1581F1F6-341D-4D41-901B-99654CD61CF7,BCC,phase1,6,331,86,245,C,10
1585AF11-FC0E-4573-A8D2-EEAE080561D7,CCC,phase1,1,1,1,0,C,10
15946FC7-508E-4FBC-8819-8D2A4AC88DC7,ABC,phase1,1,572,150,422,A,3
15946FC7-508E-4FBC-8819-8D2A4AC88DC7,ABC,phase1,2,23,13,10,A,3
15AE2C46-AD83-4DEE-AA06-F6F3985E8A9C,CCC,phase2,1,156,43,113,C,10
15AE2C46-AD83-4DEE-AA06-F6F3985E8A9C,CCC,phase2,2,129,21,108,C,10
15AE2C46-AD83-4DEE-AA06-F6F3985E8A9C,CCC,phase2,3,111,8,103,C,10
15AE2C46-AD83-4DEE-AA06-F6F3985E8A9C,CCC,phase2,4,7,0,7,C,10
160F88FC-4D8C-4737-8C1A-27DED0E88473,CCC,phase2,1,43,14,29,C,10
1646C966-6FAA-4B62-A560-3C7A3861FE8B,BCC,phase1,1,1,0,1,B,6
164C5283-F59B-482A-9377-45C71B91B698,CCC,phase2,1,95,20,75,C,10
164C5283-F59B-482A-9377-45C71B91B698,CCC,phase2,2,78,13,65,C,10
164C5283-F59B-482A-9377-45C71B91B698,CCC,phase2,3,71,24,47,C,10
164C5283-F59B-482A-9377-45C71B91B698,CCC,phase2,4,8,4,4,C,10
165823D3-6535-4BE5-80E5-EB14317E5597,ACC,phase2,1,239,35,204,A,3
165823D3-6535-4BE5-80E5-EB14317E5597,ACC,phase2,2,206,12,194,A,3
165823D3-6535-4BE5-80E5-EB14317E5597,ACC,phase2,3,54,9,45,C,10
165823D3-6535-4BE5-80E5-EB14317E5597,ACC,phase2,4,2,0,2,C,10
165823D3-6535-4BE5-80E5-EB14317E5597,ACC,phase2,5,18,1,17,C,10
165823D3-6535-4BE5-80E5-EB14317E5597,ACC,phase2,6,7,0,7,C,10
166320F5-1BEE-475F-97FC-C48F5A64374C,BCC,phase1,1,167,50,117,B,6
166320F5-1BEE-475F-97FC-C48F5A64374C,BCC,phase1,2,65,13,52,B,6
166320F5-1BEE-475F-97FC-C48F5A64374C,BCC,phase1,3,102,32,70,C,10
166320F5-1BEE-475F-97FC-C48F5A64374C,BCC,phase1,4,85,33,52,C,10
166320F5-1BEE-475F-97FC-C48F5A64374C,BCC,phase1,5,74,21,53,C,10
166320F5-1BEE-475F-97FC-C48F5A64374C,BCC,phase1,6,47,16,31,C,10
167793D1-8428-49EF-A520-0203455A9DBB,BCC,phase1,1,1,0,1,B,6
16F62DB4-B48E-4BD2-917F-9BDEE1BD28B6,ACC,phase1,1,93,21,72,A,3
16F62DB4-B48E-4BD2-917F-9BDEE1BD28B6,ACC,phase1,2,60,5,55,A,3
16F62DB4-B48E-4BD2-917F-9BDEE1BD28B6,ACC,phase1,3,56,6,50,C,10
16F62DB4-B48E-4BD2-917F-9BDEE1BD28B6,ACC,phase1,4,39,6,33,C,10
16F62DB4-B48E-4BD2-917F-9BDEE1BD28B6,ACC,phase1,5,34,1,33,C,10
16F62DB4-B48E-4BD2-917F-9BDEE1BD28B6,ACC,phase1,6,29,0,29,C,10
1756DB1D-7CF3-4E18-953B-E5F257E662BB,BCC,phase1,1,1,1,0,B,6
17605EE3-F283-4936-A8A1-04F1A0E9D491,ABC,phase1,1,51,7,44,A,3
17605EE3-F283-4936-A8A1-04F1A0E9D491,ABC,phase1,2,69,6,63,A,3
17605EE3-F283-4936-A8A1-04F1A0E9D491,ABC,phase1,3,53,9,44,B,6
17605EE3-F283-4936-A8A1-04F1A0E9D491,ABC,phase1,4,80,8,72,B,6
17605EE3-F283-4936-A8A1-04F1A0E9D491,ABC,phase1,5,48,6,42,C,10
17605EE3-F283-4936-A8A1-04F1A0E9D491,ABC,phase1,6,60,15,45,C,10
1767C955-3CE6-472E-8C88-8AC85AD876E6,BCC,phase2,1,59,4,55,B,6
1767C955-3CE6-472E-8C88-8AC85AD876E6,BCC,phase2,2,51,6,45,B,6
1767C955-3CE6-472E-8C88-8AC85AD876E6,BCC,phase2,3,51,7,44,C,10
1767C955-3CE6-472E-8C88-8AC85AD876E6,BCC,phase2,4,34,5,29,C,10
177848F8-0F76-4AE2-901D-5C4C721F2875,CCC,phase2,1,1,1,0,C,10
178D0273-B84E-4610-B64F-B9B1934F88A7,ABC,phase2,1,343,77,266,A,3
178D0273-B84E-4610-B64F-B9B1934F88A7,ABC,phase2,2,73,14,59,A,3
17CEAFC2-17AF-4258-9BD2-5E4C9B38FEA1,ACC,phase1,1,61,40,21,A,3
17CEAFC2-17AF-4258-9BD2-5E4C9B38FEA1,ACC,phase1,2,20,7,13,A,3
17CEAFC2-17AF-4258-9BD2-5E4C9B38FEA1,ACC,phase1,3,104,69,35,C,10
17CEAFC2-17AF-4258-9BD2-5E4C9B38FEA1,ACC,phase1,4,70,43,27,C,10
17CEAFC2-17AF-4258-9BD2-5E4C9B38FEA1,ACC,phase1,5,92,63,29,C,10
17CEAFC2-17AF-4258-9BD2-5E4C9B38FEA1,ACC,phase1,6,37,18,19,C,10
17D7BCB0-B4BD-4BDA-AA72-C2B041E472FC,ACC,phase2,1,313,36,277,A,3
17D7BCB0-B4BD-4BDA-AA72-C2B041E472FC,ACC,phase2,2,294,36,258,A,3
17D7BCB0-B4BD-4BDA-AA72-C2B041E472FC,ACC,phase2,3,245,67,178,C,10
17D7BCB0-B4BD-4BDA-AA72-C2B041E472FC,ACC,phase2,4,216,57,159,C,10
17D7BCB0-B4BD-4BDA-AA72-C2B041E472FC,ACC,phase2,5,134,41,93,C,10
17D7BCB0-B4BD-4BDA-AA72-C2B041E472FC,ACC,phase2,6,120,26,94,C,10
17F4739B-F2D9-420D-9842-032520017982,BCC,phase1,1,53,5,48,B,6
17F4739B-F2D9-420D-9842-032520017982,BCC,phase1,2,41,6,35,B,6
17F4739B-F2D9-420D-9842-032520017982,BCC,phase1,3,8,0,8,C,10
183D66C5-5717-479E-A2A0-2C987D19E122,BCC,phase2,1,144,31,113,B,6
183D66C5-5717-479E-A2A0-2C987D19E122,BCC,phase2,2,101,17,84,B,6
183D66C5-5717-479E-A2A0-2C987D19E122,BCC,phase2,3,77,17,60,C,10
183D66C5-5717-479E-A2A0-2C987D19E122,BCC,phase2,4,63,14,49,C,10
185411C2-42CF-4724-A818-09AA602A3506,ABC,phase2,1,116,19,97,A,3
185411C2-42CF-4724-A818-09AA602A3506,ABC,phase2,2,144,23,121,A,3
185411C2-42CF-4724-A818-09AA602A3506,ABC,phase2,3,126,33,93,B,6
185411C2-42CF-4724-A818-09AA602A3506,ABC,phase2,4,105,13,92,B,6
185411C2-42CF-4724-A818-09AA602A3506,ABC,phase2,5,48,16,32,C,10
18B23D72-B27F-4270-9A82-A7D3A587A2F3,ABC,phase2,1,30,5,25,A,3
18B23D72-B27F-4270-9A82-A7D3A587A2F3,ABC,phase2,2,26,6,20,A,3
18B23D72-B27F-4270-9A82-A7D3A587A2F3,ABC,phase2,3,48,10,38,B,6
18B23D72-B27F-4270-9A82-A7D3A587A2F3,ABC,phase2,4,6,0,6,B,6
18B708FF-DA64-402A-8540-EE14FD17E795,ABC,phase1,1,350,121,229,A,3
18B708FF-DA64-402A-8540-EE14FD17E795,ABC,phase1,2,237,90,147,A,3
18B708FF-DA64-402A-8540-EE14FD17E795,ABC,phase1,3,441,205,236,B,6
18B708FF-DA64-402A-8540-EE14FD17E795,ABC,phase1,4,411,189,222,B,6
18B708FF-DA64-402A-8540-EE14FD17E795,ABC,phase1,5,397,205,192,C,10
18B708FF-DA64-402A-8540-EE14FD17E795,ABC,phase1,6,378,194,184,C,10
190A0ABD-03E6-4345-B2BF-5F2AD7511CE3,ABC,phase1,1,23,1,22,A,3
190A0ABD-03E6-4345-B2BF-5F2AD7511CE3,ABC,phase1,2,14,4,10,A,3
190A0ABD-03E6-4345-B2BF-5F2AD7511CE3,ABC,phase1,3,21,3,18,B,6
190A0ABD-03E6-4345-B2BF-5F2AD7511CE3,ABC,phase1,4,12,1,11,B,6
190A0ABD-03E6-4345-B2BF-5F2AD7511CE3,ABC,phase1,5,17,2,15,C,10
190A0ABD-03E6-4345-B2BF-5F2AD7511CE3,ABC,phase1,6,12,4,8,C,10
190B5A06-86CA-4465-8E11-FF5A557C4103,ABC,phase2,1,7,4,3,A,3
1934DCE9-AE0A-4684-BF92-A18C40954499,ACC,phase2,1,104,17,87,A,3
1934DCE9-AE0A-4684-BF92-A18C40954499,ACC,phase2,2,97,16,81,A,3
1934DCE9-AE0A-4684-BF92-A18C40954499,ACC,phase2,3,54,14,40,C,10
1934DCE9-AE0A-4684-BF92-A18C40954499,ACC,phase2,4,27,4,23,C,10
1934DCE9-AE0A-4684-BF92-A18C40954499,ACC,phase2,5,36,16,20,C,10
1934DCE9-AE0A-4684-BF92-A18C40954499,ACC,phase2,6,13,4,9,C,10
19847835-C508-4CBA-A43E-8D2F98904F76,ABC,phase2,1,155,51,104,A,3
19847835-C508-4CBA-A43E-8D2F98904F76,ABC,phase2,2,148,23,125,A,3
19847835-C508-4CBA-A43E-8D2F98904F76,ABC,phase2,3,124,12,112,B,6
19847835-C508-4CBA-A43E-8D2F98904F76,ABC,phase2,4,118,25,93,B,6
1993C1E5-802A-4590-88CB-2BAEF845B102,ACC,phase1,1,147,9,138,A,3
1993C1E5-802A-4590-88CB-2BAEF845B102,ACC,phase1,2,82,6,76,A,3
1993C1E5-802A-4590-88CB-2BAEF845B102,ACC,phase1,3,82,24,58,C,10
1993C1E5-802A-4590-88CB-2BAEF845B102,ACC,phase1,4,2,0,2,C,10
1993C1E5-802A-4590-88CB-2BAEF845B102,ACC,phase1,5,6,2,4,C,10
199C5373-C27F-4552-B0AC-F30DB6243494,CCC,phase1,1,170,68,102,C,10
199C5373-C27F-4552-B0AC-F30DB6243494,CCC,phase1,2,146,48,98,C,10
199C5373-C27F-4552-B0AC-F30DB6243494,CCC,phase1,3,247,62,185,C,10
199C5373-C27F-4552-B0AC-F30DB6243494,CCC,phase1,4,240,84,156,C,10
199C5373-C27F-4552-B0AC-F30DB6243494,CCC,phase1,5,236,73,163,C,10
199C5373-C27F-4552-B0AC-F30DB6243494,CCC,phase1,6,207,73,134,C,10
19D034B0-9018-4D04-86D7-4F34FBD0B4FF,ACC,phase2,1,13,1,12,A,3
19D034B0-9018-4D04-86D7-4F34FBD0B4FF,ACC,phase2,2,19,0,19,A,3
19D034B0-9018-4D04-86D7-4F34FBD0B4FF,ACC,phase2,3,10,2,8,C,10
1A0D93F0-8CC2-41ED-8D15-160522A1EE0A,CCC,phase2,1,24,7,17,C,10
1A0D93F0-8CC2-41ED-8D15-160522A1EE0A,CCC,phase2,2,18,3,15,C,10
1A0D93F0-8CC2-41ED-8D15-160522A1EE0A,CCC,phase2,3,17,0,17,C,10
1A0D93F0-8CC2-41ED-8D15-160522A1EE0A,CCC,phase2,4,23,2,21,C,10
1A0D93F0-8CC2-41ED-8D15-160522A1EE0A,CCC,phase2,5,17,4,13,C,10
1A0D93F0-8CC2-41ED-8D15-160522A1EE0A,CCC,phase2,6,5,0,5,C,10
1A0E11E4-4FBE-43FA-8C1F-20531A81E4D4,ACC,phase2,1,262,54,208,A,3
1A0E11E4-4FBE-43FA-8C1F-20531A81E4D4,ACC,phase2,2,368,56,312,A,3
1A0E11E4-4FBE-43FA-8C1F-20531A81E4D4,ACC,phase2,3,197,56,141,C,10
1A287222-D8AF-4129-90EE-D99754545FB6,ABC,phase1,1,146,35,111,A,3
1A287222-D8AF-4129-90EE-D99754545FB6,ABC,phase1,2,144,19,125,A,3
1A287222-D8AF-4129-90EE-D99754545FB6,ABC,phase1,3,249,33,216,B,6
1A287222-D8AF-4129-90EE-D99754545FB6,ABC,phase1,4,15,2,13,B,6
1A2DA9B0-6662-4950-BD03-9F1A74B693D1,ABC,phase2,1,86,19,67,A,3
1A2DA9B0-6662-4950-BD03-9F1A74B693D1,ABC,phase2,2,138,26,112,A,3
1A2DA9B0-6662-4950-BD03-9F1A74B693D1,ABC,phase2,3,52,6,46,B,6
1A2DA9B0-6662-4950-BD03-9F1A74B693D1,ABC,phase2,4,79,12,67,B,6
1A2DA9B0-6662-4950-BD03-9F1A74B693D1,ABC,phase2,5,1,1,0,C,10
1A827C3A-6E83-4EA8-AE23-CB50FCD55402,ABC,phase2,1,297,96,201,A,3
1A827C3A-6E83-4EA8-AE23-CB50FCD55402,ABC,phase2,2,191,47,144,A,3
1A827C3A-6E83-4EA8-AE23-CB50FCD55402,ABC,phase2,3,90,31,59,B,6
1A827C3A-6E83-4EA8-AE23-CB50FCD55402,ABC,phase2,4,52,14,38,B,6
1A827C3A-6E83-4EA8-AE23-CB50FCD55402,ABC,phase2,5,27,5,22,C,10
1AC12066-AE7A-4C75-8837-EF62D5A8B665,CCC,phase1,1,157,81,76,C,10
1AC12066-AE7A-4C75-8837-EF62D5A8B665,CCC,phase1,2,177,62,115,C,10
1AC12066-AE7A-4C75-8837-EF62D5A8B665,CCC,phase1,3,190,46,144,C,10
1AC12066-AE7A-4C75-8837-EF62D5A8B665,CCC,phase1,4,159,36,123,C,10
1AC12066-AE7A-4C75-8837-EF62D5A8B665,CCC,phase1,5,199,55,144,C,10
1AC12066-AE7A-4C75-8837-EF62D5A8B665,CCC,phase1,6,156,40,116,C,10
1B228C6C-A67E-440F-B29E-911640274B9C,CCC,phase2,1,1,1,0,C,10
1B52D248-DC7E-416D-AF56-3CDDD2C07F0E,BCC,phase1,1,13,2,11,B,6
1B7FF1F2-FA17-428B-A151-376A23EED652,BCC,phase2,1,290,60,230,B,6
1B7FF1F2-FA17-428B-A151-376A23EED652,BCC,phase2,2,182,27,155,B,6
1B8581AE-E9C4-428E-A96B-391C3B4F6A69,CCC,phase2,1,1,0,1,C,10
1BE74253-AD6B-4807-B92E-2915FA921B1D,ABC,phase2,1,291,44,247,A,3
1BE74253-AD6B-4807-B92E-2915FA921B1D,ABC,phase2,2,79,10,69,A,3
1BEBF3E1-B6CF-468B-8738-2844B25201D9,ACC,phase2,1,99,12,87,A,3
1BEBF3E1-B6CF-468B-8738-2844B25201D9,ACC,phase2,2,13,1,12,A,3
1BEBF3E1-B6CF-468B-8738-2844B25201D9,ACC,phase2,3,124,27,97,C,10
1BEBF3E1-B6CF-468B-8738-2844B25201D9,ACC,phase2,4,155,21,134,C,10
1BEBF3E1-B6CF-468B-8738-2844B25201D9,ACC,phase2,5,176,24,152,C,10
1C2520F4-C07C-4C4E-8427-D0191CCC9498,CCC,phase2,1,1,1,0,C,10
1C2CB263-BCCB-4267-B756-5B1B3B8B414F,BCC,phase1,1,21,15,6,B,6
1C2CB263-BCCB-4267-B756-5B1B3B8B414F,BCC,phase1,2,24,13,11,B,6
1C2CB263-BCCB-4267-B756-5B1B3B8B414F,BCC,phase1,3,21,11,10,C,10
1C2CB263-BCCB-4267-B756-5B1B3B8B414F,BCC,phase1,4,25,7,18,C,10
1C2CB263-BCCB-4267-B756-5B1B3B8B414F,BCC,phase1,5,23,8,15,C,10
1C2CB263-BCCB-4267-B756-5B1B3B8B414F,BCC,phase1,6,6,2,4,C,10
1C4A0059-931C-42A8-B4A3-16C280B19EEB,ACC,phase1,1,153,27,126,A,3
1C4A0059-931C-42A8-B4A3-16C280B19EEB,ACC,phase1,2,138,14,124,A,3
1C4A0059-931C-42A8-B4A3-16C280B19EEB,ACC,phase1,3,128,26,102,C,10
1C4A0059-931C-42A8-B4A3-16C280B19EEB,ACC,phase1,4,116,24,92,C,10
1C4A0059-931C-42A8-B4A3-16C280B19EEB,ACC,phase1,5,138,23,115,C,10
1C4A0059-931C-42A8-B4A3-16C280B19EEB,ACC,phase1,6,136,29,107,C,10
1C73AD0C-D4B9-43C1-A2B4-1EDB6877B76E,CCC,phase2,1,221,67,154,C,10
1C73AD0C-D4B9-43C1-A2B4-1EDB6877B76E,CCC,phase2,2,170,47,123,C,10
1C73AD0C-D4B9-43C1-A2B4-1EDB6877B76E,CCC,phase2,3,177,38,139,C,10
1C73AD0C-D4B9-43C1-A2B4-1EDB6877B76E,CCC,phase2,4,151,31,120,C,10
1C73AD0C-D4B9-43C1-A2B4-1EDB6877B76E,CCC,phase2,5,165,39,126,C,10
1C73AD0C-D4B9-43C1-A2B4-1EDB6877B76E,CCC,phase2,6,151,33,118,C,10
1CBB7E8A-ADB1-43AD-9CF7-D7F965ED144C,BCC,phase2,1,112,29,83,B,6
1CBB7E8A-ADB1-43AD-9CF7-D7F965ED144C,BCC,phase2,2,100,24,76,B,6
1CBB7E8A-ADB1-43AD-9CF7-D7F965ED144C,BCC,phase2,3,53,9,44,C,10
1CBB7E8A-ADB1-43AD-9CF7-D7F965ED144C,BCC,phase2,4,52,10,42,C,10
1CC41724-BCFF-42F5-8BA1-E87BBBAF8AFC,CCC,phase1,1,1,0,1,C,10
1D3EE40E-51D5-4059-8DA0-9E8B2373DE65,BCC,phase1,1,56,13,43,B,6
1D3EE40E-51D5-4059-8DA0-9E8B2373DE65,BCC,phase1,2,57,17,40,B,6
1D3EE40E-51D5-4059-8DA0-9E8B2373DE65,BCC,phase1,3,70,20,50,C,10
1D3EE40E-51D5-4059-8DA0-9E8B2373DE65,BCC,phase1,4,80,30,50,C,10
1D3EE40E-51D5-4059-8DA0-9E8B2373DE65,BCC,phase1,5,52,12,40,C,10
1D3EE40E-51D5-4059-8DA0-9E8B2373DE65,BCC,phase1,6,62,16,46,C,10
1D60433E-6977-4C9D-A686-053940991EDA,CCC,phase1,1,14,2,12,C,10
1D60433E-6977-4C9D-A686-053940991EDA,CCC,phase1,2,18,3,15,C,10
1D60433E-6977-4C9D-A686-053940991EDA,CCC,phase1,3,18,3,15,C,10
1D60433E-6977-4C9D-A686-053940991EDA,CCC,phase1,4,10,4,6,C,10
1D60433E-6977-4C9D-A686-053940991EDA,CCC,phase1,5,9,1,8,C,10
1D60433E-6977-4C9D-A686-053940991EDA,CCC,phase1,6,9,1,8,C,10
1D8B07FC-FF56-4C2F-B3DE-01F856DDF5C9,CCC,phase2,1,212,46,166,C,10
1D8B07FC-FF56-4C2F-B3DE-01F856DDF5C9,CCC,phase2,2,207,33,174,C,10
1D8B07FC-FF56-4C2F-B3DE-01F856DDF5C9,CCC,phase2,3,294,45,249,C,10
1D8B07FC-FF56-4C2F-B3DE-01F856DDF5C9,CCC,phase2,4,274,56,218,C,10
1D8B07FC-FF56-4C2F-B3DE-01F856DDF5C9,CCC,phase2,5,153,37,116,C,10
1D8B07FC-FF56-4C2F-B3DE-01F856DDF5C9,CCC,phase2,6,45,9,36,C,10
1DB4AD44-7319-40A7-89E6-9AACC58DE43F,CCC,phase1,1,1,1,0,C,10
1E0F1900-E764-440D-8898-84FA4101EC21,ACC,phase1,1,46,11,35,A,3
1E0F1900-E764-440D-8898-84FA4101EC21,ACC,phase1,2,3,3,0,A,3
1E0F1900-E764-440D-8898-84FA4101EC21,ACC,phase1,3,52,24,28,C,10
1E0F1900-E764-440D-8898-84FA4101EC21,ACC,phase1,4,43,6,37,C,10
1E0F1900-E764-440D-8898-84FA4101EC21,ACC,phase1,5,41,12,29,C,10
1E0F1900-E764-440D-8898-84FA4101EC21,ACC,phase1,6,34,17,17,C,10
1E2B3D16-5908-46E0-9275-FE8CB25C296A,ACC,phase2,1,1,1,0,A,3
1E2B3D16-5908-46E0-9275-FE8CB25C296A,ACC,phase2,2,1,0,1,A,3
1E573EC3-9389-4A0A-9F00-6F8ACA429A4A,CCC,phase2,1,109,30,79,C,10
1E573EC3-9389-4A0A-9F00-6F8ACA429A4A,CCC,phase2,2,38,17,21,C,10
1E573EC3-9389-4A0A-9F00-6F8ACA429A4A,CCC,phase2,3,63,13,50,C,10
1E573EC3-9389-4A0A-9F00-6F8ACA429A4A,CCC,phase2,4,29,10,19,C,10
1E573EC3-9389-4A0A-9F00-6F8ACA429A4A,CCC,phase2,5,24,10,14,C,10
1E573EC3-9389-4A0A-9F00-6F8ACA429A4A,CCC,phase2,6,9,5,4,C,10
1E79286C-77D3-4BE7-82F2-4E2BF915A610,ABC,phase2,1,1,1,0,A,3
1E798E17-8C19-4609-9E89-2CFE6E51D344,BCC,phase2,1,1,1,0,B,6
1E7CD7C8-E69C-4B63-8AFE-596EFC38B622,ACC,phase2,1,51,17,34,A,3
1E7CD7C8-E69C-4B63-8AFE-596EFC38B622,ACC,phase2,2,6,2,4,A,3
1ECD2129-668D-4A62-93E4-13A05A275937,ABC,phase2,1,83,44,39,A,3
1ECD2129-668D-4A62-93E4-13A05A275937,ABC,phase2,2,24,4,20,A,3
1ED3788C-D990-48B9-8434-6CA272322C8B,CCC,phase1,1,67,30,37,C,10
1ED3788C-D990-48B9-8434-6CA272322C8B,CCC,phase1,2,37,6,31,C,10
1ED3788C-D990-48B9-8434-6CA272322C8B,CCC,phase1,3,44,4,40,C,10
1ED3788C-D990-48B9-8434-6CA272322C8B,CCC,phase1,4,41,5,36,C,10
1ED3788C-D990-48B9-8434-6CA272322C8B,CCC,phase1,5,46,11,35,C,10
1ED3788C-D990-48B9-8434-6CA272322C8B,CCC,phase1,6,37,7,30,C,10
1F6FA0D8-D991-4CFE-93E4-2E135495BD09,ACC,phase1,1,45,8,37,A,3
1F6FA0D8-D991-4CFE-93E4-2E135495BD09,ACC,phase1,2,31,1,30,A,3
1F6FA0D8-D991-4CFE-93E4-2E135495BD09,ACC,phase1,3,40,1,39,C,10
1F6FA0D8-D991-4CFE-93E4-2E135495BD09,ACC,phase1,4,38,7,31,C,10
1F6FA0D8-D991-4CFE-93E4-2E135495BD09,ACC,phase1,5,30,0,30,C,10
1F6FA0D8-D991-4CFE-93E4-2E135495BD09,ACC,phase1,6,14,1,13,C,10
1F9DD4A5-7ED0-4BF6-B57E-F76CF3406D88,ACC,phase1,1,5,2,3,A,3
1F9DD4A5-7ED0-4BF6-B57E-F76CF3406D88,ACC,phase1,2,7,2,5,A,3
1F9DD4A5-7ED0-4BF6-B57E-F76CF3406D88,ACC,phase1,3,2,0,2,C,10
1F9DD4A5-7ED0-4BF6-B57E-F76CF3406D88,ACC,phase1,4,1,0,1,C,10
1F9DD4A5-7ED0-4BF6-B57E-F76CF3406D88,ACC,phase1,5,2,0,2,C,10
1FA3357D-2A57-4A68-89CD-A605C28136F4,ABC,phase1,1,42,4,38,A,3
1FA3357D-2A57-4A68-89CD-A605C28136F4,ABC,phase1,2,28,4,24,A,3
1FA3357D-2A57-4A68-89CD-A605C28136F4,ABC,phase1,3,40,2,38,B,6
1FA3357D-2A57-4A68-89CD-A605C28136F4,ABC,phase1,4,57,2,55,B,6
1FA3357D-2A57-4A68-89CD-A605C28136F4,ABC,phase1,5,61,5,56,C,10
1FA3357D-2A57-4A68-89CD-A605C28136F4,ABC,phase1,6,72,5,67,C,10
1FAFACF3-4C0C-457C-A48F-457E90CE34FC,ABC,phase2,1,79,7,72,A,3
1FBD9849-55C7-4EBB-BF79-A3C4DCF889EF,BCC,phase1,1,1,1,0,B,6
1FDBA10A-31D9-495A-9D8D-DE32F7716A4D,ACC,phase1,1,576,183,393,A,3
1FDBA10A-31D9-495A-9D8D-DE32F7716A4D,ACC,phase1,2,565,103,462,A,3
1FDBA10A-31D9-495A-9D8D-DE32F7716A4D,ACC,phase1,3,197,80,117,C,10
1FDBA10A-31D9-495A-9D8D-DE32F7716A4D,ACC,phase1,4,53,26,27,C,10
1FDBA10A-31D9-495A-9D8D-DE32F7716A4D,ACC,phase1,5,2,2,0,C,10
20809FDA-6BC3-4884-AB02-3909099BF051,ABC,phase1,1,266,102,164,A,3
20814165-EEFB-413F-A3F9-73E7F9ADC005,CCC,phase2,1,114,49,65,C,10
20863C0F-797F-4017-8E7E-F02B1DB6BFE0,CCC,phase2,1,32,8,24,C,10
20863C0F-797F-4017-8E7E-F02B1DB6BFE0,CCC,phase2,2,66,8,58,C,10
20863C0F-797F-4017-8E7E-F02B1DB6BFE0,CCC,phase2,3,38,6,32,C,10
20863C0F-797F-4017-8E7E-F02B1DB6BFE0,CCC,phase2,4,46,5,41,C,10
20863C0F-797F-4017-8E7E-F02B1DB6BFE0,CCC,phase2,5,2,0,2,C,10
2095904B-C1F5-4F77-A15C-359FC54FE84F,CCC,phase2,1,15,1,14,C,10
2095904B-C1F5-4F77-A15C-359FC54FE84F,CCC,phase2,2,14,1,13,C,10
2095904B-C1F5-4F77-A15C-359FC54FE84F,CCC,phase2,3,0,0,0,C,10
2095904B-C1F5-4F77-A15C-359FC54FE84F,CCC,phase2,4,10,3,7,C,10
2095904B-C1F5-4F77-A15C-359FC54FE84F,CCC,phase2,5,5,1,4,C,10
20BDC809-8648-478E-A3D2-C6D0DAFF82A7,ACC,phase1,1,177,26,151,A,3
20BDC809-8648-478E-A3D2-C6D0DAFF82A7,ACC,phase1,2,142,12,130,A,3
20BDC809-8648-478E-A3D2-C6D0DAFF82A7,ACC,phase1,3,49,13,36,C,10
20E1D932-32D6-46ED-81B3-BD266516E65E,ACC,phase2,1,1,0,1,A,3
20EC6556-BB6C-49A9-8B6A-004D3286519F,BCC,phase2,1,42,6,36,B,6
20EC6556-BB6C-49A9-8B6A-004D3286519F,BCC,phase2,2,36,4,32,B,6
20EC6556-BB6C-49A9-8B6A-004D3286519F,BCC,phase2,3,30,9,21,C,10
20EC6556-BB6C-49A9-8B6A-004D3286519F,BCC,phase2,4,13,2,11,C,10
20EC6556-BB6C-49A9-8B6A-004D3286519F,BCC,phase2,5,5,3,2,C,10
20F1601E-5952-4FBD-B5CF-05A61B4484C5,ACC,phase1,1,173,71,102,A,3
20F1601E-5952-4FBD-B5CF-05A61B4484C5,ACC,phase1,2,84,4,80,A,3
20F1601E-5952-4FBD-B5CF-05A61B4484C5,ACC,phase1,3,46,7,39,C,10
20F1601E-5952-4FBD-B5CF-05A61B4484C5,ACC,phase1,4,40,4,36,C,10
20F1601E-5952-4FBD-B5CF-05A61B4484C5,ACC,phase1,5,60,4,56,C,10
20F1601E-5952-4FBD-B5CF-05A61B4484C5,ACC,phase1,6,69,5,64,C,10
20F414B0-3EFD-4FAF-ABAF-1E5143A41AF9,ACC,phase2,1,1,1,0,A,3
212AC733-9416-4952-AEA4-09C8BE2BB6E2,ACC,phase2,1,153,54,99,A,3
212AC733-9416-4952-AEA4-09C8BE2BB6E2,ACC,phase2,2,91,26,65,A,3
212AC733-9416-4952-AEA4-09C8BE2BB6E2,ACC,phase2,3,72,15,57,C,10
212AC733-9416-4952-AEA4-09C8BE2BB6E2,ACC,phase2,4,75,24,51,C,10
212AC733-9416-4952-AEA4-09C8BE2BB6E2,ACC,phase2,5,193,47,146,C,10
212AC733-9416-4952-AEA4-09C8BE2BB6E2,ACC,phase2,6,107,12,95,C,10
2142836C-D30D-418C-80C2-2607F4DD575E,BCC,phase1,1,22,8,14,B,6
2142836C-D30D-418C-80C2-2607F4DD575E,BCC,phase1,2,43,5,38,B,6
2142836C-D30D-418C-80C2-2607F4DD575E,BCC,phase1,3,68,11,57,C,10
2142836C-D30D-418C-80C2-2607F4DD575E,BCC,phase1,4,19,4,15,C,10
2142836C-D30D-418C-80C2-2607F4DD575E,BCC,phase1,5,10,1,9,C,10
2142836C-D30D-418C-80C2-2607F4DD575E,BCC,phase1,6,27,9,18,C,10
216B52DC-E5B5-42BB-AC77-284E8E4255CC,CCC,phase2,1,1,0,1,C,10
21AAA959-5310-44D6-9105-CA5F79E99467,CCC,phase2,1,151,67,84,C,10
21AAA959-5310-44D6-9105-CA5F79E99467,CCC,phase2,2,7,0,7,C,10
21C313B8-C30E-4555-A71F-F401E119218C,BCC,phase2,1,289,95,194,B,6
21C313B8-C30E-4555-A71F-F401E119218C,BCC,phase2,2,284,71,213,B,6
21C313B8-C30E-4555-A71F-F401E119218C,BCC,phase2,3,364,104,260,C,10
21C313B8-C30E-4555-A71F-F401E119218C,BCC,phase2,4,295,63,232,C,10
220706C4-CD1B-4AF8-8D95-1B364CD2AF3B,ABC,phase2,1,62,45,17,A,3
220706C4-CD1B-4AF8-8D95-1B364CD2AF3B,ABC,phase2,2,18,10,8,A,3
220706C4-CD1B-4AF8-8D95-1B364CD2AF3B,ABC,phase2,3,9,0,9,B,6
221430A7-13ED-4347-B76C-51E340066519,CCC,phase1,1,277,208,69,C,10
221430A7-13ED-4347-B76C-51E340066519,CCC,phase1,2,173,82,91,C,10
221430A7-13ED-4347-B76C-51E340066519,CCC,phase1,3,76,19,57,C,10
221430A7-13ED-4347-B76C-51E340066519,CCC,phase1,4,0,0,0,C,10
221430A7-13ED-4347-B76C-51E340066519,CCC,phase1,5,0,0,0,C,10
221430A7-13ED-4347-B76C-51E340066519,CCC,phase1,6,88,42,46,C,10
22532A7B-C714-4AA4-AA53-FA7559170F4D,ACC,phase1,1,162,17,145,A,3
22532A7B-C714-4AA4-AA53-FA7559170F4D,ACC,phase1,2,12,1,11,A,3
22576278-0D0A-4070-A129-094909924470,BCC,phase2,1,43,11,32,B,6
22576278-0D0A-4070-A129-094909924470,BCC,phase2,2,4,2,2,B,6
226E8982-3B23-43CE-8456-24724FBB6D7C,BCC,phase2,1,2,0,2,B,6
226E8982-3B23-43CE-8456-24724FBB6D7C,BCC,phase2,2,2,1,1,B,6
226E8982-3B23-43CE-8456-24724FBB6D7C,BCC,phase2,3,4,1,3,C,10
226E8982-3B23-43CE-8456-24724FBB6D7C,BCC,phase2,4,2,2,0,C,10
22E87E46-D947-408F-B0A0-C4ADF116D1C2,CCC,phase2,1,49,11,38,C,10
22E87E46-D947-408F-B0A0-C4ADF116D1C2,CCC,phase2,2,66,16,50,C,10
22E87E46-D947-408F-B0A0-C4ADF116D1C2,CCC,phase2,3,63,10,53,C,10
22E87E46-D947-408F-B0A0-C4ADF116D1C2,CCC,phase2,4,83,21,62,C,10
22E87E46-D947-408F-B0A0-C4ADF116D1C2,CCC,phase2,5,71,12,59,C,10
22E87E46-D947-408F-B0A0-C4ADF116D1C2,CCC,phase2,6,72,23,49,C,10
23086283-9834-45A3-A2CF-DF8420B24C9D,ACC,phase2,1,129,39,90,A,3
23869F64-5528-4E6F-9EE2-4B0633F96823,CCC,phase1,1,154,69,85,C,10
23869F64-5528-4E6F-9EE2-4B0633F96823,CCC,phase1,2,188,65,123,C,10
23869F64-5528-4E6F-9EE2-4B0633F96823,CCC,phase1,3,101,41,60,C,10
23869F64-5528-4E6F-9EE2-4B0633F96823,CCC,phase1,4,128,43,85,C,10
23869F64-5528-4E6F-9EE2-4B0633F96823,CCC,phase1,5,124,47,77,C,10
23869F64-5528-4E6F-9EE2-4B0633F96823,CCC,phase1,6,96,25,71,C,10
23964DB1-EF99-4950-BE47-5E5BD4B96E55,ACC,phase2,1,9,6,3,A,3
23CBE57E-CB31-4249-A4F3-E47D2AC68779,ABC,phase2,1,336,53,283,A,3
23CBE57E-CB31-4249-A4F3-E47D2AC68779,ABC,phase2,2,291,25,266,A,3
23CBE57E-CB31-4249-A4F3-E47D2AC68779,ABC,phase2,3,31,2,29,B,6
24029680-0467-47D7-B73F-E382E19E6DEE,ABC,phase1,1,1,1,0,A,3
2416F95F-BB53-4AF2-AD66-46E2D9EB1691,BCC,phase2,1,13,9,4,B,6
2416F95F-BB53-4AF2-AD66-46E2D9EB1691,BCC,phase2,2,12,3,9,B,6
2416F95F-BB53-4AF2-AD66-46E2D9EB1691,BCC,phase2,3,20,4,16,C,10
2416F95F-BB53-4AF2-AD66-46E2D9EB1691,BCC,phase2,4,21,8,13,C,10
2416F95F-BB53-4AF2-AD66-46E2D9EB1691,BCC,phase2,5,8,1,7,C,10
2416F95F-BB53-4AF2-AD66-46E2D9EB1691,BCC,phase2,6,12,4,8,C,10
2419F0E8-7A2F-4BE9-B80D-2734EB4CE018,ACC,phase2,1,1167,145,1022,A,3
2419F0E8-7A2F-4BE9-B80D-2734EB4CE018,ACC,phase2,2,652,56,596,A,3
246D3B34-56EF-485E-B30F-364025EA6B83,ACC,phase2,1,147,64,83,A,3
246D3B34-56EF-485E-B30F-364025EA6B83,ACC,phase2,2,183,29,154,A,3
246D3B34-56EF-485E-B30F-364025EA6B83,ACC,phase2,3,211,47,164,C,10
246D3B34-56EF-485E-B30F-364025EA6B83,ACC,phase2,4,143,28,115,C,10
2479647A-4F7C-4602-B930-0EEB82B554D8,BCC,phase1,1,46,5,41,B,6
2479647A-4F7C-4602-B930-0EEB82B554D8,BCC,phase1,2,94,7,87,B,6
2479647A-4F7C-4602-B930-0EEB82B554D8,BCC,phase1,3,92,11,81,C,10
2479647A-4F7C-4602-B930-0EEB82B554D8,BCC,phase1,4,95,21,74,C,10
2479647A-4F7C-4602-B930-0EEB82B554D8,BCC,phase1,5,99,16,83,C,10
2479647A-4F7C-4602-B930-0EEB82B554D8,BCC,phase1,6,87,11,76,C,10
247D467C-C2CD-4474-A7CC-B60310EA3322,CCC,phase1,1,24,1,23,C,10
247D467C-C2CD-4474-A7CC-B60310EA3322,CCC,phase1,2,20,2,18,C,10
247D467C-C2CD-4474-A7CC-B60310EA3322,CCC,phase1,3,39,4,35,C,10
247D467C-C2CD-4474-A7CC-B60310EA3322,CCC,phase1,4,41,5,36,C,10
247D467C-C2CD-4474-A7CC-B60310EA3322,CCC,phase1,5,45,6,39,C,10
247D467C-C2CD-4474-A7CC-B60310EA3322,CCC,phase1,6,24,2,22,C,10
248116C8-2DE4-4B8B-9B8E-33109AB1B001,CCC,phase2,1,127,59,68,C,10
248116C8-2DE4-4B8B-9B8E-33109AB1B001,CCC,phase2,2,54,9,45,C,10
248116C8-2DE4-4B8B-9B8E-33109AB1B001,CCC,phase2,3,24,6,18,C,10
248116C8-2DE4-4B8B-9B8E-33109AB1B001,CCC,phase2,4,89,18,71,C,10
248116C8-2DE4-4B8B-9B8E-33109AB1B001,CCC,phase2,5,77,22,55,C,10
248116C8-2DE4-4B8B-9B8E-33109AB1B001,CCC,phase2,6,74,19,55,C,10
2487D8A7-EF45-4692-99E0-9483F7E2D7B4,ABC,phase1,1,115,23,92,A,3
2487D8A7-EF45-4692-99E0-9483F7E2D7B4,ABC,phase1,2,73,3,70,A,3
2487D8A7-EF45-4692-99E0-9483F7E2D7B4,ABC,phase1,3,56,4,52,B,6
2487D8A7-EF45-4692-99E0-9483F7E2D7B4,ABC,phase1,4,107,18,89,B,6
2487D8A7-EF45-4692-99E0-9483F7E2D7B4,ABC,phase1,5,90,25,65,C,10
2487D8A7-EF45-4692-99E0-9483F7E2D7B4,ABC,phase1,6,78,19,59,C,10
24A74408-218A-4B9F-923B-F6B51D8111C4,ACC,phase1,1,93,18,75,A,3
24A74408-218A-4B9F-923B-F6B51D8111C4,ACC,phase1,2,125,7,118,A,3
24A74408-218A-4B9F-923B-F6B51D8111C4,ACC,phase1,3,87,14,73,C,10
24A74408-218A-4B9F-923B-F6B51D8111C4,ACC,phase1,4,105,15,90,C,10
24A74408-218A-4B9F-923B-F6B51D8111C4,ACC,phase1,5,85,14,71,C,10
24A74408-218A-4B9F-923B-F6B51D8111C4,ACC,phase1,6,60,9,51,C,10
24A74408-218A-4B9F-923B-F6B51D8111C4,ACC,phase2,1,93,18,75,A,3
24A74408-218A-4B9F-923B-F6B51D8111C4,ACC,phase2,2,125,7,118,A,3
24A74408-218A-4B9F-923B-F6B51D8111C4,ACC,phase2,3,87,14,73,C,10
24A74408-218A-4B9F-923B-F6B51D8111C4,ACC,phase2,4,105,15,90,C,10
24A74408-218A-4B9F-923B-F6B51D8111C4,ACC,phase2,5,85,14,71,C,10
24A74408-218A-4B9F-923B-F6B51D8111C4,ACC,phase2,6,84,10,74,C,10
24C2C705-3043-4CE6-9A6F-F69517BE07A5,ABC,phase1,1,118,67,51,A,3
24C2C705-3043-4CE6-9A6F-F69517BE07A5,ABC,phase1,2,161,41,120,A,3
24C2C705-3043-4CE6-9A6F-F69517BE07A5,ABC,phase1,3,43,10,33,B,6
24FED608-897F-4E8D-A3F1-75C4F641653D,BCC,phase2,1,56,0,56,B,6
250080E4-5C71-4667-BBD3-A8C5A7E7EBF1,BCC,phase2,1,78,9,69,B,6
250080E4-5C71-4667-BBD3-A8C5A7E7EBF1,BCC,phase2,2,75,5,70,B,6
250080E4-5C71-4667-BBD3-A8C5A7E7EBF1,BCC,phase2,3,73,7,66,C,10
250080E4-5C71-4667-BBD3-A8C5A7E7EBF1,BCC,phase2,4,3,0,3,C,10
250F9D11-FCD8-4A60-98B4-FA5F9017B748,CCC,phase2,1,148,78,70,C,10
250F9D11-FCD8-4A60-98B4-FA5F9017B748,CCC,phase2,2,72,35,37,C,10
250F9D11-FCD8-4A60-98B4-FA5F9017B748,CCC,phase2,3,76,35,41,C,10
250F9D11-FCD8-4A60-98B4-FA5F9017B748,CCC,phase2,4,48,47,1,C,10
250F9D11-FCD8-4A60-98B4-FA5F9017B748,CCC,phase2,5,29,28,1,C,10
250F9D11-FCD8-4A60-98B4-FA5F9017B748,CCC,phase2,6,65,65,0,C,10
2515D411-5AFA-4179-8928-F6ED2026F4AF,CCC,phase2,1,13,6,7,C,10
2515D411-5AFA-4179-8928-F6ED2026F4AF,CCC,phase2,2,11,5,6,C,10
25343B52-7BE6-4184-8760-805E48B781BA,CCC,phase2,1,137,49,88,C,10
25343B52-7BE6-4184-8760-805E48B781BA,CCC,phase2,2,146,48,98,C,10
25343B52-7BE6-4184-8760-805E48B781BA,CCC,phase2,3,143,51,92,C,10
25343B52-7BE6-4184-8760-805E48B781BA,CCC,phase2,4,107,45,62,C,10
25343B52-7BE6-4184-8760-805E48B781BA,CCC,phase2,5,117,59,58,C,10
2566BE9A-FFB6-414B-87D5-21C6ACEE83B9,CCC,phase2,1,39,16,23,C,10
2566BE9A-FFB6-414B-87D5-21C6ACEE83B9,CCC,phase2,2,23,8,15,C,10
2566BE9A-FFB6-414B-87D5-21C6ACEE83B9,CCC,phase2,3,2,1,1,C,10
25BE98C4-0866-420D-B647-346A3C9FC793,CCC,phase1,1,88,24,64,C,10
25BE98C4-0866-420D-B647-346A3C9FC793,CCC,phase1,2,128,34,94,C,10
25BE98C4-0866-420D-B647-346A3C9FC793,CCC,phase1,3,92,11,81,C,10
25BE98C4-0866-420D-B647-346A3C9FC793,CCC,phase1,4,88,18,70,C,10
25BE98C4-0866-420D-B647-346A3C9FC793,CCC,phase1,5,92,16,76,C,10
25BE98C4-0866-420D-B647-346A3C9FC793,CCC,phase1,6,113,20,93,C,10
25D1FDD5-D7D9-42BE-B31E-02AB3E6AB213,ABC,phase2,1,2,0,2,A,3
260C7FBD-0054-46D6-B974-FC87C285DDB7,ABC,phase1,1,270,42,228,A,3
260C7FBD-0054-46D6-B974-FC87C285DDB7,ABC,phase1,2,244,60,184,A,3
260C7FBD-0054-46D6-B974-FC87C285DDB7,ABC,phase1,3,217,59,158,B,6
260C7FBD-0054-46D6-B974-FC87C285DDB7,ABC,phase1,4,190,59,131,B,6
260C7FBD-0054-46D6-B974-FC87C285DDB7,ABC,phase1,5,118,40,78,C,10
260C7FBD-0054-46D6-B974-FC87C285DDB7,ABC,phase1,6,81,34,47,C,10
264665CE-5314-48D9-AC45-1EAF663C50F2,ACC,phase1,1,26,5,21,A,3
264665CE-5314-48D9-AC45-1EAF663C50F2,ACC,phase1,2,39,5,34,A,3
2657040F-5F03-40A1-8B42-E8579099FAC3,ABC,phase2,1,37,17,20,A,3
2657040F-5F03-40A1-8B42-E8579099FAC3,ABC,phase2,2,15,0,15,A,3
2657040F-5F03-40A1-8B42-E8579099FAC3,ABC,phase2,3,2,0,2,B,6
265DCC3B-F58F-4912-BA03-AA714E5FAB02,BCC,phase2,1,49,4,45,B,6
265DCC3B-F58F-4912-BA03-AA714E5FAB02,BCC,phase2,2,30,3,27,B,6
267E0800-0E18-4B0D-9333-7000E66E1D0A,BCC,phase2,1,188,55,133,B,6
267E0800-0E18-4B0D-9333-7000E66E1D0A,BCC,phase2,2,70,12,58,B,6
267E0800-0E18-4B0D-9333-7000E66E1D0A,BCC,phase2,3,70,20,50,C,10
267E0800-0E18-4B0D-9333-7000E66E1D0A,BCC,phase2,4,69,12,57,C,10
267E0800-0E18-4B0D-9333-7000E66E1D0A,BCC,phase2,5,73,5,68,C,10
267E0800-0E18-4B0D-9333-7000E66E1D0A,BCC,phase2,6,63,8,55,C,10
269CC8F2-7047-485A-B4DE-A9E0DDFC1DBC,CCC,phase1,1,2,1,1,C,10
26A48AF4-E1E4-47CD-9611-B195620FF951,ABC,phase2,1,12,2,10,A,3
26A921AC-39C4-4438-86D8-F67DCA5A132B,ACC,phase1,1,88,14,74,A,3
26A921AC-39C4-4438-86D8-F67DCA5A132B,ACC,phase1,2,80,8,72,A,3
26A921AC-39C4-4438-86D8-F67DCA5A132B,ACC,phase1,3,76,14,62,C,10
26A921AC-39C4-4438-86D8-F67DCA5A132B,ACC,phase1,4,90,20,70,C,10
26A921AC-39C4-4438-86D8-F67DCA5A132B,ACC,phase1,5,82,11,71,C,10
26A921AC-39C4-4438-86D8-F67DCA5A132B,ACC,phase1,6,71,13,58,C,10
26B40EEA-0735-4D2F-A5C9-DB753C5B3444,ACC,phase1,1,1,0,1,A,3
26CC7F67-C53C-4DAE-8402-370A4D6F3D57,BCC,phase2,1,1,0,1,B,6
26E11892-B563-435D-BD4B-A5D43BF81D8F,ACC,phase1,1,1,0,1,A,3
270DCFB2-8496-4CE1-96B2-1C98C15CA47C,BCC,phase1,1,165,87,78,B,6
270DCFB2-8496-4CE1-96B2-1C98C15CA47C,BCC,phase1,2,164,52,112,B,6
270DCFB2-8496-4CE1-96B2-1C98C15CA47C,BCC,phase1,3,138,49,89,C,10
270DCFB2-8496-4CE1-96B2-1C98C15CA47C,BCC,phase1,4,87,36,51,C,10
270DCFB2-8496-4CE1-96B2-1C98C15CA47C,BCC,phase1,5,36,8,28,C,10
270DCFB2-8496-4CE1-96B2-1C98C15CA47C,BCC,phase1,6,72,25,47,C,10
2739CF79-31F6-485A-B6BD-41DCEACF25E7,CCC,phase2,1,297,115,182,C,10
2739CF79-31F6-485A-B6BD-41DCEACF25E7,CCC,phase2,2,202,77,125,C,10
2739CF79-31F6-485A-B6BD-41DCEACF25E7,CCC,phase2,3,176,46,130,C,10
2739CF79-31F6-485A-B6BD-41DCEACF25E7,CCC,phase2,4,129,33,96,C,10
2739CF79-31F6-485A-B6BD-41DCEACF25E7,CCC,phase2,5,60,9,51,C,10
273F54B4-6C34-4D49-8C0C-680F5706FAF8,ACC,phase2,1,19,3,16,A,3
273F54B4-6C34-4D49-8C0C-680F5706FAF8,ACC,phase2,2,7,1,6,A,3
273F54B4-6C34-4D49-8C0C-680F5706FAF8,ACC,phase2,3,10,0,10,C,10
273F54B4-6C34-4D49-8C0C-680F5706FAF8,ACC,phase2,4,7,0,7,C,10
279BC08D-DC42-4943-9CEB-B417CC20C967,ABC,phase1,1,183,86,97,A,3
27A9F19C-834A-4F9A-8A24-7BBC0F5EE68E,BCC,phase1,1,1,1,0,B,6
27AB4965-2983-4AA4-A2CA-19B1550F119F,ACC,phase1,1,34,6,28,A,3
27AB4965-2983-4AA4-A2CA-19B1550F119F,ACC,phase1,2,36,6,30,A,3
27AB4965-2983-4AA4-A2CA-19B1550F119F,ACC,phase1,3,31,4,27,C,10
27AB4965-2983-4AA4-A2CA-19B1550F119F,ACC,phase1,4,27,3,24,C,10
27AB4965-2983-4AA4-A2CA-19B1550F119F,ACC,phase1,5,21,6,15,C,10
27CC02A0-51F0-450D-9F03-B357D75D9122,ABC,phase1,1,136,22,114,A,3
27CC02A0-51F0-450D-9F03-B357D75D9122,ABC,phase1,2,165,20,145,A,3
27CC02A0-51F0-450D-9F03-B357D75D9122,ABC,phase1,3,138,27,111,B,6
27CC02A0-51F0-450D-9F03-B357D75D9122,ABC,phase1,4,188,27,161,B,6
27CC02A0-51F0-450D-9F03-B357D75D9122,ABC,phase1,5,161,32,129,C,10
27CC02A0-51F0-450D-9F03-B357D75D9122,ABC,phase1,6,102,25,77,C,10
282E9426-DB4F-4F59-A274-39E47345736B,ABC,phase1,1,183,40,143,A,3
282E9426-DB4F-4F59-A274-39E47345736B,ABC,phase1,2,133,18,115,A,3
282E9426-DB4F-4F59-A274-39E47345736B,ABC,phase1,3,106,18,88,B,6
282E9426-DB4F-4F59-A274-39E47345736B,ABC,phase1,4,141,30,111,B,6
282E9426-DB4F-4F59-A274-39E47345736B,ABC,phase1,5,79,18,61,C,10
282E9426-DB4F-4F59-A274-39E47345736B,ABC,phase1,6,58,10,48,C,10
2887E9A7-CEF5-4057-8012-7F41F69F601D,BCC,phase1,1,464,185,279,B,6
2887E9A7-CEF5-4057-8012-7F41F69F601D,BCC,phase1,2,360,113,247,B,6
2887E9A7-CEF5-4057-8012-7F41F69F601D,BCC,phase1,3,370,126,244,C,10
2887E9A7-CEF5-4057-8012-7F41F69F601D,BCC,phase1,4,430,170,260,C,10
2887E9A7-CEF5-4057-8012-7F41F69F601D,BCC,phase1,5,348,151,197,C,10
2887E9A7-CEF5-4057-8012-7F41F69F601D,BCC,phase1,6,316,134,182,C,10
2899B31C-7DDC-4DD1-B4A1-86166570DC17,CCC,phase2,1,455,317,138,C,10
2899B31C-7DDC-4DD1-B4A1-86166570DC17,CCC,phase2,2,238,120,118,C,10
2899B31C-7DDC-4DD1-B4A1-86166570DC17,CCC,phase2,3,6,1,5,C,10
28CEB088-3D42-4A93-82D6-C21C25012F6C,CCC,phase2,1,123,23,100,C,10
28CEB088-3D42-4A93-82D6-C21C25012F6C,CCC,phase2,2,22,2,20,C,10
292B6E21-CCCC-4AA6-BF46-9B312CC40F99,CCC,phase1,1,1,1,0,C,10
29480C36-CA25-4BBA-97FD-6B180086FCE9,ABC,phase1,1,1,0,1,A,3
2952D4FD-FAA9-44E7-BB74-5DEC923DB215,CCC,phase1,1,42,5,37,C,10
2952D4FD-FAA9-44E7-BB74-5DEC923DB215,CCC,phase1,2,26,3,23,C,10
29981929-9B15-4D02-9453-E47C6D38EA61,ACC,phase2,1,112,27,85,A,3
29981929-9B15-4D02-9453-E47C6D38EA61,ACC,phase2,2,133,11,122,A,3
29981929-9B15-4D02-9453-E47C6D38EA61,ACC,phase2,3,120,30,90,C,10
29981929-9B15-4D02-9453-E47C6D38EA61,ACC,phase2,4,72,19,53,C,10
299A32BA-E949-48DB-B18A-375CF95A8E63,ABC,phase1,1,1,0,1,A,3
29CF2FAA-75DD-4219-9ED9-B3F1C19D93BE,ABC,phase2,1,26,8,18,A,3
29EB95D9-F8CE-4893-9068-558568ED4C8D,CCC,phase2,1,1,1,0,C,10
2A0FF184-03E3-4BF2-87F6-986BC977C9FF,BCC,phase1,1,88,32,56,B,6
2A9585F1-17CB-4F71-BD63-F9B911076CD7,ABC,phase2,1,1,1,0,A,3
2AB719A8-F48C-4213-97EB-E0C58A1A9E21,BCC,phase1,1,101,48,53,B,6
2AB719A8-F48C-4213-97EB-E0C58A1A9E21,BCC,phase1,2,43,19,24,B,6
2AB719A8-F48C-4213-97EB-E0C58A1A9E21,BCC,phase1,3,40,15,25,C,10
2AB719A8-F48C-4213-97EB-E0C58A1A9E21,BCC,phase1,4,45,17,28,C,10
2AB719A8-F48C-4213-97EB-E0C58A1A9E21,BCC,phase1,5,40,7,33,C,10
2AB719A8-F48C-4213-97EB-E0C58A1A9E21,BCC,phase1,6,45,19,26,C,10
2AD2A39C-D87A-4616-BC71-802804204840,ACC,phase1,1,1,0,1,A,3
2AF35EB5-C6E3-4EAE-BD0A-A348288BF2B8,ABC,phase1,1,56,8,48,A,3
2AF35EB5-C6E3-4EAE-BD0A-A348288BF2B8,ABC,phase1,2,16,5,11,A,3
2AF409EF-DD00-4AEF-8DB4-A127A23C4994,ABC,phase2,1,208,18,190,A,3
2AF409EF-DD00-4AEF-8DB4-A127A23C4994,ABC,phase2,2,222,19,203,A,3
2AF409EF-DD00-4AEF-8DB4-A127A23C4994,ABC,phase2,3,130,17,113,B,6
2AF409EF-DD00-4AEF-8DB4-A127A23C4994,ABC,phase2,4,16,1,15,B,6
2B31EE38-D6E2-46C8-8B23-AFD305A04EF3,ACC,phase1,1,1,0,1,A,3
2B859EA7-D200-446C-8048-2CD67D461B0B,BCC,phase2,1,149,49,100,B,6
2B859EA7-D200-446C-8048-2CD67D461B0B,BCC,phase2,2,244,45,199,B,6
2B859EA7-D200-446C-8048-2CD67D461B0B,BCC,phase2,3,179,33,146,C,10
2B859EA7-D200-446C-8048-2CD67D461B0B,BCC,phase2,4,238,38,200,C,10
2B859EA7-D200-446C-8048-2CD67D461B0B,BCC,phase2,5,253,44,209,C,10
2B859EA7-D200-446C-8048-2CD67D461B0B,BCC,phase2,6,60,10,50,C,10
2B8BBCA2-39E5-42D4-B9BC-12C6AAF096F2,ABC,phase1,1,214,47,167,A,3
2B8BBCA2-39E5-42D4-B9BC-12C6AAF096F2,ABC,phase1,2,224,16,208,A,3
2B8BBCA2-39E5-42D4-B9BC-12C6AAF096F2,ABC,phase1,3,156,19,137,B,6
2B8BBCA2-39E5-42D4-B9BC-12C6AAF096F2,ABC,phase1,4,171,15,156,B,6
2B8BBCA2-39E5-42D4-B9BC-12C6AAF096F2,ABC,phase1,5,114,11,103,C,10
2B8BBCA2-39E5-42D4-B9BC-12C6AAF096F2,ABC,phase1,6,90,12,78,C,10
2BA6950C-720D-4FAD-B150-895FFDDB6F10,ACC,phase2,1,349,241,108,A,3
2BA6950C-720D-4FAD-B150-895FFDDB6F10,ACC,phase2,2,2,0,2,A,3
2BA6950C-720D-4FAD-B150-895FFDDB6F10,ACC,phase2,3,6,2,4,C,10
2BA6950C-720D-4FAD-B150-895FFDDB6F10,ACC,phase2,4,1,0,1,C,10
2BA6950C-720D-4FAD-B150-895FFDDB6F10,ACC,phase2,5,3,1,2,C,10
2BCB934C-67F2-4767-832E-4A9D6C088348,ABC,phase2,1,22,18,4,A,3
2BCB934C-67F2-4767-832E-4A9D6C088348,ABC,phase2,2,4,0,4,A,3
2BF009E0-B938-4961-B28B-C24F82A227A3,CCC,phase1,1,37,18,19,C,10
2BF592AC-89EF-4AB8-ABDA-380EA91EFC4E,ABC,phase2,1,131,42,89,A,3
2BF592AC-89EF-4AB8-ABDA-380EA91EFC4E,ABC,phase2,2,128,33,95,A,3
2BF592AC-89EF-4AB8-ABDA-380EA91EFC4E,ABC,phase2,3,69,12,57,B,6
2BF592AC-89EF-4AB8-ABDA-380EA91EFC4E,ABC,phase2,4,134,31,103,B,6
2BF592AC-89EF-4AB8-ABDA-380EA91EFC4E,ABC,phase2,5,84,23,61,C,10
2C479777-E9E0-4F2B-9B0C-1DCF6DA1C7EF,CCC,phase2,1,147,27,120,C,10
2C479777-E9E0-4F2B-9B0C-1DCF6DA1C7EF,CCC,phase2,2,76,7,69,C,10
2C479777-E9E0-4F2B-9B0C-1DCF6DA1C7EF,CCC,phase2,3,10,0,10,C,10
2C540FDF-84BD-46BA-93F9-C05085FE6814,ABC,phase1,1,52,10,42,A,3
2C540FDF-84BD-46BA-93F9-C05085FE6814,ABC,phase1,2,37,3,34,A,3
2C540FDF-84BD-46BA-93F9-C05085FE6814,ABC,phase1,3,63,5,58,B,6
2C540FDF-84BD-46BA-93F9-C05085FE6814,ABC,phase1,4,46,1,45,B,6
2C540FDF-84BD-46BA-93F9-C05085FE6814,ABC,phase1,5,41,5,36,C,10
2C540FDF-84BD-46BA-93F9-C05085FE6814,ABC,phase1,6,48,5,43,C,10
2C5E25C1-103F-49BD-86A4-49D660BFF711,CCC,phase2,1,54,8,46,C,10
2C5E25C1-103F-49BD-86A4-49D660BFF711,CCC,phase2,2,20,2,18,C,10
2C5E25C1-103F-49BD-86A4-49D660BFF711,CCC,phase2,3,25,7,18,C,10
2C5E25C1-103F-49BD-86A4-49D660BFF711,CCC,phase2,4,25,3,22,C,10
2C5E25C1-103F-49BD-86A4-49D660BFF711,CCC,phase2,5,4,2,2,C,10
2C837428-D271-45A8-9D6E-520AF277F052,CCC,phase1,1,1,1,0,C,10
2C84F15D-8E9A-4D12-AFFC-44B48610C888,ACC,phase1,1,76,47,29,A,3
2C84F15D-8E9A-4D12-AFFC-44B48610C888,ACC,phase1,2,50,33,17,A,3
2D7FA8A1-24DA-4A26-BEF5-0CF7E7B04499,CCC,phase1,1,210,76,134,C,10
2D7FA8A1-24DA-4A26-BEF5-0CF7E7B04499,CCC,phase1,2,238,92,146,C,10
2D7FA8A1-24DA-4A26-BEF5-0CF7E7B04499,CCC,phase1,3,163,54,109,C,10
2D7FA8A1-24DA-4A26-BEF5-0CF7E7B04499,CCC,phase1,4,186,77,109,C,10
2D7FA8A1-24DA-4A26-BEF5-0CF7E7B04499,CCC,phase1,5,111,42,69,C,10
2D7FA8A1-24DA-4A26-BEF5-0CF7E7B04499,CCC,phase1,6,150,67,83,C,10
2DD22F12-BD88-427D-9352-AB5AAF0E16FA,ABC,phase1,1,63,5,58,A,3
2DD22F12-BD88-427D-9352-AB5AAF0E16FA,ABC,phase1,2,43,5,38,A,3
2DD6FC6E-B06B-4E40-AA7D-355C34E2EF1E,CCC,phase1,1,59,4,55,C,10
2DD6FC6E-B06B-4E40-AA7D-355C34E2EF1E,CCC,phase1,2,29,3,26,C,10
2DD6FC6E-B06B-4E40-AA7D-355C34E2EF1E,CCC,phase1,3,25,0,25,C,10
2DD6FC6E-B06B-4E40-AA7D-355C34E2EF1E,CCC,phase1,4,21,0,21,C,10
2DD6FC6E-B06B-4E40-AA7D-355C34E2EF1E,CCC,phase1,5,34,1,33,C,10
2DD6FC6E-B06B-4E40-AA7D-355C34E2EF1E,CCC,phase1,6,35,2,33,C,10
2E61B24F-4537-47D3-9C27-0E0A7022705C,ABC,phase1,1,316,98,218,A,3
2E61B24F-4537-47D3-9C27-0E0A7022705C,ABC,phase1,2,212,40,172,A,3
2E61B24F-4537-47D3-9C27-0E0A7022705C,ABC,phase1,3,206,27,179,B,6
2E61B24F-4537-47D3-9C27-0E0A7022705C,ABC,phase1,4,94,17,77,B,6
2E61B24F-4537-47D3-9C27-0E0A7022705C,ABC,phase1,5,35,5,30,C,10
2E61B24F-4537-47D3-9C27-0E0A7022705C,ABC,phase1,6,122,14,108,C,10
2E8AD694-D066-4D03-8DB3-8DFBDD51C4C9,BCC,phase2,1,225,86,139,B,6
2E8AD694-D066-4D03-8DB3-8DFBDD51C4C9,BCC,phase2,2,106,51,55,B,6
2E8AD694-D066-4D03-8DB3-8DFBDD51C4C9,BCC,phase2,3,82,37,45,C,10
2E8AD694-D066-4D03-8DB3-8DFBDD51C4C9,BCC,phase2,4,38,15,23,C,10
2EEFAD72-A619-4CEF-AB6C-E1FE4153DB2A,ABC,phase2,1,51,9,42,A,3
2EEFAD72-A619-4CEF-AB6C-E1FE4153DB2A,ABC,phase2,2,66,12,54,A,3
2EEFAD72-A619-4CEF-AB6C-E1FE4153DB2A,ABC,phase2,3,21,0,21,B,6
2EEFAD72-A619-4CEF-AB6C-E1FE4153DB2A,ABC,phase2,4,6,0,6,B,6
2FA19CB0-8E75-45A0-A880-F43028D687A2,CCC,phase1,1,8,8,0,C,10
2FD7001C-E4C0-40A9-A56C-6AA44DAA7587,ACC,phase2,1,43,17,26,A,3
2FD7001C-E4C0-40A9-A56C-6AA44DAA7587,ACC,phase2,2,192,58,134,A,3
2FD7001C-E4C0-40A9-A56C-6AA44DAA7587,ACC,phase2,3,123,38,85,C,10
2FD7001C-E4C0-40A9-A56C-6AA44DAA7587,ACC,phase2,4,95,30,65,C,10
2FD7001C-E4C0-40A9-A56C-6AA44DAA7587,ACC,phase2,5,66,20,46,C,10
2FD7001C-E4C0-40A9-A56C-6AA44DAA7587,ACC,phase2,6,48,15,33,C,10
2FED54E4-0F09-4AC7-86B1-75F4979DF93C,BCC,phase1,1,1,1,0,B,6
2FFC58C1-BEA0-4215-B5FA-4C0962F22F91,BCC,phase2,1,1,0,1,B,6
300CEC13-6542-489C-864A-30F93A672887,BCC,phase1,1,260,56,204,B,6
300CEC13-6542-489C-864A-30F93A672887,BCC,phase1,2,200,25,175,B,6
300CEC13-6542-489C-864A-30F93A672887,BCC,phase1,3,111,21,90,C,10
300CEC13-6542-489C-864A-30F93A672887,BCC,phase1,4,145,26,119,C,10
300CEC13-6542-489C-864A-30F93A672887,BCC,phase1,5,106,14,92,C,10
300CEC13-6542-489C-864A-30F93A672887,BCC,phase1,6,178,27,151,C,10
3028BD4E-B26D-4540-B996-C854EB3C49B6,ABC,phase2,1,452,246,206,A,3
3028BD4E-B26D-4540-B996-C854EB3C49B6,ABC,phase2,2,325,164,161,A,3
3028BD4E-B26D-4540-B996-C854EB3C49B6,ABC,phase2,3,379,181,198,B,6
3028BD4E-B26D-4540-B996-C854EB3C49B6,ABC,phase2,4,355,181,174,B,6
3028BD4E-B26D-4540-B996-C854EB3C49B6,ABC,phase2,5,299,128,171,C,10
3028BD4E-B26D-4540-B996-C854EB3C49B6,ABC,phase2,6,358,220,138,C,10
305E1D24-0CD1-4D2B-AD41-5CD8BA8E4716,CCC,phase1,1,52,10,42,C,10
305E1D24-0CD1-4D2B-AD41-5CD8BA8E4716,CCC,phase1,2,88,21,67,C,10
305E1D24-0CD1-4D2B-AD41-5CD8BA8E4716,CCC,phase1,3,43,6,37,C,10
307B5A5F-BEF9-433A-B7C1-933A07B302D1,BCC,phase1,1,277,56,221,B,6
307B5A5F-BEF9-433A-B7C1-933A07B302D1,BCC,phase1,2,314,41,273,B,6
307B5A5F-BEF9-433A-B7C1-933A07B302D1,BCC,phase1,3,228,45,183,C,10
307B5A5F-BEF9-433A-B7C1-933A07B302D1,BCC,phase1,4,181,22,159,C,10
307B5A5F-BEF9-433A-B7C1-933A07B302D1,BCC,phase1,5,169,27,142,C,10
307B5A5F-BEF9-433A-B7C1-933A07B302D1,BCC,phase1,6,142,21,121,C,10
3090086D-FA5A-44AE-A3C4-19C6627562E1,ACC,phase1,1,60,5,55,A,3
3090086D-FA5A-44AE-A3C4-19C6627562E1,ACC,phase1,2,32,5,27,A,3
30C39EDA-ADF6-48C6-B4B8-6323BA53D78D,ACC,phase1,1,239,83,156,A,3
30C39EDA-ADF6-48C6-B4B8-6323BA53D78D,ACC,phase1,2,225,81,144,A,3
30C39EDA-ADF6-48C6-B4B8-6323BA53D78D,ACC,phase1,3,129,55,74,C,10
30C39EDA-ADF6-48C6-B4B8-6323BA53D78D,ACC,phase1,4,135,49,86,C,10
30C39EDA-ADF6-48C6-B4B8-6323BA53D78D,ACC,phase1,5,147,86,61,C,10
30C39EDA-ADF6-48C6-B4B8-6323BA53D78D,ACC,phase1,6,107,51,56,C,10
30C928DA-B268-4E71-A7FE-6A20765EE707,CCC,phase1,1,2,1,1,C,10
30E47872-6A0F-40AA-8E0E-7B060637D3BC,ACC,phase1,1,119,31,88,A,3
30E47872-6A0F-40AA-8E0E-7B060637D3BC,ACC,phase1,2,153,32,121,A,3
30E47872-6A0F-40AA-8E0E-7B060637D3BC,ACC,phase1,3,112,21,91,C,10
30E47872-6A0F-40AA-8E0E-7B060637D3BC,ACC,phase1,4,5,2,3,C,10
31C1FE34-A62C-4C66-9D6C-C22DB2D486D1,CCC,phase1,1,306,148,158,C,10
31C1FE34-A62C-4C66-9D6C-C22DB2D486D1,CCC,phase1,2,273,66,207,C,10
31C1FE34-A62C-4C66-9D6C-C22DB2D486D1,CCC,phase1,3,125,28,97,C,10
31C1FE34-A62C-4C66-9D6C-C22DB2D486D1,CCC,phase1,4,83,11,72,C,10
31C1FE34-A62C-4C66-9D6C-C22DB2D486D1,CCC,phase1,5,89,15,74,C,10
31C1FE34-A62C-4C66-9D6C-C22DB2D486D1,CCC,phase1,6,80,9,71,C,10
31EC0EB2-1DCA-4901-BF0D-EFE847BF87F3,BCC,phase1,1,111,24,87,B,6
31EC0EB2-1DCA-4901-BF0D-EFE847BF87F3,BCC,phase1,2,77,14,63,B,6
31EC0EB2-1DCA-4901-BF0D-EFE847BF87F3,BCC,phase1,3,52,13,39,C,10
31EC0EB2-1DCA-4901-BF0D-EFE847BF87F3,BCC,phase1,4,2,0,2,C,10
32076FF9-9F2A-445A-B2CF-AF7D36E62D78,BCC,phase1,1,198,37,161,B,6
32076FF9-9F2A-445A-B2CF-AF7D36E62D78,BCC,phase1,2,193,33,160,B,6
32076FF9-9F2A-445A-B2CF-AF7D36E62D78,BCC,phase1,3,188,44,144,C,10
32076FF9-9F2A-445A-B2CF-AF7D36E62D78,BCC,phase1,4,65,9,56,C,10
320B3FFD-8C78-48BB-BAA5-B0F0085F8C68,ABC,phase2,1,54,15,39,A,3
320B3FFD-8C78-48BB-BAA5-B0F0085F8C68,ABC,phase2,2,6,4,2,A,3
320B3FFD-8C78-48BB-BAA5-B0F0085F8C68,ABC,phase2,3,5,1,4,B,6
322552C9-E69F-45D6-8230-3AFC8ED235D4,ACC,phase2,1,84,73,11,A,3
322552C9-E69F-45D6-8230-3AFC8ED235D4,ACC,phase2,2,81,48,33,A,3
322552C9-E69F-45D6-8230-3AFC8ED235D4,ACC,phase2,3,84,53,31,C,10
322552C9-E69F-45D6-8230-3AFC8ED235D4,ACC,phase2,4,85,29,56,C,10
322552C9-E69F-45D6-8230-3AFC8ED235D4,ACC,phase2,5,150,64,86,C,10
322552C9-E69F-45D6-8230-3AFC8ED235D4,ACC,phase2,6,64,21,43,C,10
328128C2-6F77-4119-B081-B8D194BB4006,ABC,phase2,1,74,9,65,A,3
328128C2-6F77-4119-B081-B8D194BB4006,ABC,phase2,2,97,9,88,A,3
328128C2-6F77-4119-B081-B8D194BB4006,ABC,phase2,3,102,18,84,B,6
328128C2-6F77-4119-B081-B8D194BB4006,ABC,phase2,4,50,4,46,B,6
328128C2-6F77-4119-B081-B8D194BB4006,ABC,phase2,5,67,9,58,C,10
328128C2-6F77-4119-B081-B8D194BB4006,ABC,phase2,6,29,4,25,C,10
3285F425-E097-4B1D-A135-1791763B53F8,BCC,phase2,1,663,478,185,B,6
3285F425-E097-4B1D-A135-1791763B53F8,BCC,phase2,2,467,114,353,B,6
3285F425-E097-4B1D-A135-1791763B53F8,BCC,phase2,3,467,166,301,C,10
3285F425-E097-4B1D-A135-1791763B53F8,BCC,phase2,4,148,52,96,C,10
32F60A23-9481-429D-8763-0AD45DE1974F,BCC,phase2,1,213,68,145,B,6
32F60A23-9481-429D-8763-0AD45DE1974F,BCC,phase2,2,199,75,124,B,6
32F60A23-9481-429D-8763-0AD45DE1974F,BCC,phase2,3,175,58,117,C,10
32F60A23-9481-429D-8763-0AD45DE1974F,BCC,phase2,4,154,73,81,C,10
32F60A23-9481-429D-8763-0AD45DE1974F,BCC,phase2,5,71,30,41,C,10
3322A3E8-8C47-406F-98E2-610DC6C7E0EC,CCC,phase1,1,1,1,0,C,10
33350C0A-ABC1-45A4-8798-9A4DAF1C48FE,ACC,phase1,1,168,62,106,A,3
33350C0A-ABC1-45A4-8798-9A4DAF1C48FE,ACC,phase1,2,91,19,72,A,3
33350C0A-ABC1-45A4-8798-9A4DAF1C48FE,ACC,phase1,3,3,1,2,C,10
33350C0A-ABC1-45A4-8798-9A4DAF1C48FE,ACC,phase1,4,63,34,29,C,10
33350C0A-ABC1-45A4-8798-9A4DAF1C48FE,ACC,phase1,5,67,42,25,C,10
33350C0A-ABC1-45A4-8798-9A4DAF1C48FE,ACC,phase1,6,109,58,51,C,10
333C22D8-99BB-4E30-B1C5-EDE0604D05B9,BCC,phase2,1,123,16,107,B,6
333C22D8-99BB-4E30-B1C5-EDE0604D05B9,BCC,phase2,2,138,27,111,B,6
333C22D8-99BB-4E30-B1C5-EDE0604D05B9,BCC,phase2,3,36,9,27,C,10
33432CFC-6BED-46C0-89E7-548C2E5AFA95,ACC,phase2,1,119,78,41,A,3
33432CFC-6BED-46C0-89E7-548C2E5AFA95,ACC,phase2,2,112,32,80,A,3
33432CFC-6BED-46C0-89E7-548C2E5AFA95,ACC,phase2,3,37,13,24,C,10
33432CFC-6BED-46C0-89E7-548C2E5AFA95,ACC,phase2,4,75,22,53,C,10
33432CFC-6BED-46C0-89E7-548C2E5AFA95,ACC,phase2,5,8,3,5,C,10
3352E773-8AFF-4FA6-BA0F-2DD12276AC8B,ACC,phase2,1,1,1,0,A,3
33B22FDB-ED65-428C-880F-00D4A0E685B3,CCC,phase2,1,267,213,54,C,10
33B22FDB-ED65-428C-880F-00D4A0E685B3,CCC,phase2,2,155,88,67,C,10
33B22FDB-ED65-428C-880F-00D4A0E685B3,CCC,phase2,3,81,14,67,C,10
33B22FDB-ED65-428C-880F-00D4A0E685B3,CCC,phase2,4,90,16,74,C,10
33B22FDB-ED65-428C-880F-00D4A0E685B3,CCC,phase2,5,77,16,61,C,10
33B22FDB-ED65-428C-880F-00D4A0E685B3,CCC,phase2,6,46,8,38,C,10
33E58243-CE87-419B-AC9F-D1949F226729,ACC,phase2,1,20,13,7,A,3
341365C4-6B3C-43FB-9A61-9ADB79F89987,CCC,phase2,1,54,21,33,C,10
341365C4-6B3C-43FB-9A61-9ADB79F89987,CCC,phase2,2,15,2,13,C,10
341365C4-6B3C-43FB-9A61-9ADB79F89987,CCC,phase2,3,40,9,31,C,10
341DD416-EE34-4DEB-9CED-2AF540BD7F2D,BCC,phase2,1,1,1,0,B,6
342051BF-25EC-4276-BE6C-9D89EA8381EC,CCC,phase1,1,1,0,1,C,10
3442CA8B-F0B8-45E0-96A6-034EE2DF0CF6,ABC,phase2,1,90,70,20,A,3
3442CA8B-F0B8-45E0-96A6-034EE2DF0CF6,ABC,phase2,2,50,26,24,A,3
3442CA8B-F0B8-45E0-96A6-034EE2DF0CF6,ABC,phase2,3,70,49,21,B,6
3442CA8B-F0B8-45E0-96A6-034EE2DF0CF6,ABC,phase2,4,65,50,15,B,6
3442CA8B-F0B8-45E0-96A6-034EE2DF0CF6,ABC,phase2,5,31,19,12,C,10
3442CA8B-F0B8-45E0-96A6-034EE2DF0CF6,ABC,phase2,6,48,22,26,C,10
34531CFB-8F66-48B0-8D98-4B1A7DE3C10D,BCC,phase1,1,215,46,169,B,6
34531CFB-8F66-48B0-8D98-4B1A7DE3C10D,BCC,phase1,2,143,17,126,B,6
34531CFB-8F66-48B0-8D98-4B1A7DE3C10D,BCC,phase1,3,190,36,154,C,10
34531CFB-8F66-48B0-8D98-4B1A7DE3C10D,BCC,phase1,4,137,22,115,C,10
34531CFB-8F66-48B0-8D98-4B1A7DE3C10D,BCC,phase1,5,116,19,97,C,10
34531CFB-8F66-48B0-8D98-4B1A7DE3C10D,BCC,phase1,6,156,26,130,C,10
3454623D-96AA-4A0A-B439-D4920FF79B03,ACC,phase2,1,8,3,5,A,3
3454623D-96AA-4A0A-B439-D4920FF79B03,ACC,phase2,2,16,4,12,A,3
3454623D-96AA-4A0A-B439-D4920FF79B03,ACC,phase2,3,2,0,2,C,10
3454623D-96AA-4A0A-B439-D4920FF79B03,ACC,phase2,4,6,2,4,C,10
3454623D-96AA-4A0A-B439-D4920FF79B03,ACC,phase2,5,10,2,8,C,10
3454623D-96AA-4A0A-B439-D4920FF79B03,ACC,phase2,6,1,1,0,C,10
34711BB8-101B-4982-91D6-3B7255B0C18D,BCC,phase1,1,59,15,44,B,6
34711BB8-101B-4982-91D6-3B7255B0C18D,BCC,phase1,2,26,6,20,B,6
34711BB8-101B-4982-91D6-3B7255B0C18D,BCC,phase1,3,35,12,23,C,10
34711BB8-101B-4982-91D6-3B7255B0C18D,BCC,phase1,4,12,0,12,C,10
3472E0FA-CC66-4EED-89AD-BC023E3A7F4A,CCC,phase1,1,131,74,57,C,10
3472E0FA-CC66-4EED-89AD-BC023E3A7F4A,CCC,phase1,2,73,34,39,C,10
3472E0FA-CC66-4EED-89AD-BC023E3A7F4A,CCC,phase1,3,97,53,44,C,10
3472E0FA-CC66-4EED-89AD-BC023E3A7F4A,CCC,phase1,4,65,21,44,C,10
3472E0FA-CC66-4EED-89AD-BC023E3A7F4A,CCC,phase1,5,54,14,40,C,10
3472E0FA-CC66-4EED-89AD-BC023E3A7F4A,CCC,phase1,6,70,17,53,C,10
34FE51C2-FC71-4FEB-BEFE-FA825311373D,BCC,phase2,1,361,103,258,B,6
34FE51C2-FC71-4FEB-BEFE-FA825311373D,BCC,phase2,2,267,45,222,B,6
34FE51C2-FC71-4FEB-BEFE-FA825311373D,BCC,phase2,3,210,63,147,C,10
34FE51C2-FC71-4FEB-BEFE-FA825311373D,BCC,phase2,4,123,23,100,C,10
34FE51C2-FC71-4FEB-BEFE-FA825311373D,BCC,phase2,5,71,6,65,C,10
351F1537-E343-4BC5-A3C8-F2A1D13AE386,CCC,phase1,1,417,121,296,C,10
351F1537-E343-4BC5-A3C8-F2A1D13AE386,CCC,phase1,2,341,49,292,C,10
351F1537-E343-4BC5-A3C8-F2A1D13AE386,CCC,phase1,3,395,68,327,C,10
351F1537-E343-4BC5-A3C8-F2A1D13AE386,CCC,phase1,4,428,65,363,C,10
351F1537-E343-4BC5-A3C8-F2A1D13AE386,CCC,phase1,5,364,48,316,C,10
351F1537-E343-4BC5-A3C8-F2A1D13AE386,CCC,phase1,6,325,65,260,C,10
354A35BB-1EB0-4913-BF96-73238B0A13C8,ABC,phase2,1,27,5,22,A,3
354FCFF2-2085-4F55-891D-F03A6054FA0A,BCC,phase2,1,6,2,4,B,6
35A8F1C0-3FE7-4F44-BAF0-8D4AA3C0FF55,ABC,phase2,1,59,6,53,A,3
35A8F1C0-3FE7-4F44-BAF0-8D4AA3C0FF55,ABC,phase2,2,69,5,64,A,3
35A8F1C0-3FE7-4F44-BAF0-8D4AA3C0FF55,ABC,phase2,3,18,2,16,B,6
35B88BEF-07DB-450B-A99A-204E4B000055,BCC,phase2,1,356,243,113,B,6
35B88BEF-07DB-450B-A99A-204E4B000055,BCC,phase2,2,240,128,112,B,6
35B88BEF-07DB-450B-A99A-204E4B000055,BCC,phase2,3,21,4,17,C,10
35E9CEAD-14F1-453C-AD77-09DB1EADFB5C,ACC,phase2,1,105,15,90,A,3
35E9CEAD-14F1-453C-AD77-09DB1EADFB5C,ACC,phase2,2,15,2,13,A,3
35FF53BA-951A-4C1E-96D1-141DF91BAA49,BCC,phase2,1,112,31,81,B,6
35FF53BA-951A-4C1E-96D1-141DF91BAA49,BCC,phase2,2,150,35,115,B,6
35FF53BA-951A-4C1E-96D1-141DF91BAA49,BCC,phase2,3,106,23,83,C,10
35FF53BA-951A-4C1E-96D1-141DF91BAA49,BCC,phase2,4,15,2,13,C,10
36326542-8129-4DA7-92CD-9CD8971F6CE8,ABC,phase2,1,39,8,31,A,3
3649BCD2-0F59-41BD-BB58-BA6785C4F281,ACC,phase2,1,619,364,255,A,3
36A90AFB-69CC-4943-877C-7C1455B8A52F,CCC,phase1,1,2,2,0,C,10
36AC7094-A782-40C4-AC77-8A3CEEA21CAB,ABC,phase1,1,106,12,94,A,3
36AC7094-A782-40C4-AC77-8A3CEEA21CAB,ABC,phase1,2,0,0,0,A,3
36AC7094-A782-40C4-AC77-8A3CEEA21CAB,ABC,phase1,3,0,0,0,B,6
36AC7094-A782-40C4-AC77-8A3CEEA21CAB,ABC,phase1,4,29,14,15,B,6
36C86988-813D-433D-BF85-3F866186CC1E,ACC,phase2,1,151,11,140,A,3
36C86988-813D-433D-BF85-3F866186CC1E,ACC,phase2,2,72,2,70,A,3
36C86988-813D-433D-BF85-3F866186CC1E,ACC,phase2,3,31,6,25,C,10
36D0EE39-C23A-423B-8C48-D25690F62819,BCC,phase2,1,65,33,32,B,6
36D0EE39-C23A-423B-8C48-D25690F62819,BCC,phase2,2,47,20,27,B,6
36D0EE39-C23A-423B-8C48-D25690F62819,BCC,phase2,3,20,7,13,C,10
3709F8E7-95E1-47F0-A95A-59BA1191818E,CCC,phase1,1,1,1,0,C,10
370C89A7-1791-4E7B-8297-943107CCE87D,CCC,phase2,1,1,0,1,C,10
375B165B-A589-48EC-87A6-7DF82D8CCF78,CCC,phase1,1,130,42,88,C,10
375B165B-A589-48EC-87A6-7DF82D8CCF78,CCC,phase1,2,197,32,165,C,10
375B165B-A589-48EC-87A6-7DF82D8CCF78,CCC,phase1,3,86,10,76,C,10
375B165B-A589-48EC-87A6-7DF82D8CCF78,CCC,phase1,4,70,17,53,C,10
375B165B-A589-48EC-87A6-7DF82D8CCF78,CCC,phase1,5,94,28,66,C,10
375B165B-A589-48EC-87A6-7DF82D8CCF78,CCC,phase1,6,88,20,68,C,10
378713A7-681B-41CF-9CC6-C3DD6937A866,BCC,phase1,1,1,1,0,B,6
37894E2C-1668-4161-80B9-0826BBAEC2E1,CCC,phase1,1,1,0,1,C,10
37914A14-ACEA-439B-B163-3A88EEFF67AA,CCC,phase1,1,185,160,25,C,10
37929737-637B-46AC-8C99-B9745BAF1B32,CCC,phase2,1,55,14,41,C,10
37929737-637B-46AC-8C99-B9745BAF1B32,CCC,phase2,2,22,5,17,C,10
37929737-637B-46AC-8C99-B9745BAF1B32,CCC,phase2,3,64,17,47,C,10
37929737-637B-46AC-8C99-B9745BAF1B32,CCC,phase2,4,56,16,40,C,10
379B6E72-E707-4BB1-A2ED-D9A2FA89B0E5,CCC,phase1,1,29,9,20,C,10
379B6E72-E707-4BB1-A2ED-D9A2FA89B0E5,CCC,phase1,2,54,20,34,C,10
379B6E72-E707-4BB1-A2ED-D9A2FA89B0E5,CCC,phase1,3,44,17,27,C,10
379B6E72-E707-4BB1-A2ED-D9A2FA89B0E5,CCC,phase1,4,64,13,51,C,10
379B6E72-E707-4BB1-A2ED-D9A2FA89B0E5,CCC,phase1,5,35,13,22,C,10
379B6E72-E707-4BB1-A2ED-D9A2FA89B0E5,CCC,phase1,6,44,12,32,C,10
379C8858-7419-4E30-9A67-3EE523989C8F,ACC,phase2,1,1,1,0,A,3
37AE9FF0-D634-408D-B18A-A41B8F088982,ABC,phase1,1,365,97,268,A,3
37AE9FF0-D634-408D-B18A-A41B8F088982,ABC,phase1,2,339,90,249,A,3
37AE9FF0-D634-408D-B18A-A41B8F088982,ABC,phase1,3,245,91,154,B,6
37AE9FF0-D634-408D-B18A-A41B8F088982,ABC,phase1,4,133,46,87,B,6
37AE9FF0-D634-408D-B18A-A41B8F088982,ABC,phase1,5,196,46,150,C,10
37AE9FF0-D634-408D-B18A-A41B8F088982,ABC,phase1,6,167,25,142,C,10
37F22EA8-490E-4EB8-BA0B-C5FA90A1692E,CCC,phase2,1,1,1,0,C,10
37F7A615-BC44-4F32-8354-58CE5E99BA87,ABC,phase1,1,78,37,41,A,3
37F7A615-BC44-4F32-8354-58CE5E99BA87,ABC,phase1,2,83,42,41,A,3
37F7A615-BC44-4F32-8354-58CE5E99BA87,ABC,phase1,3,90,32,58,B,6
37F7A615-BC44-4F32-8354-58CE5E99BA87,ABC,phase1,4,88,31,57,B,6
37F7A615-BC44-4F32-8354-58CE5E99BA87,ABC,phase1,5,87,30,57,C,10
37F7A615-BC44-4F32-8354-58CE5E99BA87,ABC,phase1,6,64,21,43,C,10
38483A33-B46D-4945-A56E-092A48E0E6AE,BCC,phase2,1,24,9,15,B,6
38BC2EC6-3D2D-4FA9-92B8-5D578A24657E,BCC,phase1,1,1,0,1,B,6
38F3E3EE-6BB4-4CD8-B9EC-15F630B1F2F9,BCC,phase2,1,55,10,45,B,6
38F3E3EE-6BB4-4CD8-B9EC-15F630B1F2F9,BCC,phase2,2,28,3,25,B,6
38F3E3EE-6BB4-4CD8-B9EC-15F630B1F2F9,BCC,phase2,3,41,8,33,C,10
38F3E3EE-6BB4-4CD8-B9EC-15F630B1F2F9,BCC,phase2,4,35,8,27,C,10
38F3E3EE-6BB4-4CD8-B9EC-15F630B1F2F9,BCC,phase2,5,15,2,13,C,10
38F3E3EE-6BB4-4CD8-B9EC-15F630B1F2F9,BCC,phase2,6,13,4,9,C,10
38F9D9A9-6B6A-49C3-8B00-35C1E79E7EE3,ABC,phase2,1,5,3,2,A,3
39173485-BF47-413D-A8C4-CCB1762E45D0,ACC,phase1,1,48,8,40,A,3
39173485-BF47-413D-A8C4-CCB1762E45D0,ACC,phase1,2,32,3,29,A,3
39173485-BF47-413D-A8C4-CCB1762E45D0,ACC,phase1,3,34,9,25,C,10
39173485-BF47-413D-A8C4-CCB1762E45D0,ACC,phase1,4,44,8,36,C,10
39173485-BF47-413D-A8C4-CCB1762E45D0,ACC,phase1,5,17,2,15,C,10
39173485-BF47-413D-A8C4-CCB1762E45D0,ACC,phase1,6,12,2,10,C,10
394091C6-B09C-4E83-B29F-945A9267A140,CCC,phase2,1,12,8,4,C,10
394091C6-B09C-4E83-B29F-945A9267A140,CCC,phase2,2,5,0,5,C,10
394091C6-B09C-4E83-B29F-945A9267A140,CCC,phase2,3,6,1,5,C,10
394E3A05-7C69-4B7C-9929-27D1D9C998B5,ABC,phase2,1,1,1,0,A,3
3967DF1E-D8C2-474E-924F-9F7CA7837EC5,CCC,phase2,1,17,5,12,C,10
3967DF1E-D8C2-474E-924F-9F7CA7837EC5,CCC,phase2,2,13,3,10,C,10
3967DF1E-D8C2-474E-924F-9F7CA7837EC5,CCC,phase2,3,14,1,13,C,10
3967DF1E-D8C2-474E-924F-9F7CA7837EC5,CCC,phase2,4,11,1,10,C,10
39A836A5-59A5-41FF-9CF9-7D3C49031C24,ACC,phase1,1,119,42,77,A,3
39A836A5-59A5-41FF-9CF9-7D3C49031C24,ACC,phase1,2,99,21,78,A,3
39A836A5-59A5-41FF-9CF9-7D3C49031C24,ACC,phase1,3,77,21,56,C,10
39A836A5-59A5-41FF-9CF9-7D3C49031C24,ACC,phase1,4,76,14,62,C,10
39A836A5-59A5-41FF-9CF9-7D3C49031C24,ACC,phase1,5,65,11,54,C,10
39A836A5-59A5-41FF-9CF9-7D3C49031C24,ACC,phase1,6,52,7,45,C,10
39DB0619-8DC9-4DFB-84E7-EF31902AD71C,CCC,phase2,1,130,54,76,C,10
39DB0619-8DC9-4DFB-84E7-EF31902AD71C,CCC,phase2,2,144,35,109,C,10
39DB0619-8DC9-4DFB-84E7-EF31902AD71C,CCC,phase2,3,99,19,80,C,10
39DB0619-8DC9-4DFB-84E7-EF31902AD71C,CCC,phase2,4,100,28,72,C,10
39DB0619-8DC9-4DFB-84E7-EF31902AD71C,CCC,phase2,5,77,17,60,C,10
39DB0619-8DC9-4DFB-84E7-EF31902AD71C,CCC,phase2,6,50,6,44,C,10
39EF3BB5-704F-4682-A888-81257DD00A24,ACC,phase2,1,143,31,112,A,3
39EF3BB5-704F-4682-A888-81257DD00A24,ACC,phase2,2,101,27,74,A,3
39EF3BB5-704F-4682-A888-81257DD00A24,ACC,phase2,3,62,17,45,C,10
39EF3BB5-704F-4682-A888-81257DD00A24,ACC,phase2,4,74,12,62,C,10
39EF3BB5-704F-4682-A888-81257DD00A24,ACC,phase2,5,71,18,53,C,10
39EF3BB5-704F-4682-A888-81257DD00A24,ACC,phase2,6,61,14,47,C,10
3A01311E-F6D9-4CFC-851E-0CBBA42565C1,ABC,phase1,1,257,45,212,A,3
3A3C5D0E-FB8F-4BCA-88AB-0E13A91214FB,ABC,phase2,1,271,61,210,A,3
3A3C5D0E-FB8F-4BCA-88AB-0E13A91214FB,ABC,phase2,2,217,43,174,A,3
3A3C5D0E-FB8F-4BCA-88AB-0E13A91214FB,ABC,phase2,3,239,42,197,B,6
3A3C5D0E-FB8F-4BCA-88AB-0E13A91214FB,ABC,phase2,4,149,27,122,B,6
3A6A1F9F-11E3-4028-B88F-068F3468CEF7,ACC,phase2,1,54,25,29,A,3
3A6A1F9F-11E3-4028-B88F-068F3468CEF7,ACC,phase2,2,32,8,24,A,3
3A6A1F9F-11E3-4028-B88F-068F3468CEF7,ACC,phase2,3,69,18,51,C,10
3A6A1F9F-11E3-4028-B88F-068F3468CEF7,ACC,phase2,4,54,10,44,C,10
3A6A1F9F-11E3-4028-B88F-068F3468CEF7,ACC,phase2,5,23,7,16,C,10
3A7212C6-0EC6-4D2B-AEA7-C5591BE33E2E,ACC,phase2,1,254,95,159,A,3
3A7212C6-0EC6-4D2B-AEA7-C5591BE33E2E,ACC,phase2,2,197,59,138,A,3
3A7212C6-0EC6-4D2B-AEA7-C5591BE33E2E,ACC,phase2,3,173,53,120,C,10
3A7212C6-0EC6-4D2B-AEA7-C5591BE33E2E,ACC,phase2,4,118,22,96,C,10
3ABC6F75-5AD0-49A6-AB7C-A5EBBFC302F6,CCC,phase2,1,19,4,15,C,10
3ABC6F75-5AD0-49A6-AB7C-A5EBBFC302F6,CCC,phase2,2,94,35,59,C,10
3ABC6F75-5AD0-49A6-AB7C-A5EBBFC302F6,CCC,phase2,3,64,15,49,C,10
3ABC6F75-5AD0-49A6-AB7C-A5EBBFC302F6,CCC,phase2,4,103,29,74,C,10
3ABC6F75-5AD0-49A6-AB7C-A5EBBFC302F6,CCC,phase2,5,72,16,56,C,10
3ABC6F75-5AD0-49A6-AB7C-A5EBBFC302F6,CCC,phase2,6,72,22,50,C,10
3B0EE149-9FBB-4732-BF31-83F2229C7B4D,ABC,phase2,1,88,21,67,A,3
3B14EB90-C712-40F3-A037-2C7F8BC98AB2,CCC,phase2,1,35,13,22,C,10
3B14EB90-C712-40F3-A037-2C7F8BC98AB2,CCC,phase2,2,40,11,29,C,10
3B14EB90-C712-40F3-A037-2C7F8BC98AB2,CCC,phase2,3,10,3,7,C,10
3B1E9452-4DC3-4B74-B71C-0620A081358B,ABC,phase2,1,194,59,135,A,3
3B1E9452-4DC3-4B74-B71C-0620A081358B,ABC,phase2,2,163,54,109,A,3
3B1E9452-4DC3-4B74-B71C-0620A081358B,ABC,phase2,3,115,18,97,B,6
3B1EDEF7-F7AB-41B5-801B-783822C66F66,CCC,phase2,1,172,33,139,C,10
3B1EDEF7-F7AB-41B5-801B-783822C66F66,CCC,phase2,2,183,36,147,C,10
3B1EDEF7-F7AB-41B5-801B-783822C66F66,CCC,phase2,3,275,51,224,C,10
3B1EDEF7-F7AB-41B5-801B-783822C66F66,CCC,phase2,4,287,47,240,C,10
3B1EDEF7-F7AB-41B5-801B-783822C66F66,CCC,phase2,5,290,40,250,C,10
3B1EDEF7-F7AB-41B5-801B-783822C66F66,CCC,phase2,6,55,7,48,C,10
3BF210A8-89C3-4185-ACC7-05F0C73D0BEE,CCC,phase2,1,17,8,9,C,10
3BF8986A-02DB-49FF-B300-910DA5F776DC,ABC,phase1,1,187,68,119,A,3
3BF8986A-02DB-49FF-B300-910DA5F776DC,ABC,phase1,2,131,40,91,A,3
3BF8986A-02DB-49FF-B300-910DA5F776DC,ABC,phase1,3,26,4,22,B,6
3C2C37F2-95B1-431C-BA27-3A3A0E2065C3,BCC,phase2,1,100,29,71,B,6
3C2C37F2-95B1-431C-BA27-3A3A0E2065C3,BCC,phase2,2,78,16,62,B,6
3C2C37F2-95B1-431C-BA27-3A3A0E2065C3,BCC,phase2,3,86,22,64,C,10
3C2C37F2-95B1-431C-BA27-3A3A0E2065C3,BCC,phase2,4,100,21,79,C,10
3C2C37F2-95B1-431C-BA27-3A3A0E2065C3,BCC,phase2,5,66,17,49,C,10
3C33A141-CFCB-451C-A48D-9AA0FAAA314B,ACC,phase1,1,29,1,28,A,3
3C3F26DC-B48E-4CEF-ADF0-274313F04531,BCC,phase2,1,84,27,57,B,6
3C3F26DC-B48E-4CEF-ADF0-274313F04531,BCC,phase2,2,134,19,115,B,6
3C3F26DC-B48E-4CEF-ADF0-274313F04531,BCC,phase2,3,0,0,0,C,10
3C3F26DC-B48E-4CEF-ADF0-274313F04531,BCC,phase2,4,5,5,0,C,10
3C3F26DC-B48E-4CEF-ADF0-274313F04531,BCC,phase2,5,55,17,38,C,10
3C430345-E130-4283-8F98-EDCE06136F31,ACC,phase2,1,29,13,16,A,3
3C430345-E130-4283-8F98-EDCE06136F31,ACC,phase2,2,13,12,1,A,3
3C430345-E130-4283-8F98-EDCE06136F31,ACC,phase2,3,6,6,0,C,10
3C430345-E130-4283-8F98-EDCE06136F31,ACC,phase2,4,2,2,0,C,10
3C430345-E130-4283-8F98-EDCE06136F31,ACC,phase2,5,1,1,0,C,10
3C430345-E130-4283-8F98-EDCE06136F31,ACC,phase2,6,1,0,1,C,10
3C77A8E5-5802-470D-9E5F-2BBA39D90CAE,ACC,phase2,1,150,69,81,A,3
3C77A8E5-5802-470D-9E5F-2BBA39D90CAE,ACC,phase2,2,38,5,33,A,3
3C77A8E5-5802-470D-9E5F-2BBA39D90CAE,ACC,phase2,3,72,15,57,C,10
3C77A8E5-5802-470D-9E5F-2BBA39D90CAE,ACC,phase2,4,80,10,70,C,10
3C77A8E5-5802-470D-9E5F-2BBA39D90CAE,ACC,phase2,5,66,17,49,C,10
3C77A8E5-5802-470D-9E5F-2BBA39D90CAE,ACC,phase2,6,21,3,18,C,10
3CC57F38-949D-4AC4-9D2C-39B7003A9977,ABC,phase1,1,468,88,380,A,3
3CC57F38-949D-4AC4-9D2C-39B7003A9977,ABC,phase1,2,405,51,354,A,3
3CC57F38-949D-4AC4-9D2C-39B7003A9977,ABC,phase1,3,277,35,242,B,6
3CC57F38-949D-4AC4-9D2C-39B7003A9977,ABC,phase1,4,231,48,183,B,6
3CC57F38-949D-4AC4-9D2C-39B7003A9977,ABC,phase1,5,152,23,129,C,10
3CC57F38-949D-4AC4-9D2C-39B7003A9977,ABC,phase1,6,217,37,180,C,10
3CD5FB45-6F1C-4841-9FF9-56965FF92E28,ACC,phase2,1,91,14,77,A,3
3CD5FB45-6F1C-4841-9FF9-56965FF92E28,ACC,phase2,2,73,7,66,A,3
3D430DA9-EDB3-4685-9EE9-D0255AF313AC,CCC,phase2,1,1,1,0,C,10
3D4BC01B-C831-4DB2-BD20-D789933FE913,ABC,phase2,1,26,2,24,A,3
3D4BC01B-C831-4DB2-BD20-D789933FE913,ABC,phase2,2,63,11,52,A,3
3D4BC01B-C831-4DB2-BD20-D789933FE913,ABC,phase2,3,37,4,33,B,6
3D4BC01B-C831-4DB2-BD20-D789933FE913,ABC,phase2,4,52,3,49,B,6
3D4BC01B-C831-4DB2-BD20-D789933FE913,ABC,phase2,5,28,5,23,C,10
3D4C267E-D1A1-4A6C-9F79-C8F084121DC0,ACC,phase2,1,61,14,47,A,3
3D4C267E-D1A1-4A6C-9F79-C8F084121DC0,ACC,phase2,2,63,8,55,A,3
3D4C267E-D1A1-4A6C-9F79-C8F084121DC0,ACC,phase2,3,79,25,54,C,10
3D4C267E-D1A1-4A6C-9F79-C8F084121DC0,ACC,phase2,4,84,27,57,C,10
3D4C267E-D1A1-4A6C-9F79-C8F084121DC0,ACC,phase2,5,45,10,35,C,10
3D4C267E-D1A1-4A6C-9F79-C8F084121DC0,ACC,phase2,6,38,6,32,C,10
3D6493A2-96B9-4621-9877-1A9CC2B0756B,BCC,phase2,1,1,0,1,B,6
3D907ACC-A109-4B99-8C2B-8D3983B0662E,ABC,phase1,1,27,12,15,A,3
3DAA52F0-97EF-41D2-B7EE-1A2121C4613A,ABC,phase1,1,122,34,88,A,3
3DD21EE5-10BA-4B45-83F0-705D675A9649,ABC,phase1,1,201,67,134,A,3
3DD21EE5-10BA-4B45-83F0-705D675A9649,ABC,phase1,2,127,35,92,A,3
3DD21EE5-10BA-4B45-83F0-705D675A9649,ABC,phase1,3,139,36,103,B,6
3DD21EE5-10BA-4B45-83F0-705D675A9649,ABC,phase1,4,35,10,25,B,6
3DD21EE5-10BA-4B45-83F0-705D675A9649,ABC,phase1,5,83,24,59,C,10
3DD21EE5-10BA-4B45-83F0-705D675A9649,ABC,phase1,6,151,74,77,C,10
3DF645A6-7068-4832-A94F-6124BD1DC601,ACC,phase2,1,294,83,211,A,3
3DF645A6-7068-4832-A94F-6124BD1DC601,ACC,phase2,2,226,66,160,A,3
3DF645A6-7068-4832-A94F-6124BD1DC601,ACC,phase2,3,28,6,22,C,10
3E0BA12D-AE74-4C02-8006-61905B016BE4,ABC,phase1,1,76,22,54,A,3
3E0BA12D-AE74-4C02-8006-61905B016BE4,ABC,phase1,2,30,4,26,A,3
3E0BA12D-AE74-4C02-8006-61905B016BE4,ABC,phase1,3,49,12,37,B,6
3E0BA12D-AE74-4C02-8006-61905B016BE4,ABC,phase1,4,41,7,34,B,6
3E0BA12D-AE74-4C02-8006-61905B016BE4,ABC,phase1,5,43,5,38,C,10
3E0BA12D-AE74-4C02-8006-61905B016BE4,ABC,phase1,6,9,1,8,C,10
3E2E9F00-CF6B-465D-916D-4548D3539F4C,ABC,phase1,1,5,1,4,A,3
3E2E9F00-CF6B-465D-916D-4548D3539F4C,ABC,phase1,2,13,2,11,A,3
3E597416-2977-4A1E-87EC-EB9A6AAE011D,ABC,phase2,1,269,37,232,A,3
3E99EC63-2B96-43E3-BAED-207E82F3177B,CCC,phase2,1,247,96,151,C,10
3E99EC63-2B96-43E3-BAED-207E82F3177B,CCC,phase2,2,148,45,103,C,10
3E99EC63-2B96-43E3-BAED-207E82F3177B,CCC,phase2,3,30,2,28,C,10
3E99EC63-2B96-43E3-BAED-207E82F3177B,CCC,phase2,4,22,5,17,C,10
3E99EC63-2B96-43E3-BAED-207E82F3177B,CCC,phase2,5,6,1,5,C,10
3EAEA871-4085-402D-B390-424C24F27AC7,CCC,phase1,1,132,53,79,C,10
3EAEA871-4085-402D-B390-424C24F27AC7,CCC,phase1,2,112,38,74,C,10
3EAEA871-4085-402D-B390-424C24F27AC7,CCC,phase1,3,91,32,59,C,10
3EAEA871-4085-402D-B390-424C24F27AC7,CCC,phase1,4,97,36,61,C,10
3EAEA871-4085-402D-B390-424C24F27AC7,CCC,phase1,5,70,20,50,C,10
3EAEA871-4085-402D-B390-424C24F27AC7,CCC,phase1,6,62,15,47,C,10
3ED10AFC-1362-4762-A1C2-97F4B8E67A29,BCC,phase1,1,1,0,1,B,6
3F0CE913-074A-4032-B783-44BC7B4DE982,ABC,phase1,1,100,5,95,A,3
3F102BD8-7659-4D98-A4C0-FEF9A1762CEF,CCC,phase1,1,179,54,125,C,10
3F102BD8-7659-4D98-A4C0-FEF9A1762CEF,CCC,phase1,2,186,55,131,C,10
3F102BD8-7659-4D98-A4C0-FEF9A1762CEF,CCC,phase1,3,166,51,115,C,10
3F102BD8-7659-4D98-A4C0-FEF9A1762CEF,CCC,phase1,4,166,35,131,C,10
3F102BD8-7659-4D98-A4C0-FEF9A1762CEF,CCC,phase1,5,170,40,130,C,10
3F102BD8-7659-4D98-A4C0-FEF9A1762CEF,CCC,phase1,6,115,23,92,C,10
3F39CCED-4BC0-4535-8F17-377E0D171A60,BCC,phase1,1,87,20,67,B,6
3F39CCED-4BC0-4535-8F17-377E0D171A60,BCC,phase1,2,40,18,22,B,6
3F39CCED-4BC0-4535-8F17-377E0D171A60,BCC,phase1,3,296,61,235,C,10
3F39CCED-4BC0-4535-8F17-377E0D171A60,BCC,phase1,4,126,29,97,C,10
3F39CCED-4BC0-4535-8F17-377E0D171A60,BCC,phase1,5,2,0,2,C,10
3F42B384-634B-4C12-A8CE-054A2E091673,ABC,phase1,1,34,2,32,A,3
3F42B384-634B-4C12-A8CE-054A2E091673,ABC,phase1,2,42,1,41,A,3
3F42B384-634B-4C12-A8CE-054A2E091673,ABC,phase1,3,20,2,18,B,6
3F42B384-634B-4C12-A8CE-054A2E091673,ABC,phase1,4,28,4,24,B,6
3F42B384-634B-4C12-A8CE-054A2E091673,ABC,phase1,5,56,8,48,C,10
3F42B384-634B-4C12-A8CE-054A2E091673,ABC,phase1,6,13,0,13,C,10
400EE5DB-775A-41B4-9257-CB7AE5C3BB10,ABC,phase2,1,79,33,46,A,3
400EE5DB-775A-41B4-9257-CB7AE5C3BB10,ABC,phase2,2,91,31,60,A,3
400EE5DB-775A-41B4-9257-CB7AE5C3BB10,ABC,phase2,3,56,13,43,B,6
400EE5DB-775A-41B4-9257-CB7AE5C3BB10,ABC,phase2,4,31,8,23,B,6
400EE5DB-775A-41B4-9257-CB7AE5C3BB10,ABC,phase2,5,40,10,30,C,10
400EE5DB-775A-41B4-9257-CB7AE5C3BB10,ABC,phase2,6,59,13,46,C,10
4043F9F1-4E99-4BF7-9DC6-D72F9FFF0DA8,ABC,phase2,1,1,0,1,A,3
40FEDF0B-95B7-49CF-AA8E-31DC852286D6,BCC,phase1,1,230,124,106,B,6
40FEDF0B-95B7-49CF-AA8E-31DC852286D6,BCC,phase1,2,186,57,129,B,6
40FEDF0B-95B7-49CF-AA8E-31DC852286D6,BCC,phase1,3,219,64,155,C,10
40FEDF0B-95B7-49CF-AA8E-31DC852286D6,BCC,phase1,4,134,43,91,C,10
40FEDF0B-95B7-49CF-AA8E-31DC852286D6,BCC,phase1,5,172,87,85,C,10
40FEDF0B-95B7-49CF-AA8E-31DC852286D6,BCC,phase1,6,146,81,65,C,10
4154C3FE-9674-4DC2-B130-069C689CEAF1,ACC,phase2,1,1,1,0,A,3
41619804-3BBD-47DC-A178-D5966254226B,ACC,phase2,1,202,31,171,A,3
41619804-3BBD-47DC-A178-D5966254226B,ACC,phase2,2,128,13,115,A,3
41619804-3BBD-47DC-A178-D5966254226B,ACC,phase2,3,161,20,141,C,10
41619804-3BBD-47DC-A178-D5966254226B,ACC,phase2,4,127,16,111,C,10
41619804-3BBD-47DC-A178-D5966254226B,ACC,phase2,5,103,14,89,C,10
41619804-3BBD-47DC-A178-D5966254226B,ACC,phase2,6,64,12,52,C,10
417DFD1D-6439-47E5-ABA3-58C1158AB1D2,ABC,phase2,1,137,20,117,A,3
417DFD1D-6439-47E5-ABA3-58C1158AB1D2,ABC,phase2,2,117,12,105,A,3
417DFD1D-6439-47E5-ABA3-58C1158AB1D2,ABC,phase2,3,79,11,68,B,6
417DFD1D-6439-47E5-ABA3-58C1158AB1D2,ABC,phase2,4,76,9,67,B,6
417DFD1D-6439-47E5-ABA3-58C1158AB1D2,ABC,phase2,5,86,12,74,C,10
417DFD1D-6439-47E5-ABA3-58C1158AB1D2,ABC,phase2,6,53,14,39,C,10
4196240B-BDCE-4660-B1C9-4953A1D94077,ABC,phase1,1,432,280,152,A,3
4196240B-BDCE-4660-B1C9-4953A1D94077,ABC,phase1,2,191,74,117,A,3
4196240B-BDCE-4660-B1C9-4953A1D94077,ABC,phase1,3,137,34,103,B,6
4196240B-BDCE-4660-B1C9-4953A1D94077,ABC,phase1,4,132,25,107,B,6
4196240B-BDCE-4660-B1C9-4953A1D94077,ABC,phase1,5,202,51,151,C,10
4196240B-BDCE-4660-B1C9-4953A1D94077,ABC,phase1,6,125,24,101,C,10
41B94A23-4F5F-4F9A-ADF9-EA4F831C95BC,ABC,phase1,1,25,11,14,A,3
41BCCE50-FDDE-4939-ADD9-7A7C4B6F88FC,ACC,phase1,1,54,21,33,A,3
41BCCE50-FDDE-4939-ADD9-7A7C4B6F88FC,ACC,phase1,2,24,5,19,A,3
41BCCE50-FDDE-4939-ADD9-7A7C4B6F88FC,ACC,phase1,3,6,4,2,C,10
41BCCE50-FDDE-4939-ADD9-7A7C4B6F88FC,ACC,phase1,4,5,3,2,C,10
41BCCE50-FDDE-4939-ADD9-7A7C4B6F88FC,ACC,phase1,5,10,2,8,C,10
41BCCE50-FDDE-4939-ADD9-7A7C4B6F88FC,ACC,phase1,6,6,2,4,C,10
41ECA945-E1C9-4E57-AB9E-34A834B4252C,BCC,phase1,1,94,20,74,B,6
41ECA945-E1C9-4E57-AB9E-34A834B4252C,BCC,phase1,2,105,14,91,B,6
41ECA945-E1C9-4E57-AB9E-34A834B4252C,BCC,phase1,3,75,11,64,C,10
41ECA945-E1C9-4E57-AB9E-34A834B4252C,BCC,phase1,4,92,14,78,C,10
41ECA945-E1C9-4E57-AB9E-34A834B4252C,BCC,phase1,5,69,6,63,C,10
41ECA945-E1C9-4E57-AB9E-34A834B4252C,BCC,phase1,6,47,11,36,C,10
41F21771-280C-4DF1-8A8D-14E80CF1B0F4,ABC,phase1,1,217,79,138,A,3
41F21771-280C-4DF1-8A8D-14E80CF1B0F4,ABC,phase1,2,256,101,155,A,3
41F21771-280C-4DF1-8A8D-14E80CF1B0F4,ABC,phase1,3,149,57,92,B,6
42025A9D-82DF-4EB4-9933-52187B0FE24B,ABC,phase2,1,45,20,25,A,3
423E967B-F8B5-45A6-9072-685986E21F14,ACC,phase2,1,283,106,177,A,3
424DC0B5-42FD-43DA-B145-EB83BBFC5BE0,BCC,phase1,1,1,1,0,B,6
4285F583-DEDD-41B8-ABE4-AD427320BBF4,ACC,phase2,1,22,6,16,A,3
4285F583-DEDD-41B8-ABE4-AD427320BBF4,ACC,phase2,2,15,2,13,A,3
4285F583-DEDD-41B8-ABE4-AD427320BBF4,ACC,phase2,3,13,3,10,C,10
4285F583-DEDD-41B8-ABE4-AD427320BBF4,ACC,phase2,4,93,51,42,C,10
4285F583-DEDD-41B8-ABE4-AD427320BBF4,ACC,phase2,5,50,23,27,C,10
4285F583-DEDD-41B8-ABE4-AD427320BBF4,ACC,phase2,6,42,23,19,C,10
428B4EF9-AE76-4DB6-BD7A-33ED8EB474CB,BCC,phase1,1,305,74,231,B,6
428B4EF9-AE76-4DB6-BD7A-33ED8EB474CB,BCC,phase1,2,243,56,187,B,6
428B4EF9-AE76-4DB6-BD7A-33ED8EB474CB,BCC,phase1,3,323,80,243,C,10
428B4EF9-AE76-4DB6-BD7A-33ED8EB474CB,BCC,phase1,4,137,38,99,C,10
428B4EF9-AE76-4DB6-BD7A-33ED8EB474CB,BCC,phase1,5,121,31,90,C,10
428B4EF9-AE76-4DB6-BD7A-33ED8EB474CB,BCC,phase1,6,104,27,77,C,10
429AE05B-5ACC-49EA-9AD8-D7D4D4A196B9,CCC,phase1,1,120,31,89,C,10
429AE05B-5ACC-49EA-9AD8-D7D4D4A196B9,CCC,phase1,2,181,40,141,C,10
429AE05B-5ACC-49EA-9AD8-D7D4D4A196B9,CCC,phase1,3,195,48,147,C,10
429AE05B-5ACC-49EA-9AD8-D7D4D4A196B9,CCC,phase1,4,159,32,127,C,10
429AE05B-5ACC-49EA-9AD8-D7D4D4A196B9,CCC,phase1,5,213,38,175,C,10
429AE05B-5ACC-49EA-9AD8-D7D4D4A196B9,CCC,phase1,6,127,15,112,C,10
42A23D9D-9CE4-4649-97EF-5ABE90AD6956,ACC,phase1,1,11,6,5,A,3
42A89D52-E0D0-48FB-B446-65676B6B64F4,CCC,phase2,1,76,29,47,C,10
42A89D52-E0D0-48FB-B446-65676B6B64F4,CCC,phase2,2,44,17,27,C,10
42A89D52-E0D0-48FB-B446-65676B6B64F4,CCC,phase2,3,29,9,20,C,10
42AB9581-912B-45E8-A18D-27F76574A83C,ACC,phase2,1,75,11,64,A,3
42AB9581-912B-45E8-A18D-27F76574A83C,ACC,phase2,2,17,5,12,A,3
42AB9581-912B-45E8-A18D-27F76574A83C,ACC,phase2,3,58,10,48,C,10
42AB9581-912B-45E8-A18D-27F76574A83C,ACC,phase2,4,15,1,14,C,10
42B9DC64-B955-4B88-B208-5755DF440956,CCC,phase2,1,3,1,2,C,10
42C6578D-F478-4E42-B43C-73AB1A80F0BD,CCC,phase2,1,29,16,13,C,10
43712857-3DF6-40B8-AF50-AC2C23A4ABB1,CCC,phase2,1,41,18,23,C,10
43712857-3DF6-40B8-AF50-AC2C23A4ABB1,CCC,phase2,2,25,12,13,C,10
43712857-3DF6-40B8-AF50-AC2C23A4ABB1,CCC,phase2,3,26,6,20,C,10
43712857-3DF6-40B8-AF50-AC2C23A4ABB1,CCC,phase2,4,24,6,18,C,10
43712857-3DF6-40B8-AF50-AC2C23A4ABB1,CCC,phase2,5,22,3,19,C,10
43712857-3DF6-40B8-AF50-AC2C23A4ABB1,CCC,phase2,6,30,6,24,C,10
43776A37-E960-4996-A48E-7B22972EA94D,CCC,phase2,1,102,37,65,C,10
43776A37-E960-4996-A48E-7B22972EA94D,CCC,phase2,2,75,25,50,C,10
4380B006-A7AF-4B3A-B757-0F3A9210E16B,BCC,phase1,1,11,10,1,B,6
4390E7CF-FBB3-4CC5-9FC5-E028DCA79A29,ABC,phase1,1,179,43,136,A,3
4390E7CF-FBB3-4CC5-9FC5-E028DCA79A29,ABC,phase1,2,120,13,107,A,3
4390E7CF-FBB3-4CC5-9FC5-E028DCA79A29,ABC,phase1,3,181,34,147,B,6
4390E7CF-FBB3-4CC5-9FC5-E028DCA79A29,ABC,phase1,4,112,21,91,B,6
4390E7CF-FBB3-4CC5-9FC5-E028DCA79A29,ABC,phase1,5,91,29,62,C,10
4390E7CF-FBB3-4CC5-9FC5-E028DCA79A29,ABC,phase1,6,121,37,84,C,10
443AB256-708B-44E0-84D8-DA13EF2062B8,ACC,phase1,1,239,37,202,A,3
443AB256-708B-44E0-84D8-DA13EF2062B8,ACC,phase1,2,175,17,158,A,3
4451866E-9A7B-46E6-86A8-B279C38B2F35,ABC,phase2,1,146,57,89,A,3
4451866E-9A7B-46E6-86A8-B279C38B2F35,ABC,phase2,2,284,43,241,A,3
4451866E-9A7B-46E6-86A8-B279C38B2F35,ABC,phase2,3,35,30,5,B,6
4451866E-9A7B-46E6-86A8-B279C38B2F35,ABC,phase2,4,27,12,15,B,6
4451866E-9A7B-46E6-86A8-B279C38B2F35,ABC,phase2,5,16,3,13,C,10
4451866E-9A7B-46E6-86A8-B279C38B2F35,ABC,phase2,6,3,1,2,C,10
44593F93-DAEC-48D0-BBE1-A43BC9C85256,CCC,phase1,1,1,0,1,C,10
445CFF64-A8ED-4CF4-8BC9-A363530F5A4F,ACC,phase1,1,24,13,11,A,3
451188B1-95DE-4A13-8C6A-CDB534A507C6,CCC,phase2,1,17,1,16,C,10
4532681E-F4A3-480A-B05C-6FB42BD1CC2A,BCC,phase1,1,223,89,134,B,6
4532681E-F4A3-480A-B05C-6FB42BD1CC2A,BCC,phase1,2,162,51,111,B,6
4532681E-F4A3-480A-B05C-6FB42BD1CC2A,BCC,phase1,3,186,66,120,C,10
4532681E-F4A3-480A-B05C-6FB42BD1CC2A,BCC,phase1,4,190,59,131,C,10
4532681E-F4A3-480A-B05C-6FB42BD1CC2A,BCC,phase1,5,193,74,119,C,10
4532681E-F4A3-480A-B05C-6FB42BD1CC2A,BCC,phase1,6,158,71,87,C,10
4532CC72-BB83-4B04-A120-7957D63554F6,ABC,phase1,1,101,24,77,A,3
4532CC72-BB83-4B04-A120-7957D63554F6,ABC,phase1,2,0,0,0,A,3
4532CC72-BB83-4B04-A120-7957D63554F6,ABC,phase1,3,0,0,0,B,6
4532CC72-BB83-4B04-A120-7957D63554F6,ABC,phase1,4,0,0,0,B,6
4532CC72-BB83-4B04-A120-7957D63554F6,ABC,phase1,5,0,0,0,C,10
4532CC72-BB83-4B04-A120-7957D63554F6,ABC,phase1,6,22,3,19,C,10
457C3061-7109-436A-8780-7ED1CF869478,ACC,phase1,1,73,11,62,A,3
457C3061-7109-436A-8780-7ED1CF869478,ACC,phase1,2,100,14,86,A,3
457C3061-7109-436A-8780-7ED1CF869478,ACC,phase1,3,85,18,67,C,10
457C3061-7109-436A-8780-7ED1CF869478,ACC,phase1,4,81,13,68,C,10
457C3061-7109-436A-8780-7ED1CF869478,ACC,phase1,5,90,17,73,C,10
457C3061-7109-436A-8780-7ED1CF869478,ACC,phase1,6,72,11,61,C,10
45E0989A-B7E5-4145-A3B6-2413D723EA23,ABC,phase2,1,204,54,150,A,3
45E0989A-B7E5-4145-A3B6-2413D723EA23,ABC,phase2,2,115,17,98,A,3
45E0989A-B7E5-4145-A3B6-2413D723EA23,ABC,phase2,3,162,26,136,B,6
460C382B-B3F3-4BDF-B362-1D70DF31120B,ACC,phase1,1,178,50,128,A,3
460C382B-B3F3-4BDF-B362-1D70DF31120B,ACC,phase1,2,83,17,66,A,3
460C382B-B3F3-4BDF-B362-1D70DF31120B,ACC,phase1,3,154,29,125,C,10
460C382B-B3F3-4BDF-B362-1D70DF31120B,ACC,phase1,4,124,13,111,C,10
460C382B-B3F3-4BDF-B362-1D70DF31120B,ACC,phase1,5,207,61,146,C,10
460C382B-B3F3-4BDF-B362-1D70DF31120B,ACC,phase1,6,205,58,147,C,10
461E2831-FD7C-46C9-9640-FECA61BE18E7,BCC,phase1,1,147,49,98,B,6
461E2831-FD7C-46C9-9640-FECA61BE18E7,BCC,phase1,2,33,8,25,B,6
463B0A95-82EF-428D-AE68-0EF0158267C3,CCC,phase2,1,32,7,25,C,10
463B0A95-82EF-428D-AE68-0EF0158267C3,CCC,phase2,2,52,2,50,C,10
463B0A95-82EF-428D-AE68-0EF0158267C3,CCC,phase2,3,9,1,8,C,10
463B0A95-82EF-428D-AE68-0EF0158267C3,CCC,phase2,4,2,0,2,C,10
463B0A95-82EF-428D-AE68-0EF0158267C3,CCC,phase2,5,10,0,10,C,10
46B1F9AD-032E-4CFD-87B3-F3DBB0977906,ABC,phase2,1,86,43,43,A,3
46B1F9AD-032E-4CFD-87B3-F3DBB0977906,ABC,phase2,2,37,5,32,A,3
46B1F9AD-032E-4CFD-87B3-F3DBB0977906,ABC,phase2,3,35,11,24,B,6
46B1F9AD-032E-4CFD-87B3-F3DBB0977906,ABC,phase2,4,41,8,33,B,6
46B1F9AD-032E-4CFD-87B3-F3DBB0977906,ABC,phase2,5,32,12,20,C,10
46B1F9AD-032E-4CFD-87B3-F3DBB0977906,ABC,phase2,6,52,22,30,C,10
46CB04EF-5867-44FF-B468-F854A44A0933,ACC,phase2,1,395,113,282,A,3
46CB04EF-5867-44FF-B468-F854A44A0933,ACC,phase2,2,87,14,73,A,3
46CB04EF-5867-44FF-B468-F854A44A0933,ACC,phase2,3,26,3,23,C,10
46D57898-6A4E-4E5F-AFA2-9FE9DCC01A34,ACC,phase2,1,1,0,1,A,3
46E0F79F-9A33-4018-8668-530E6A061DB2,ACC,phase2,1,43,3,40,A,3
46E0F79F-9A33-4018-8668-530E6A061DB2,ACC,phase2,2,79,6,73,A,3
46E0F79F-9A33-4018-8668-530E6A061DB2,ACC,phase2,3,38,4,34,C,10
46E0F79F-9A33-4018-8668-530E6A061DB2,ACC,phase2,4,30,2,28,C,10
46E0F79F-9A33-4018-8668-530E6A061DB2,ACC,phase2,5,30,2,28,C,10
46E0F79F-9A33-4018-8668-530E6A061DB2,ACC,phase2,6,36,1,35,C,10
47123396-7052-47A9-B1CB-43A19AB38DE5,ABC,phase1,1,30,4,26,A,3
47123396-7052-47A9-B1CB-43A19AB38DE5,ABC,phase1,2,55,8,47,A,3
47123396-7052-47A9-B1CB-43A19AB38DE5,ABC,phase1,3,28,5,23,B,6
47123396-7052-47A9-B1CB-43A19AB38DE5,ABC,phase1,4,111,30,81,B,6
47123396-7052-47A9-B1CB-43A19AB38DE5,ABC,phase1,5,73,12,61,C,10
47123396-7052-47A9-B1CB-43A19AB38DE5,ABC,phase1,6,95,23,72,C,10
47212A09-219D-43C3-BB77-F541CE3DEC36,CCC,phase1,1,1,0,1,C,10
4749D586-FE6E-44C4-9815-BFA7586D8039,BCC,phase2,1,1,0,1,B,6
47555B7A-0793-451C-B244-F1C448E24654,ABC,phase1,1,29,5,24,A,3
47555B7A-0793-451C-B244-F1C448E24654,ABC,phase1,2,117,3,114,A,3
47555B7A-0793-451C-B244-F1C448E24654,ABC,phase1,3,31,7,24,B,6
47555B7A-0793-451C-B244-F1C448E24654,ABC,phase1,4,9,0,9,B,6
479E1423-85C0-4810-AF5C-63D9FD3D81DD,ACC,phase1,1,222,48,174,A,3
479E1423-85C0-4810-AF5C-63D9FD3D81DD,ACC,phase1,2,202,37,165,A,3
479E1423-85C0-4810-AF5C-63D9FD3D81DD,ACC,phase1,3,198,58,140,C,10
479E1423-85C0-4810-AF5C-63D9FD3D81DD,ACC,phase1,4,328,124,204,C,10
479E1423-85C0-4810-AF5C-63D9FD3D81DD,ACC,phase1,5,264,124,140,C,10
4820701F-2238-49DF-8DBE-776AB0B0F6BA,CCC,phase1,1,163,42,121,C,10
4820701F-2238-49DF-8DBE-776AB0B0F6BA,CCC,phase1,2,215,56,159,C,10
4820701F-2238-49DF-8DBE-776AB0B0F6BA,CCC,phase1,3,304,109,195,C,10
4820701F-2238-49DF-8DBE-776AB0B0F6BA,CCC,phase1,4,217,56,161,C,10
4820701F-2238-49DF-8DBE-776AB0B0F6BA,CCC,phase1,5,221,63,158,C,10
4820701F-2238-49DF-8DBE-776AB0B0F6BA,CCC,phase1,6,168,51,117,C,10
486AB690-2540-4EA2-9600-B402A825AE58,CCC,phase1,1,220,22,198,C,10
486AB690-2540-4EA2-9600-B402A825AE58,CCC,phase1,2,187,18,169,C,10
486AB690-2540-4EA2-9600-B402A825AE58,CCC,phase1,3,191,17,174,C,10
486AB690-2540-4EA2-9600-B402A825AE58,CCC,phase1,4,167,18,149,C,10
486AB690-2540-4EA2-9600-B402A825AE58,CCC,phase1,5,119,18,101,C,10
4871601D-6106-4AC4-845F-7C7C59FF5755,BCC,phase2,1,263,57,206,B,6
4871601D-6106-4AC4-845F-7C7C59FF5755,BCC,phase2,2,188,33,155,B,6
4871601D-6106-4AC4-845F-7C7C59FF5755,BCC,phase2,3,202,35,167,C,10
4871601D-6106-4AC4-845F-7C7C59FF5755,BCC,phase2,4,93,24,69,C,10
48722AB9-2165-4183-87CB-5B43A3FBE3F3,ACC,phase1,1,29,3,26,A,3
48722AB9-2165-4183-87CB-5B43A3FBE3F3,ACC,phase1,2,21,1,20,A,3
48722AB9-2165-4183-87CB-5B43A3FBE3F3,ACC,phase1,3,26,6,20,C,10
48722AB9-2165-4183-87CB-5B43A3FBE3F3,ACC,phase1,4,19,2,17,C,10
48722AB9-2165-4183-87CB-5B43A3FBE3F3,ACC,phase1,5,25,0,25,C,10
48722AB9-2165-4183-87CB-5B43A3FBE3F3,ACC,phase1,6,14,0,14,C,10
487F4AA9-54A5-47BF-8461-19E22BF6D13E,BCC,phase2,1,60,36,24,B,6
487F4AA9-54A5-47BF-8461-19E22BF6D13E,BCC,phase2,2,53,25,28,B,6
487F4AA9-54A5-47BF-8461-19E22BF6D13E,BCC,phase2,3,78,33,45,C,10
487F4AA9-54A5-47BF-8461-19E22BF6D13E,BCC,phase2,4,35,20,15,C,10
487F4AA9-54A5-47BF-8461-19E22BF6D13E,BCC,phase2,5,27,10,17,C,10
48882814-C488-44AD-BA1C-1F89A7D9897F,BCC,phase1,1,237,147,90,B,6
48882814-C488-44AD-BA1C-1F89A7D9897F,BCC,phase1,2,229,101,128,B,6
48882814-C488-44AD-BA1C-1F89A7D9897F,BCC,phase1,3,173,64,109,C,10
48882814-C488-44AD-BA1C-1F89A7D9897F,BCC,phase1,4,91,38,53,C,10
489E3BE4-08AC-4440-8C5B-80D6CBBB096C,ACC,phase1,1,1,1,0,A,3
48E45540-3B4F-4B1D-A19C-3DA9D9DFFDB2,ACC,phase1,1,1,0,1,A,3
48F7E7C0-5E6F-428B-8C5C-08E33F5D6E5F,ABC,phase2,1,51,11,40,A,3
48F7E7C0-5E6F-428B-8C5C-08E33F5D6E5F,ABC,phase2,2,21,2,19,A,3
48FCC022-8A29-4836-8151-1224BECCC3CE,BCC,phase1,1,225,42,183,B,6
48FCC022-8A29-4836-8151-1224BECCC3CE,BCC,phase1,2,189,47,142,B,6
48FCC022-8A29-4836-8151-1224BECCC3CE,BCC,phase1,3,152,49,103,C,10
48FCC022-8A29-4836-8151-1224BECCC3CE,BCC,phase1,4,170,33,137,C,10
48FCC022-8A29-4836-8151-1224BECCC3CE,BCC,phase1,5,145,30,115,C,10
48FCC022-8A29-4836-8151-1224BECCC3CE,BCC,phase1,6,87,31,56,C,10
494FFF12-288E-4E18-B21E-60DB822E6307,CCC,phase1,1,143,19,124,C,10
494FFF12-288E-4E18-B21E-60DB822E6307,CCC,phase1,2,133,11,122,C,10
494FFF12-288E-4E18-B21E-60DB822E6307,CCC,phase1,3,155,20,135,C,10
494FFF12-288E-4E18-B21E-60DB822E6307,CCC,phase1,4,148,15,133,C,10
494FFF12-288E-4E18-B21E-60DB822E6307,CCC,phase1,5,126,10,116,C,10
494FFF12-288E-4E18-B21E-60DB822E6307,CCC,phase1,6,150,14,136,C,10
49503CCA-AD64-498F-B8D0-7A56686BABA9,BCC,phase2,1,66,11,55,B,6
49628922-CE91-4A8E-BD98-F62DDB82DED6,CCC,phase2,1,39,7,32,C,10
49628922-CE91-4A8E-BD98-F62DDB82DED6,CCC,phase2,2,37,6,31,C,10
49628922-CE91-4A8E-BD98-F62DDB82DED6,CCC,phase2,3,46,1,45,C,10
49628922-CE91-4A8E-BD98-F62DDB82DED6,CCC,phase2,4,36,1,35,C,10
49628922-CE91-4A8E-BD98-F62DDB82DED6,CCC,phase2,5,66,5,61,C,10
49628922-CE91-4A8E-BD98-F62DDB82DED6,CCC,phase2,6,34,2,32,C,10
4967A975-A371-4784-A03E-7B645651BA5F,BCC,phase2,1,838,171,667,B,6
4967A975-A371-4784-A03E-7B645651BA5F,BCC,phase2,2,655,89,566,B,6
4967A975-A371-4784-A03E-7B645651BA5F,BCC,phase2,3,193,39,154,C,10
4967A975-A371-4784-A03E-7B645651BA5F,BCC,phase2,4,38,9,29,C,10
4967A975-A371-4784-A03E-7B645651BA5F,BCC,phase2,5,13,3,10,C,10
498C167E-B664-4886-B064-301C06D9D868,ABC,phase1,1,119,20,99,A,3
498C167E-B664-4886-B064-301C06D9D868,ABC,phase1,2,146,17,129,A,3
498C167E-B664-4886-B064-301C06D9D868,ABC,phase1,3,113,16,97,B,6
498C167E-B664-4886-B064-301C06D9D868,ABC,phase1,4,96,21,75,B,6
498C167E-B664-4886-B064-301C06D9D868,ABC,phase1,5,16,3,13,C,10
49A0267B-0E2D-4C50-A4AC-1A8E8FE92F75,BCC,phase1,1,94,22,72,B,6
49A0267B-0E2D-4C50-A4AC-1A8E8FE92F75,BCC,phase1,2,60,10,50,B,6
49A0267B-0E2D-4C50-A4AC-1A8E8FE92F75,BCC,phase1,3,49,8,41,C,10
49A0267B-0E2D-4C50-A4AC-1A8E8FE92F75,BCC,phase1,4,32,7,25,C,10
49A0267B-0E2D-4C50-A4AC-1A8E8FE92F75,BCC,phase1,5,41,7,34,C,10
49A0267B-0E2D-4C50-A4AC-1A8E8FE92F75,BCC,phase1,6,35,5,30,C,10
49FE3F37-5B5D-4AAE-A83F-F52EC4F0A931,CCC,phase2,1,128,53,75,C,10
49FE3F37-5B5D-4AAE-A83F-F52EC4F0A931,CCC,phase2,2,106,39,67,C,10
49FE3F37-5B5D-4AAE-A83F-F52EC4F0A931,CCC,phase2,3,151,45,106,C,10
49FE3F37-5B5D-4AAE-A83F-F52EC4F0A931,CCC,phase2,4,162,58,104,C,10
49FE3F37-5B5D-4AAE-A83F-F52EC4F0A931,CCC,phase2,5,113,57,56,C,10
49FE3F37-5B5D-4AAE-A83F-F52EC4F0A931,CCC,phase2,6,15,2,13,C,10
4A15F5E9-AA75-486A-9A9C-2DDB5AB74DB8,ACC,phase2,1,130,72,58,A,3
4A15F5E9-AA75-486A-9A9C-2DDB5AB74DB8,ACC,phase2,2,8,5,3,A,3
4A3358CA-0723-478D-9D3C-2EBE88B585C1,ABC,phase1,1,237,100,137,A,3
4A3358CA-0723-478D-9D3C-2EBE88B585C1,ABC,phase1,2,174,36,138,A,3
4A3358CA-0723-478D-9D3C-2EBE88B585C1,ABC,phase1,3,166,57,109,B,6
4A3358CA-0723-478D-9D3C-2EBE88B585C1,ABC,phase1,4,172,65,107,B,6
4A3358CA-0723-478D-9D3C-2EBE88B585C1,ABC,phase1,5,111,51,60,C,10
4A3358CA-0723-478D-9D3C-2EBE88B585C1,ABC,phase1,6,103,48,55,C,10
4A7138A4-0CBC-482D-84EE-EA1DE0E8EB49,CCC,phase2,1,152,64,88,C,10
4A7138A4-0CBC-482D-84EE-EA1DE0E8EB49,CCC,phase2,2,180,40,140,C,10
4A7138A4-0CBC-482D-84EE-EA1DE0E8EB49,CCC,phase2,3,96,12,84,C,10
4A7E5A84-7D12-465B-9D7F-28DE46E3C774,CCC,phase1,1,199,104,95,C,10
4A7E5A84-7D12-465B-9D7F-28DE46E3C774,CCC,phase1,2,163,75,88,C,10
4A7E5A84-7D12-465B-9D7F-28DE46E3C774,CCC,phase1,3,85,34,51,C,10
4A7E5A84-7D12-465B-9D7F-28DE46E3C774,CCC,phase1,4,125,71,54,C,10
4A7E5A84-7D12-465B-9D7F-28DE46E3C774,CCC,phase1,5,92,43,49,C,10
4A7E5A84-7D12-465B-9D7F-28DE46E3C774,CCC,phase1,6,78,43,35,C,10
4AA6565E-FD04-486D-B162-55861C8B210A,BCC,phase1,1,289,203,86,B,6
4AA6565E-FD04-486D-B162-55861C8B210A,BCC,phase1,2,391,152,239,B,6
4AA6565E-FD04-486D-B162-55861C8B210A,BCC,phase1,3,425,135,290,C,10
4AA6565E-FD04-486D-B162-55861C8B210A,BCC,phase1,4,403,87,316,C,10
4AA6565E-FD04-486D-B162-55861C8B210A,BCC,phase1,5,273,51,222,C,10
4AA6565E-FD04-486D-B162-55861C8B210A,BCC,phase1,6,234,56,178,C,10
4AA76086-2560-4A75-A99C-E4C09DA755F0,CCC,phase2,1,15,13,2,C,10
4AB393DF-32F1-4DD5-997F-982CB29A79C7,BCC,phase1,1,246,80,166,B,6
4AB393DF-32F1-4DD5-997F-982CB29A79C7,BCC,phase1,2,279,69,210,B,6
4AB393DF-32F1-4DD5-997F-982CB29A79C7,BCC,phase1,3,195,59,136,C,10
4AB393DF-32F1-4DD5-997F-982CB29A79C7,BCC,phase1,4,269,73,196,C,10
4AB393DF-32F1-4DD5-997F-982CB29A79C7,BCC,phase1,5,227,45,182,C,10
4AB393DF-32F1-4DD5-997F-982CB29A79C7,BCC,phase1,6,212,38,174,C,10
4AE06609-BAD9-46EF-8EAB-8407595F92A7,CCC,phase1,1,414,225,189,C,10
4AE06609-BAD9-46EF-8EAB-8407595F92A7,CCC,phase1,2,269,115,154,C,10
4AE06609-BAD9-46EF-8EAB-8407595F92A7,CCC,phase1,3,264,126,138,C,10
4AE06609-BAD9-46EF-8EAB-8407595F92A7,CCC,phase1,4,270,122,148,C,10
4AE06609-BAD9-46EF-8EAB-8407595F92A7,CCC,phase1,5,226,81,145,C,10
4AE06609-BAD9-46EF-8EAB-8407595F92A7,CCC,phase1,6,181,68,113,C,10
4AE9FF44-BEB2-46F6-9965-407BAAB2C185,BCC,phase2,1,49,15,34,B,6
4AE9FF44-BEB2-46F6-9965-407BAAB2C185,BCC,phase2,2,47,13,34,B,6
4AE9FF44-BEB2-46F6-9965-407BAAB2C185,BCC,phase2,3,45,14,31,C,10
4AE9FF44-BEB2-46F6-9965-407BAAB2C185,BCC,phase2,4,41,7,34,C,10
4AE9FF44-BEB2-46F6-9965-407BAAB2C185,BCC,phase2,5,33,7,26,C,10
4AE9FF44-BEB2-46F6-9965-407BAAB2C185,BCC,phase2,6,15,3,12,C,10
4AEE1DBF-B7B5-4DAC-B2E5-0CA4582336E0,ABC,phase2,1,114,46,68,A,3
4AF92444-8F1E-4AEE-BCEB-4E9987FF943B,BCC,phase1,1,42,19,23,B,6
4AF92444-8F1E-4AEE-BCEB-4E9987FF943B,BCC,phase1,2,36,10,26,B,6
4AF92444-8F1E-4AEE-BCEB-4E9987FF943B,BCC,phase1,3,36,15,21,C,10
4AF92444-8F1E-4AEE-BCEB-4E9987FF943B,BCC,phase1,4,31,11,20,C,10
4AF92444-8F1E-4AEE-BCEB-4E9987FF943B,BCC,phase1,5,42,15,27,C,10
4AF92444-8F1E-4AEE-BCEB-4E9987FF943B,BCC,phase1,6,18,6,12,C,10
4B24B775-A514-4739-82C8-82A359FBB571,CCC,phase2,1,1,0,1,C,10
4B27962A-B646-489D-A55D-D82F1FE9871C,BCC,phase1,1,103,20,83,B,6
4B449B37-4356-43D4-BFB5-7FC345E802D4,BCC,phase1,1,96,22,74,B,6
4B449B37-4356-43D4-BFB5-7FC345E802D4,BCC,phase1,2,135,15,120,B,6
4B449B37-4356-43D4-BFB5-7FC345E802D4,BCC,phase1,3,105,20,85,C,10
4B449B37-4356-43D4-BFB5-7FC345E802D4,BCC,phase1,4,138,43,95,C,10
4B449B37-4356-43D4-BFB5-7FC345E802D4,BCC,phase1,5,40,2,38,C,10
4B53AB14-BD59-408F-86D4-25E14A7AEC16,ABC,phase2,1,1,1,0,A,3
4B79BF12-9867-4C32-A84A-1A394095747D,ABC,phase2,1,122,24,98,A,3
4B79BF12-9867-4C32-A84A-1A394095747D,ABC,phase2,2,118,6,112,A,3
4B79BF12-9867-4C32-A84A-1A394095747D,ABC,phase2,3,112,13,99,B,6
4B79BF12-9867-4C32-A84A-1A394095747D,ABC,phase2,4,191,18,173,B,6
4B79BF12-9867-4C32-A84A-1A394095747D,ABC,phase2,5,90,17,73,C,10
4BC298A4-52CB-4185-A013-C4521337DE8A,BCC,phase1,1,289,69,220,B,6
4BC298A4-52CB-4185-A013-C4521337DE8A,BCC,phase1,2,221,43,178,B,6
4BC298A4-52CB-4185-A013-C4521337DE8A,BCC,phase1,3,215,57,158,C,10
4BC298A4-52CB-4185-A013-C4521337DE8A,BCC,phase1,4,170,31,139,C,10
4BC298A4-52CB-4185-A013-C4521337DE8A,BCC,phase1,5,156,34,122,C,10
4BC298A4-52CB-4185-A013-C4521337DE8A,BCC,phase1,6,195,39,156,C,10
4BF216AB-5645-4596-9D3C-908485AADE66,CCC,phase2,1,1,1,0,C,10
4C1F2B98-9B87-4833-9BE6-E15A777C2D19,CCC,phase2,1,1,1,0,C,10
4C5CF0C9-D76F-4239-AEA0-D106CC8B76D1,ACC,phase1,1,132,35,97,A,3
4C5F0F2C-7F2E-459F-8AE6-765CB23AC56B,ACC,phase1,1,1,1,0,A,3
4C773C65-69E5-40C4-89E7-7808F5932DB5,CCC,phase2,1,1,1,0,C,10
4C8310DC-85BB-4197-9B54-DEA03B3666A0,BCC,phase2,1,37,14,23,B,6
4CC1EA40-0F7A-4480-898F-0FF60381F72D,ABC,phase1,1,33,2,31,A,3
4CC1EA40-0F7A-4480-898F-0FF60381F72D,ABC,phase1,2,7,0,7,A,3
4CC1EA40-0F7A-4480-898F-0FF60381F72D,ABC,phase1,3,1,0,1,B,6
4D45C150-2CE5-4BB2-B01E-2A8DA914524F,CCC,phase1,1,206,50,156,C,10
4D45C150-2CE5-4BB2-B01E-2A8DA914524F,CCC,phase1,2,105,25,80,C,10
4D45C150-2CE5-4BB2-B01E-2A8DA914524F,CCC,phase1,3,54,14,40,C,10
4D45C150-2CE5-4BB2-B01E-2A8DA914524F,CCC,phase1,4,55,10,45,C,10
4D45C150-2CE5-4BB2-B01E-2A8DA914524F,CCC,phase1,5,91,28,63,C,10
4D45C150-2CE5-4BB2-B01E-2A8DA914524F,CCC,phase1,6,159,45,114,C,10
4D9548D4-3CD6-4FCC-BF57-B432187ED820,CCC,phase1,1,55,22,33,C,10
4D9548D4-3CD6-4FCC-BF57-B432187ED820,CCC,phase1,2,74,18,56,C,10
4D9C1CD2-BF47-4709-8120-E67ADCB4B967,BCC,phase2,1,153,48,105,B,6
4D9C1CD2-BF47-4709-8120-E67ADCB4B967,BCC,phase2,2,99,20,79,B,6
4D9C1CD2-BF47-4709-8120-E67ADCB4B967,BCC,phase2,3,87,21,66,C,10
4D9C1CD2-BF47-4709-8120-E67ADCB4B967,BCC,phase2,4,93,33,60,C,10
4D9C1CD2-BF47-4709-8120-E67ADCB4B967,BCC,phase2,5,97,28,69,C,10
4D9C1CD2-BF47-4709-8120-E67ADCB4B967,BCC,phase2,6,113,24,89,C,10
4DB3B454-8B7B-4483-8D0B-AE75E5506A58,ACC,phase1,1,168,69,99,A,3
4DB3B454-8B7B-4483-8D0B-AE75E5506A58,ACC,phase1,2,68,17,51,A,3
4DB3B454-8B7B-4483-8D0B-AE75E5506A58,ACC,phase1,3,86,34,52,C,10
4DB3B454-8B7B-4483-8D0B-AE75E5506A58,ACC,phase1,4,69,23,46,C,10
4DB3B454-8B7B-4483-8D0B-AE75E5506A58,ACC,phase1,5,48,15,33,C,10
4DB3B454-8B7B-4483-8D0B-AE75E5506A58,ACC,phase1,6,33,13,20,C,10
4DC2D023-7074-4E41-A44E-69A8262422B3,ACC,phase2,1,74,25,49,A,3
4DC2D023-7074-4E41-A44E-69A8262422B3,ACC,phase2,2,56,8,48,A,3
4DC2D023-7074-4E41-A44E-69A8262422B3,ACC,phase2,3,39,19,20,C,10
4DC2D023-7074-4E41-A44E-69A8262422B3,ACC,phase2,4,22,8,14,C,10
4DC2D023-7074-4E41-A44E-69A8262422B3,ACC,phase2,5,23,9,14,C,10
4DC2D023-7074-4E41-A44E-69A8262422B3,ACC,phase2,6,3,1,2,C,10
4DEA042D-414C-41F5-AEAD-10B86E82796E,CCC,phase2,1,27,9,18,C,10
4DEA042D-414C-41F5-AEAD-10B86E82796E,CCC,phase2,2,22,3,19,C,10
4DEA042D-414C-41F5-AEAD-10B86E82796E,CCC,phase2,3,21,4,17,C,10
4DEA042D-414C-41F5-AEAD-10B86E82796E,CCC,phase2,4,18,9,9,C,10
4DEA042D-414C-41F5-AEAD-10B86E82796E,CCC,phase2,5,13,6,7,C,10
4DEA042D-414C-41F5-AEAD-10B86E82796E,CCC,phase2,6,16,7,9,C,10
4DF51E2D-E036-4532-A77C-E3934CD9D795,ABC,phase2,1,73,7,66,A,3
4DF51E2D-E036-4532-A77C-E3934CD9D795,ABC,phase2,2,64,5,59,A,3
4DF51E2D-E036-4532-A77C-E3934CD9D795,ABC,phase2,3,54,6,48,B,6
4DF51E2D-E036-4532-A77C-E3934CD9D795,ABC,phase2,4,6,2,4,B,6
4E721F9F-CDCD-4BF9-84F5-EEC32BB0805C,ABC,phase1,1,422,171,251,A,3
4E721F9F-CDCD-4BF9-84F5-EEC32BB0805C,ABC,phase1,2,286,67,219,A,3
4E721F9F-CDCD-4BF9-84F5-EEC32BB0805C,ABC,phase1,3,245,64,181,B,6
4E721F9F-CDCD-4BF9-84F5-EEC32BB0805C,ABC,phase1,4,277,73,204,B,6
4E721F9F-CDCD-4BF9-84F5-EEC32BB0805C,ABC,phase1,5,237,74,163,C,10
4E721F9F-CDCD-4BF9-84F5-EEC32BB0805C,ABC,phase1,6,164,61,103,C,10
4E79458C-671B-4114-80D5-77B4E166277E,ABC,phase1,1,104,22,82,A,3
4E79458C-671B-4114-80D5-77B4E166277E,ABC,phase1,2,73,10,63,A,3
4E79458C-671B-4114-80D5-77B4E166277E,ABC,phase1,3,60,5,55,B,6
4E79458C-671B-4114-80D5-77B4E166277E,ABC,phase1,4,62,2,60,B,6
4E79458C-671B-4114-80D5-77B4E166277E,ABC,phase1,5,57,6,51,C,10
4E79458C-671B-4114-80D5-77B4E166277E,ABC,phase1,6,40,0,40,C,10
4E7FAB61-9EB4-44CD-B818-5272C84A5E9C,BCC,phase1,1,163,56,107,B,6
4E7FAB61-9EB4-44CD-B818-5272C84A5E9C,BCC,phase1,2,133,32,101,B,6
4E7FAB61-9EB4-44CD-B818-5272C84A5E9C,BCC,phase1,3,181,87,94,C,10
4E7FAB61-9EB4-44CD-B818-5272C84A5E9C,BCC,phase1,4,225,78,147,C,10
4E7FAB61-9EB4-44CD-B818-5272C84A5E9C,BCC,phase1,5,172,31,141,C,10
4E7FAB61-9EB4-44CD-B818-5272C84A5E9C,BCC,phase1,6,146,38,108,C,10
4E9D0C5D-D63D-4827-A9D2-53AEAC3FBB78,ABC,phase1,1,1,1,0,A,3
4F4BF5D0-D76A-4DFB-9A2C-652AB79FD387,CCC,phase2,1,93,55,38,C,10
4F8E0459-DB40-4C80-9F65-F64AFB880254,CCC,phase1,1,154,49,105,C,10
4F8E0459-DB40-4C80-9F65-F64AFB880254,CCC,phase1,2,222,49,173,C,10
4F8E0459-DB40-4C80-9F65-F64AFB880254,CCC,phase1,3,221,53,168,C,10
4F8E0459-DB40-4C80-9F65-F64AFB880254,CCC,phase1,4,273,75,198,C,10
4F8E0459-DB40-4C80-9F65-F64AFB880254,CCC,phase1,5,218,70,148,C,10
4F8E0459-DB40-4C80-9F65-F64AFB880254,CCC,phase1,6,233,68,165,C,10
4F9F86D0-7950-4C1C-8160-B3A3DEC7F5A9,ACC,phase1,1,133,16,117,A,3
4F9F86D0-7950-4C1C-8160-B3A3DEC7F5A9,ACC,phase1,2,77,7,70,A,3
4F9F86D0-7950-4C1C-8160-B3A3DEC7F5A9,ACC,phase1,3,84,5,79,C,10
4F9F86D0-7950-4C1C-8160-B3A3DEC7F5A9,ACC,phase1,4,114,20,94,C,10
4F9F86D0-7950-4C1C-8160-B3A3DEC7F5A9,ACC,phase1,5,57,9,48,C,10
4F9F86D0-7950-4C1C-8160-B3A3DEC7F5A9,ACC,phase1,6,56,8,48,C,10
4FA49AAE-B4F0-4751-B9BC-87E44CEC2A7A,BCC,phase1,1,78,17,61,B,6
4FB6FD89-B713-4E0A-9F4F-18299509EA90,ABC,phase1,1,109,13,96,A,3
4FB6FD89-B713-4E0A-9F4F-18299509EA90,ABC,phase1,2,87,13,74,A,3
4FB6FD89-B713-4E0A-9F4F-18299509EA90,ABC,phase1,3,7,1,6,B,6
4FB6FD89-B713-4E0A-9F4F-18299509EA90,ABC,phase1,4,56,14,42,B,6
4FB6FD89-B713-4E0A-9F4F-18299509EA90,ABC,phase1,5,10,0,10,C,10
4FB6FD89-B713-4E0A-9F4F-18299509EA90,ABC,phase1,6,10,2,8,C,10
4FD896A5-5026-4D31-B3E3-AB1082FC9679,BCC,phase1,1,1,0,1,B,6
4FFDBC9C-A985-4053-BEE3-2908EBC49813,BCC,phase1,1,391,93,298,B,6
4FFDBC9C-A985-4053-BEE3-2908EBC49813,BCC,phase1,2,283,34,249,B,6
4FFDBC9C-A985-4053-BEE3-2908EBC49813,BCC,phase1,3,255,53,202,C,10
4FFDBC9C-A985-4053-BEE3-2908EBC49813,BCC,phase1,4,272,37,235,C,10
4FFDBC9C-A985-4053-BEE3-2908EBC49813,BCC,phase1,5,259,36,223,C,10
4FFDBC9C-A985-4053-BEE3-2908EBC49813,BCC,phase1,6,219,25,194,C,10
500D6EAC-1DCE-417D-A7DB-1A306AFB15A9,ACC,phase2,1,1,1,0,A,3
50244992-1B03-4B09-9B0B-16688B68410F,BCC,phase1,1,53,25,28,B,6
50244992-1B03-4B09-9B0B-16688B68410F,BCC,phase1,2,36,11,25,B,6
50244992-1B03-4B09-9B0B-16688B68410F,BCC,phase1,3,14,4,10,C,10
50244992-1B03-4B09-9B0B-16688B68410F,BCC,phase1,4,27,5,22,C,10
50244992-1B03-4B09-9B0B-16688B68410F,BCC,phase1,5,32,9,23,C,10
50244992-1B03-4B09-9B0B-16688B68410F,BCC,phase1,6,18,5,13,C,10
508B39F1-91E5-4573-87CF-0294D8CF92B5,ACC,phase1,1,1,1,0,A,3
50BBB0C2-8116-4B10-88A0-BBE6820AA480,CCC,phase1,1,120,34,86,C,10
50BBB0C2-8116-4B10-88A0-BBE6820AA480,CCC,phase1,2,85,28,57,C,10
50BBB0C2-8116-4B10-88A0-BBE6820AA480,CCC,phase1,3,83,12,71,C,10
50BBB0C2-8116-4B10-88A0-BBE6820AA480,CCC,phase1,4,102,16,86,C,10
50BBB0C2-8116-4B10-88A0-BBE6820AA480,CCC,phase1,5,22,1,21,C,10
50DACFF6-4BCB-44C0-91F4-B6822FAFABEE,CCC,phase1,1,69,23,46,C,10
50DACFF6-4BCB-44C0-91F4-B6822FAFABEE,CCC,phase1,2,67,23,44,C,10
50DACFF6-4BCB-44C0-91F4-B6822FAFABEE,CCC,phase1,3,53,17,36,C,10
50DACFF6-4BCB-44C0-91F4-B6822FAFABEE,CCC,phase1,4,37,11,26,C,10
50DACFF6-4BCB-44C0-91F4-B6822FAFABEE,CCC,phase1,5,35,10,25,C,10
50F3C61D-B31E-4559-A861-E91C841C8A8D,ABC,phase1,1,163,52,111,A,3
50F3C61D-B31E-4559-A861-E91C841C8A8D,ABC,phase1,2,117,16,101,A,3
50FDB262-25F6-4528-8558-F3C92B3B3247,CCC,phase1,1,339,116,223,C,10
511920EF-4446-4D84-B8C2-BC1E7A84A30E,BCC,phase1,1,428,151,277,B,6
511920EF-4446-4D84-B8C2-BC1E7A84A30E,BCC,phase1,2,373,86,287,B,6
511920EF-4446-4D84-B8C2-BC1E7A84A30E,BCC,phase1,3,281,101,180,C,10
511920EF-4446-4D84-B8C2-BC1E7A84A30E,BCC,phase1,4,537,292,245,C,10
511920EF-4446-4D84-B8C2-BC1E7A84A30E,BCC,phase1,5,443,261,182,C,10
511920EF-4446-4D84-B8C2-BC1E7A84A30E,BCC,phase1,6,228,115,113,C,10
517C2EFA-7B92-4C2C-8D45-E9C1257BDF5D,ACC,phase1,1,11,6,5,A,3
5197EC26-BC20-4797-BD7E-AAE2777A0C0F,BCC,phase2,1,166,60,106,B,6
5197EC26-BC20-4797-BD7E-AAE2777A0C0F,BCC,phase2,2,112,24,88,B,6
5197EC26-BC20-4797-BD7E-AAE2777A0C0F,BCC,phase2,3,43,15,28,C,10
51C7542C-7526-47CC-AB78-903DC2B9E7F1,BCC,phase1,1,2,1,1,B,6
51C7542C-7526-47CC-AB78-903DC2B9E7F1,BCC,phase2,1,2,1,1,B,6
51C7542C-7526-47CC-AB78-903DC2B9E7F1,BCC,phase2,2,1,1,0,B,6
51C7542C-7526-47CC-AB78-903DC2B9E7F1,BCC,phase2,3,1,1,0,C,10
51C7542C-7526-47CC-AB78-903DC2B9E7F1,BCC,phase2,4,0,0,0,C,10
51C7542C-7526-47CC-AB78-903DC2B9E7F1,BCC,phase2,5,0,0,0,C,10
51C7542C-7526-47CC-AB78-903DC2B9E7F1,BCC,phase2,6,13,2,11,C,10
51E446A7-EE1D-43BC-9760-7462370F876F,ACC,phase2,1,40,18,22,A,3
51E446A7-EE1D-43BC-9760-7462370F876F,ACC,phase2,2,42,19,23,A,3
51E446A7-EE1D-43BC-9760-7462370F876F,ACC,phase2,3,20,10,10,C,10
52DE5D00-453C-4524-9A89-A912F6BC94EA,ABC,phase1,1,1,0,1,A,3
533D2CA0-3DA2-4F52-B794-C6F0AA3D82D7,ACC,phase2,1,1,1,0,A,3
5349C29B-8F00-4D57-B366-D1CF1BB0B413,ACC,phase2,1,41,3,38,A,3
5349C29B-8F00-4D57-B366-D1CF1BB0B413,ACC,phase2,2,116,6,110,A,3
5349C29B-8F00-4D57-B366-D1CF1BB0B413,ACC,phase2,3,85,12,73,C,10
5349C29B-8F00-4D57-B366-D1CF1BB0B413,ACC,phase2,4,8,1,7,C,10
5398F34D-CF96-4FBE-AD74-1EB95444CD7C,CCC,phase2,1,159,43,116,C,10
5398F34D-CF96-4FBE-AD74-1EB95444CD7C,CCC,phase2,2,42,8,34,C,10
5398F34D-CF96-4FBE-AD74-1EB95444CD7C,CCC,phase2,3,22,5,17,C,10
5398F34D-CF96-4FBE-AD74-1EB95444CD7C,CCC,phase2,4,77,13,64,C,10
5398F34D-CF96-4FBE-AD74-1EB95444CD7C,CCC,phase2,5,28,5,23,C,10
5398F34D-CF96-4FBE-AD74-1EB95444CD7C,CCC,phase2,6,25,3,22,C,10
53E22143-6C8F-4DCE-BC20-5C2FEFC0F3A4,BCC,phase2,1,168,96,72,B,6
53E22143-6C8F-4DCE-BC20-5C2FEFC0F3A4,BCC,phase2,2,84,27,57,B,6
53E22143-6C8F-4DCE-BC20-5C2FEFC0F3A4,BCC,phase2,3,91,21,70,C,10
53E22143-6C8F-4DCE-BC20-5C2FEFC0F3A4,BCC,phase2,4,93,21,72,C,10
53E22143-6C8F-4DCE-BC20-5C2FEFC0F3A4,BCC,phase2,5,1,0,1,C,10
53F7AE77-5274-4665-9079-D1072E9920C3,CCC,phase1,1,221,116,105,C,10
53F7AE77-5274-4665-9079-D1072E9920C3,CCC,phase1,2,111,30,81,C,10
53F7AE77-5274-4665-9079-D1072E9920C3,CCC,phase1,3,115,26,89,C,10
53F7AE77-5274-4665-9079-D1072E9920C3,CCC,phase1,4,151,47,104,C,10
53F7AE77-5274-4665-9079-D1072E9920C3,CCC,phase1,5,158,36,122,C,10
53F7AE77-5274-4665-9079-D1072E9920C3,CCC,phase1,6,125,23,102,C,10
540CBFA6-E43B-48CF-843F-DFBB80134B0F,CCC,phase1,1,62,18,44,C,10
545DEA2D-67D0-4CBE-94D3-018B41EE0445,ACC,phase2,1,6,2,4,A,3
545DEA2D-67D0-4CBE-94D3-018B41EE0445,ACC,phase2,2,0,0,0,A,3
545DEA2D-67D0-4CBE-94D3-018B41EE0445,ACC,phase2,3,0,0,0,C,10
545DEA2D-67D0-4CBE-94D3-018B41EE0445,ACC,phase2,4,0,0,0,C,10
545DEA2D-67D0-4CBE-94D3-018B41EE0445,ACC,phase2,5,61,13,48,C,10
545DEA2D-67D0-4CBE-94D3-018B41EE0445,ACC,phase2,6,9,2,7,C,10
5479E3FF-9504-48CE-B111-259FE6F5F6E8,ACC,phase1,1,50,12,38,A,3
5479E3FF-9504-48CE-B111-259FE6F5F6E8,ACC,phase1,2,45,5,40,A,3
5479E3FF-9504-48CE-B111-259FE6F5F6E8,ACC,phase1,3,31,6,25,C,10
5479E3FF-9504-48CE-B111-259FE6F5F6E8,ACC,phase1,4,37,3,34,C,10
5479E3FF-9504-48CE-B111-259FE6F5F6E8,ACC,phase1,5,46,6,40,C,10
5479E3FF-9504-48CE-B111-259FE6F5F6E8,ACC,phase1,6,13,2,11,C,10
54AFD393-0A59-4FE9-AF95-9285DCAE18D8,CCC,phase2,1,1,1,0,C,10
54E435A3-F413-47C6-9437-C3C65005D927,BCC,phase2,1,135,28,107,B,6
54E7956F-49FF-43A0-97F8-72087AB264CF,BCC,phase1,1,1,1,0,B,6
54E937AC-5CFC-4BEA-891F-1B1D8310C6C5,BCC,phase2,1,1,1,0,B,6
55022239-6FAD-4A98-A6ED-3BD98CCE2014,ACC,phase2,1,119,49,70,A,3
55022239-6FAD-4A98-A6ED-3BD98CCE2014,ACC,phase2,2,134,40,94,A,3
55022239-6FAD-4A98-A6ED-3BD98CCE2014,ACC,phase2,3,94,41,53,C,10
55022239-6FAD-4A98-A6ED-3BD98CCE2014,ACC,phase2,4,87,39,48,C,10
55022239-6FAD-4A98-A6ED-3BD98CCE2014,ACC,phase2,5,113,52,61,C,10
55022239-6FAD-4A98-A6ED-3BD98CCE2014,ACC,phase2,6,85,26,59,C,10
55132E55-CEFC-421E-AE7E-5E1AEE077A56,ACC,phase2,1,153,9,144,A,3
55132E55-CEFC-421E-AE7E-5E1AEE077A56,ACC,phase2,2,148,6,142,A,3
55132E55-CEFC-421E-AE7E-5E1AEE077A56,ACC,phase2,3,74,6,68,C,10
55132E55-CEFC-421E-AE7E-5E1AEE077A56,ACC,phase2,4,48,8,40,C,10
5513B025-0579-4CD6-AB7B-A2370BFCA16E,CCC,phase1,1,1,0,1,C,10
556B8AFD-3AE4-4AC0-AF77-7B329100C11F,BCC,phase2,1,17,9,8,B,6
556B8AFD-3AE4-4AC0-AF77-7B329100C11F,BCC,phase2,2,7,1,6,B,6
556B8AFD-3AE4-4AC0-AF77-7B329100C11F,BCC,phase2,3,3,0,3,C,10
556B8AFD-3AE4-4AC0-AF77-7B329100C11F,BCC,phase2,4,3,0,3,C,10
5571EFDC-3AFA-48F7-9227-9030C95C0DAA,ABC,phase2,1,60,10,50,A,3
5571EFDC-3AFA-48F7-9227-9030C95C0DAA,ABC,phase2,2,35,9,26,A,3
5571EFDC-3AFA-48F7-9227-9030C95C0DAA,ABC,phase2,3,23,1,22,B,6
5571EFDC-3AFA-48F7-9227-9030C95C0DAA,ABC,phase2,4,20,3,17,B,6
5571EFDC-3AFA-48F7-9227-9030C95C0DAA,ABC,phase2,5,23,2,21,C,10
5571EFDC-3AFA-48F7-9227-9030C95C0DAA,ABC,phase2,6,54,8,46,C,10
55738DED-4CF6-4A83-AEC3-478A59DBC296,ACC,phase2,1,226,114,112,A,3
55738DED-4CF6-4A83-AEC3-478A59DBC296,ACC,phase2,2,224,52,172,A,3
55738DED-4CF6-4A83-AEC3-478A59DBC296,ACC,phase2,3,204,87,117,C,10
55738DED-4CF6-4A83-AEC3-478A59DBC296,ACC,phase2,4,163,57,106,C,10
55738DED-4CF6-4A83-AEC3-478A59DBC296,ACC,phase2,5,93,28,65,C,10
5587F525-6A68-45B9-AE5E-9D3DE7F74DD8,ABC,phase1,1,237,72,165,A,3
5587F525-6A68-45B9-AE5E-9D3DE7F74DD8,ABC,phase1,2,45,15,30,A,3
55BDE019-DD7E-4CF3-8F79-EC77C416896A,BCC,phase2,1,250,67,183,B,6
55BDE019-DD7E-4CF3-8F79-EC77C416896A,BCC,phase2,2,39,9,30,B,6
55BF12B7-E258-441F-8D9E-D598061CA7D1,ACC,phase2,1,1,0,1,A,3
55D30DA8-EBB9-4D0F-8FDC-82C9C1DF1994,ACC,phase2,1,3,3,0,A,3
55D4F4F3-4216-42A5-8597-3C811CF65705,ABC,phase1,1,146,48,98,A,3
55D4F4F3-4216-42A5-8597-3C811CF65705,ABC,phase1,2,208,60,148,A,3
55D4F4F3-4216-42A5-8597-3C811CF65705,ABC,phase1,3,137,30,107,B,6
55D4F4F3-4216-42A5-8597-3C811CF65705,ABC,phase1,4,139,12,127,B,6
55D4F4F3-4216-42A5-8597-3C811CF65705,ABC,phase1,5,152,22,130,C,10
55D4F4F3-4216-42A5-8597-3C811CF65705,ABC,phase1,6,105,13,92,C,10
5621E9B0-37DE-47C4-8C2C-10717E387D0A,ABC,phase2,1,29,2,27,A,3
5621E9B0-37DE-47C4-8C2C-10717E387D0A,ABC,phase2,2,63,0,63,A,3
5621E9B0-37DE-47C4-8C2C-10717E387D0A,ABC,phase2,3,57,0,57,B,6
5621E9B0-37DE-47C4-8C2C-10717E387D0A,ABC,phase2,4,20,1,19,B,6
563835E3-7D5C-49E1-9E20-45FF7F624AFE,ACC,phase1,1,43,3,40,A,3
563835E3-7D5C-49E1-9E20-45FF7F624AFE,ACC,phase1,2,22,0,22,A,3
564763A3-F4A9-4C93-AF75-FEC3398F259E,BCC,phase2,1,12,1,11,B,6
564763A3-F4A9-4C93-AF75-FEC3398F259E,BCC,phase2,2,42,4,38,B,6
564763A3-F4A9-4C93-AF75-FEC3398F259E,BCC,phase2,3,33,3,30,C,10
564763A3-F4A9-4C93-AF75-FEC3398F259E,BCC,phase2,4,32,3,29,C,10
564763A3-F4A9-4C93-AF75-FEC3398F259E,BCC,phase2,5,15,1,14,C,10
564763A3-F4A9-4C93-AF75-FEC3398F259E,BCC,phase2,6,11,1,10,C,10
564ADD3A-E205-4430-9BFB-482C1D86A1EC,CCC,phase2,1,1,0,1,C,10
5654EA37-2736-4B01-92F1-5BF3FE71A1B5,ABC,phase2,1,1,0,1,A,3
566CEE39-4364-42D4-A13E-861D5E280F88,CCC,phase2,1,1,1,0,C,10
567F087E-ED9F-4BF1-A3CC-699A385EDC18,ACC,phase2,1,333,72,261,A,3
567F087E-ED9F-4BF1-A3CC-699A385EDC18,ACC,phase2,2,109,30,79,A,3
568FF874-C9D2-4B32-AEF6-3EB1C8CBF1DA,BCC,phase2,1,149,20,129,B,6
568FF874-C9D2-4B32-AEF6-3EB1C8CBF1DA,BCC,phase2,2,127,16,111,B,6
568FF874-C9D2-4B32-AEF6-3EB1C8CBF1DA,BCC,phase2,3,101,14,87,C,10
56A0AD3A-3657-4787-91FE-FEAE72B9235A,ABC,phase1,1,14,13,1,A,3
56A0AD3A-3657-4787-91FE-FEAE72B9235A,ABC,phase1,2,3,1,2,A,3
56A0AD3A-3657-4787-91FE-FEAE72B9235A,ABC,phase1,3,2,2,0,B,6
56A0AD3A-3657-4787-91FE-FEAE72B9235A,ABC,phase1,4,3,2,1,B,6
56A0AD3A-3657-4787-91FE-FEAE72B9235A,ABC,phase1,5,3,3,0,C,10
56A0AD3A-3657-4787-91FE-FEAE72B9235A,ABC,phase1,6,1,1,0,C,10
56EF50F4-8B64-4145-BF87-DAE0577CF017,BCC,phase1,1,82,39,43,B,6
56EF50F4-8B64-4145-BF87-DAE0577CF017,BCC,phase1,2,59,18,41,B,6
570011EF-3719-466A-9A39-92FD9D0042B5,ABC,phase1,1,3,2,1,A,3
570011EF-3719-466A-9A39-92FD9D0042B5,ABC,phase1,2,2,1,1,A,3
5709B73E-27C1-49A2-ABCB-8E4D5C8FBE6C,ACC,phase2,1,388,102,286,A,3
5709B73E-27C1-49A2-ABCB-8E4D5C8FBE6C,ACC,phase2,2,240,33,207,A,3
5709B73E-27C1-49A2-ABCB-8E4D5C8FBE6C,ACC,phase2,3,182,46,136,C,10
5709B73E-27C1-49A2-ABCB-8E4D5C8FBE6C,ACC,phase2,4,228,81,147,C,10
5709B73E-27C1-49A2-ABCB-8E4D5C8FBE6C,ACC,phase2,5,212,55,157,C,10
5709B73E-27C1-49A2-ABCB-8E4D5C8FBE6C,ACC,phase2,6,214,58,156,C,10
571B201C-B8FE-4149-B0B6-57AB49AA85A6,BCC,phase1,1,2,2,0,B,6
571B201C-B8FE-4149-B0B6-57AB49AA85A6,BCC,phase1,2,1,0,1,B,6
571D7BD7-AF2C-4F83-B3C5-5C82EF05B3B9,ACC,phase2,1,31,2,29,A,3
571D7BD7-AF2C-4F83-B3C5-5C82EF05B3B9,ACC,phase2,2,40,2,38,A,3
571D7BD7-AF2C-4F83-B3C5-5C82EF05B3B9,ACC,phase2,3,18,5,13,C,10
571D7BD7-AF2C-4F83-B3C5-5C82EF05B3B9,ACC,phase2,4,4,1,3,C,10
57397D4B-9899-439E-84D9-82CC555884D6,ACC,phase1,1,65,29,36,A,3
5778D83B-1323-4EF1-A906-568AE5709564,CCC,phase2,1,1,1,0,C,10
57AA454E-47A6-4C03-AC4E-2E1D02DDEE41,BCC,phase2,1,436,61,375,B,6
57AA454E-47A6-4C03-AC4E-2E1D02DDEE41,BCC,phase2,2,385,54,331,B,6
57AA454E-47A6-4C03-AC4E-2E1D02DDEE41,BCC,phase2,3,394,58,336,C,10
57AA454E-47A6-4C03-AC4E-2E1D02DDEE41,BCC,phase2,4,183,23,160,C,10
57AA454E-47A6-4C03-AC4E-2E1D02DDEE41,BCC,phase2,5,258,36,222,C,10
57AA454E-47A6-4C03-AC4E-2E1D02DDEE41,BCC,phase2,6,131,26,105,C,10
57C35466-2BC2-4628-BD7B-0D49BFC11DB5,ACC,phase1,1,153,26,127,A,3
57C35466-2BC2-4628-BD7B-0D49BFC11DB5,ACC,phase1,2,86,14,72,A,3
57C35466-2BC2-4628-BD7B-0D49BFC11DB5,ACC,phase1,3,112,42,70,C,10
57C35466-2BC2-4628-BD7B-0D49BFC11DB5,ACC,phase1,4,93,6,87,C,10
57C35466-2BC2-4628-BD7B-0D49BFC11DB5,ACC,phase1,5,99,12,87,C,10
57C35466-2BC2-4628-BD7B-0D49BFC11DB5,ACC,phase1,6,69,5,64,C,10
57E95F7C-9AA7-4B1F-8DC6-5E91F2C78EFA,ACC,phase1,1,133,50,83,A,3
581E6A5A-B421-43BA-90B3-8822CBE4EE1A,ACC,phase1,1,1,1,0,A,3
582DB3C6-F1A5-4E4B-9987-48FA02004698,BCC,phase1,1,222,51,171,B,6
582DB3C6-F1A5-4E4B-9987-48FA02004698,BCC,phase1,2,264,50,214,B,6
582DB3C6-F1A5-4E4B-9987-48FA02004698,BCC,phase1,3,48,9,39,C,10
58325748-AAB1-43DC-B24B-14E7D86C8138,ABC,phase2,1,9,4,5,A,3
5880550C-8782-470D-BE97-441DC6652A15,ACC,phase2,1,20,0,20,A,3
5880550C-8782-470D-BE97-441DC6652A15,ACC,phase2,2,20,3,17,A,3
5880550C-8782-470D-BE97-441DC6652A15,ACC,phase2,3,12,0,12,C,10
5897794A-55B3-46DB-9FBF-AE8C2F18C4C8,CCC,phase1,1,93,26,67,C,10
5897794A-55B3-46DB-9FBF-AE8C2F18C4C8,CCC,phase1,2,55,13,42,C,10
5897794A-55B3-46DB-9FBF-AE8C2F18C4C8,CCC,phase1,3,73,20,53,C,10
5897794A-55B3-46DB-9FBF-AE8C2F18C4C8,CCC,phase1,4,37,12,25,C,10
5897794A-55B3-46DB-9FBF-AE8C2F18C4C8,CCC,phase1,5,24,1,23,C,10
5897794A-55B3-46DB-9FBF-AE8C2F18C4C8,CCC,phase1,6,54,6,48,C,10
58A90E34-E6A6-4224-813F-A616C1774610,BCC,phase2,1,38,3,35,B,6
58A90E34-E6A6-4224-813F-A616C1774610,BCC,phase2,2,48,5,43,B,6
58A90E34-E6A6-4224-813F-A616C1774610,BCC,phase2,3,11,2,9,C,10
58B52FEB-7D15-4243-AE97-E0398F3C56AE,CCC,phase2,1,45,7,38,C,10
58B52FEB-7D15-4243-AE97-E0398F3C56AE,CCC,phase2,2,45,10,35,C,10
58B52FEB-7D15-4243-AE97-E0398F3C56AE,CCC,phase2,3,59,21,38,C,10
58B52FEB-7D15-4243-AE97-E0398F3C56AE,CCC,phase2,4,26,4,22,C,10
58B52FEB-7D15-4243-AE97-E0398F3C56AE,CCC,phase2,5,23,5,18,C,10
58BB1FD0-76AA-4616-9F6F-2C50ADA68A06,BCC,phase2,1,1,1,0,B,6
59171B26-3D5E-4DBB-B0D6-C0D9B5F0A65A,ACC,phase1,1,11,6,5,A,3
59171B26-3D5E-4DBB-B0D6-C0D9B5F0A65A,ACC,phase1,2,9,2,7,A,3
59171B26-3D5E-4DBB-B0D6-C0D9B5F0A65A,ACC,phase1,3,25,10,15,C,10
59171B26-3D5E-4DBB-B0D6-C0D9B5F0A65A,ACC,phase1,4,4,2,2,C,10
591EDE1E-0A59-4ABF-801A-531FAD9E718E,ABC,phase2,1,41,7,34,A,3
591EDE1E-0A59-4ABF-801A-531FAD9E718E,ABC,phase2,2,22,1,21,A,3
59289628-CEB8-48B2-ABC5-600CA3FDBF55,ABC,phase2,1,3,1,2,A,3
5977DBA2-7BEB-4B77-B1E9-83949BED790B,ACC,phase1,1,116,17,99,A,3
598C2AA1-E42D-4C34-B127-B0CE1D6119F1,ABC,phase1,1,24,10,14,A,3
598EAF1F-0BE8-44E1-89D0-63AD3CEB6C94,ABC,phase1,1,70,12,58,A,3
598EAF1F-0BE8-44E1-89D0-63AD3CEB6C94,ABC,phase1,2,53,8,45,A,3
598EAF1F-0BE8-44E1-89D0-63AD3CEB6C94,ABC,phase1,3,60,6,54,B,6
598EAF1F-0BE8-44E1-89D0-63AD3CEB6C94,ABC,phase1,4,49,5,44,B,6
598EAF1F-0BE8-44E1-89D0-63AD3CEB6C94,ABC,phase1,5,22,4,18,C,10
59907D92-4038-4790-89D3-EB898DA10951,BCC,phase2,1,88,49,39,B,6
59907D92-4038-4790-89D3-EB898DA10951,BCC,phase2,2,12,5,7,B,6
59907D92-4038-4790-89D3-EB898DA10951,BCC,phase2,3,13,9,4,C,10
59907D92-4038-4790-89D3-EB898DA10951,BCC,phase2,4,49,24,25,C,10
59907D92-4038-4790-89D3-EB898DA10951,BCC,phase2,5,28,15,13,C,10
59A39DF1-EF9D-4B53-9BFF-4E184FFD3A7D,BCC,phase2,1,303,119,184,B,6
59A39DF1-EF9D-4B53-9BFF-4E184FFD3A7D,BCC,phase2,2,279,78,201,B,6
59A39DF1-EF9D-4B53-9BFF-4E184FFD3A7D,BCC,phase2,3,261,100,161,C,10
59A39DF1-EF9D-4B53-9BFF-4E184FFD3A7D,BCC,phase2,4,309,136,173,C,10
59A39DF1-EF9D-4B53-9BFF-4E184FFD3A7D,BCC,phase2,5,358,122,236,C,10
59A39DF1-EF9D-4B53-9BFF-4E184FFD3A7D,BCC,phase2,6,279,112,167,C,10
59AB6C7B-5606-4A76-8752-DBBBE1D68385,ACC,phase2,1,1,1,0,A,3
59CC9659-18FA-45E9-B599-9760860D3FF6,CCC,phase1,1,1,1,0,C,10
59FF8D5D-549D-4A62-9B17-AF6853C7BB30,ACC,phase2,1,26,2,24,A,3
59FF8D5D-549D-4A62-9B17-AF6853C7BB30,ACC,phase2,2,24,3,21,A,3
59FF8D5D-549D-4A62-9B17-AF6853C7BB30,ACC,phase2,3,34,4,30,C,10
59FF8D5D-549D-4A62-9B17-AF6853C7BB30,ACC,phase2,4,32,4,28,C,10
59FF8D5D-549D-4A62-9B17-AF6853C7BB30,ACC,phase2,5,3,1,2,C,10
5A32E814-7DAD-4909-B66F-FD2B77044439,ACC,phase2,1,171,10,161,A,3
5A32E814-7DAD-4909-B66F-FD2B77044439,ACC,phase2,2,134,14,120,A,3
5A32E814-7DAD-4909-B66F-FD2B77044439,ACC,phase2,3,54,3,51,C,10
5A344483-E296-44BF-8086-506D6E2E4A91,CCC,phase1,1,197,81,116,C,10
5A344483-E296-44BF-8086-506D6E2E4A91,CCC,phase1,2,299,81,218,C,10
5A344483-E296-44BF-8086-506D6E2E4A91,CCC,phase1,3,198,52,146,C,10
5A344483-E296-44BF-8086-506D6E2E4A91,CCC,phase1,4,221,52,169,C,10
5A344483-E296-44BF-8086-506D6E2E4A91,CCC,phase1,5,202,81,121,C,10
5A344483-E296-44BF-8086-506D6E2E4A91,CCC,phase1,6,213,77,136,C,10
5A56AB9F-1901-4855-BEAE-57DC704D3AAB,ACC,phase1,1,126,39,87,A,3
5A56AB9F-1901-4855-BEAE-57DC704D3AAB,ACC,phase1,2,119,26,93,A,3
5A56AB9F-1901-4855-BEAE-57DC704D3AAB,ACC,phase1,3,94,15,79,C,10
5A56AB9F-1901-4855-BEAE-57DC704D3AAB,ACC,phase1,4,100,27,73,C,10
5A56AB9F-1901-4855-BEAE-57DC704D3AAB,ACC,phase1,5,109,21,88,C,10
5A56AB9F-1901-4855-BEAE-57DC704D3AAB,ACC,phase1,6,51,5,46,C,10
5A745E22-696B-4975-915C-F2C215660839,ACC,phase2,1,107,21,86,A,3
5A745E22-696B-4975-915C-F2C215660839,ACC,phase2,2,106,12,94,A,3
5A745E22-696B-4975-915C-F2C215660839,ACC,phase2,3,83,11,72,C,10
5A745E22-696B-4975-915C-F2C215660839,ACC,phase2,4,92,15,77,C,10
5A745E22-696B-4975-915C-F2C215660839,ACC,phase2,5,103,17,86,C,10
5A745E22-696B-4975-915C-F2C215660839,ACC,phase2,6,82,10,72,C,10
5A79552F-BECF-4BE2-9005-C9DCC07223B3,ACC,phase1,1,187,64,123,A,3
5A79552F-BECF-4BE2-9005-C9DCC07223B3,ACC,phase1,2,139,47,92,A,3
5A79552F-BECF-4BE2-9005-C9DCC07223B3,ACC,phase1,3,81,26,55,C,10
5A79552F-BECF-4BE2-9005-C9DCC07223B3,ACC,phase1,4,81,26,55,C,10
5A79552F-BECF-4BE2-9005-C9DCC07223B3,ACC,phase1,5,56,7,49,C,10
5A79552F-BECF-4BE2-9005-C9DCC07223B3,ACC,phase1,6,63,9,54,C,10
5A9FCDD7-CB9D-45CE-8CD8-9123528FD392,ABC,phase2,1,353,90,263,A,3
5A9FCDD7-CB9D-45CE-8CD8-9123528FD392,ABC,phase2,2,285,29,256,A,3
5A9FCDD7-CB9D-45CE-8CD8-9123528FD392,ABC,phase2,3,260,43,217,B,6
5A9FCDD7-CB9D-45CE-8CD8-9123528FD392,ABC,phase2,4,222,41,181,B,6
5A9FCDD7-CB9D-45CE-8CD8-9123528FD392,ABC,phase2,5,253,37,216,C,10
5A9FCDD7-CB9D-45CE-8CD8-9123528FD392,ABC,phase2,6,212,45,167,C,10
5AE2C25E-3EC6-42CD-ACCD-821F05459184,BCC,phase2,1,81,19,62,B,6
5AE2C25E-3EC6-42CD-ACCD-821F05459184,BCC,phase2,2,80,14,66,B,6
5AF8A639-53D9-466C-BA34-BE4A40BC7C2C,ABC,phase1,1,115,27,88,A,3
5AF8A639-53D9-466C-BA34-BE4A40BC7C2C,ABC,phase1,2,139,40,99,A,3
5AF8A639-53D9-466C-BA34-BE4A40BC7C2C,ABC,phase1,3,129,48,81,B,6
5AF8A639-53D9-466C-BA34-BE4A40BC7C2C,ABC,phase1,4,74,16,58,B,6
5B0E43AF-E9D7-47AA-96C3-510B3B76048B,ACC,phase2,1,216,69,147,A,3
5B15B0D4-BEA1-4AE1-95D8-6A0FD8CE1CE9,ACC,phase1,1,50,2,48,A,3
5B15B0D4-BEA1-4AE1-95D8-6A0FD8CE1CE9,ACC,phase1,2,43,1,42,A,3
5B15B0D4-BEA1-4AE1-95D8-6A0FD8CE1CE9,ACC,phase1,3,68,14,54,C,10
5B15B0D4-BEA1-4AE1-95D8-6A0FD8CE1CE9,ACC,phase1,4,4,0,4,C,10
5B1E649C-3204-4750-82D6-8F6A772DD917,ACC,phase2,1,33,4,29,A,3
5B6B4A06-BC56-4679-A5E6-1EC18E0CCDF0,CCC,phase1,1,89,20,69,C,10
5B6B4A06-BC56-4679-A5E6-1EC18E0CCDF0,CCC,phase1,2,6,1,5,C,10
5B6BBFA2-1F39-4BB4-8E9E-1D92E5036F1D,ABC,phase2,1,22,3,19,A,3
5B6BBFA2-1F39-4BB4-8E9E-1D92E5036F1D,ABC,phase2,2,15,3,12,A,3
5B6BBFA2-1F39-4BB4-8E9E-1D92E5036F1D,ABC,phase2,3,10,2,8,B,6
5B6BBFA2-1F39-4BB4-8E9E-1D92E5036F1D,ABC,phase2,4,13,2,11,B,6
5B8601EC-86C5-4607-A6D7-9E4A8CD45FF6,CCC,phase1,1,8,5,3,C,10
5B8601EC-86C5-4607-A6D7-9E4A8CD45FF6,CCC,phase1,2,15,4,11,C,10
5B8601EC-86C5-4607-A6D7-9E4A8CD45FF6,CCC,phase1,3,15,5,10,C,10
5B8601EC-86C5-4607-A6D7-9E4A8CD45FF6,CCC,phase1,4,18,2,16,C,10
5B8601EC-86C5-4607-A6D7-9E4A8CD45FF6,CCC,phase1,5,10,1,9,C,10
5B8601EC-86C5-4607-A6D7-9E4A8CD45FF6,CCC,phase1,6,6,1,5,C,10
5B9D45B3-9520-4CB8-8046-CEDAB72EA17A,ABC,phase1,1,270,138,132,A,3
5B9D45B3-9520-4CB8-8046-CEDAB72EA17A,ABC,phase1,2,392,198,194,A,3
5B9D45B3-9520-4CB8-8046-CEDAB72EA17A,ABC,phase1,3,447,273,174,B,6
5B9D45B3-9520-4CB8-8046-CEDAB72EA17A,ABC,phase1,4,530,257,273,B,6
5B9D45B3-9520-4CB8-8046-CEDAB72EA17A,ABC,phase1,5,166,96,70,C,10
5BCFEA08-E3C9-47B3-9553-D2EA5096EB26,ABC,phase1,1,98,22,76,A,3
5BCFEA08-E3C9-47B3-9553-D2EA5096EB26,ABC,phase1,2,70,6,64,A,3
5BCFEA08-E3C9-47B3-9553-D2EA5096EB26,ABC,phase1,3,53,2,51,B,6
5BCFEA08-E3C9-47B3-9553-D2EA5096EB26,ABC,phase1,4,25,6,19,B,6
5BCFEA08-E3C9-47B3-9553-D2EA5096EB26,ABC,phase1,5,14,3,11,C,10
5BCFEA08-E3C9-47B3-9553-D2EA5096EB26,ABC,phase1,6,34,6,28,C,10
5C6D067B-F39A-4B4C-B208-0958A8D3AFA7,CCC,phase1,1,339,118,221,C,10
5C6D067B-F39A-4B4C-B208-0958A8D3AFA7,CCC,phase1,2,299,56,243,C,10
5C6D067B-F39A-4B4C-B208-0958A8D3AFA7,CCC,phase1,3,237,44,193,C,10
5C6D067B-F39A-4B4C-B208-0958A8D3AFA7,CCC,phase1,4,188,37,151,C,10
5C6D067B-F39A-4B4C-B208-0958A8D3AFA7,CCC,phase1,5,241,51,190,C,10
5C6D067B-F39A-4B4C-B208-0958A8D3AFA7,CCC,phase1,6,234,44,190,C,10
5C731025-8D0A-4BD6-9203-EA6EEF4E129A,BCC,phase2,1,1,1,0,B,6
5C9B5620-1726-471D-AE21-F22F2129C102,BCC,phase1,1,1,1,0,B,6
5CF044AA-33E7-4629-80B8-2D10D01CDE3C,BCC,phase1,1,17,3,14,B,6
5D167F60-0A32-4B5E-A8F2-1535771E331A,CCC,phase2,1,146,49,97,C,10
5D167F60-0A32-4B5E-A8F2-1535771E331A,CCC,phase2,2,26,5,21,C,10
5D167F60-0A32-4B5E-A8F2-1535771E331A,CCC,phase2,3,7,2,5,C,10
5D167F60-0A32-4B5E-A8F2-1535771E331A,CCC,phase2,4,1,0,1,C,10
5DC0A51D-E86E-4ADB-88DF-F021EBF9AA11,BCC,phase2,1,155,41,114,B,6
5DC0A51D-E86E-4ADB-88DF-F021EBF9AA11,BCC,phase2,2,63,5,58,B,6
5DC0A51D-E86E-4ADB-88DF-F021EBF9AA11,BCC,phase2,3,85,7,78,C,10
5DC0A51D-E86E-4ADB-88DF-F021EBF9AA11,BCC,phase2,4,114,12,102,C,10
5DC0A51D-E86E-4ADB-88DF-F021EBF9AA11,BCC,phase2,5,171,15,156,C,10
5E03229C-C05A-434A-9A67-EDEA2BAAB3EB,ABC,phase2,1,180,47,133,A,3
5E03229C-C05A-434A-9A67-EDEA2BAAB3EB,ABC,phase2,2,94,10,84,A,3
5E03229C-C05A-434A-9A67-EDEA2BAAB3EB,ABC,phase2,3,174,27,147,B,6
5E14F14C-390D-4B4B-8D24-A790547E53BC,BCC,phase1,1,730,224,506,B,6
5E3913B9-1A7B-4653-9534-5B92A62AA5DA,ABC,phase2,1,268,139,129,A,3
5E3913B9-1A7B-4653-9534-5B92A62AA5DA,ABC,phase2,2,91,17,74,A,3
5E3913B9-1A7B-4653-9534-5B92A62AA5DA,ABC,phase2,3,157,30,127,B,6
5E3913B9-1A7B-4653-9534-5B92A62AA5DA,ABC,phase2,4,138,17,121,B,6
5E3913B9-1A7B-4653-9534-5B92A62AA5DA,ABC,phase2,5,172,30,142,C,10
5E3913B9-1A7B-4653-9534-5B92A62AA5DA,ABC,phase2,6,78,10,68,C,10
5E6B3504-AECB-4A57-ACD9-2D51DDC77677,ABC,phase2,1,50,15,35,A,3
5E6B3504-AECB-4A57-ACD9-2D51DDC77677,ABC,phase2,2,70,16,54,A,3
5E6B3504-AECB-4A57-ACD9-2D51DDC77677,ABC,phase2,3,121,15,106,B,6
5E6B3504-AECB-4A57-ACD9-2D51DDC77677,ABC,phase2,4,83,11,72,B,6
5E6B3504-AECB-4A57-ACD9-2D51DDC77677,ABC,phase2,5,15,4,11,C,10
5E6B3504-AECB-4A57-ACD9-2D51DDC77677,ABC,phase2,6,10,2,8,C,10
5E9A5E13-0822-4893-8F66-05739478F365,CCC,phase2,1,165,97,68,C,10
5E9A5E13-0822-4893-8F66-05739478F365,CCC,phase2,2,92,37,55,C,10
5E9A5E13-0822-4893-8F66-05739478F365,CCC,phase2,3,86,31,55,C,10
5E9A5E13-0822-4893-8F66-05739478F365,CCC,phase2,4,56,19,37,C,10
5E9A5E13-0822-4893-8F66-05739478F365,CCC,phase2,5,47,15,32,C,10
5E9A5E13-0822-4893-8F66-05739478F365,CCC,phase2,6,42,14,28,C,10
5EC664EF-F222-41B0-9893-7CA58F145C5C,ABC,phase1,1,345,89,256,A,3
5EC664EF-F222-41B0-9893-7CA58F145C5C,ABC,phase1,2,278,50,228,A,3
5EC664EF-F222-41B0-9893-7CA58F145C5C,ABC,phase1,3,245,69,176,B,6
5EC664EF-F222-41B0-9893-7CA58F145C5C,ABC,phase1,4,289,82,207,B,6
5EC664EF-F222-41B0-9893-7CA58F145C5C,ABC,phase1,5,266,99,167,C,10
5EC664EF-F222-41B0-9893-7CA58F145C5C,ABC,phase1,6,326,130,196,C,10
5F3B8079-A9BE-4B23-8A82-4E15AF911391,ABC,phase2,1,56,19,37,A,3
5F4F12AB-1A69-40F0-BB61-13E10697914D,CCC,phase1,1,52,15,37,C,10
5F4F12AB-1A69-40F0-BB61-13E10697914D,CCC,phase1,2,79,17,62,C,10
5F4F12AB-1A69-40F0-BB61-13E10697914D,CCC,phase1,3,16,4,12,C,10
5F607A45-D68D-41D5-BE6A-068F1819088E,ACC,phase1,1,8,2,6,A,3
5F607A45-D68D-41D5-BE6A-068F1819088E,ACC,phase1,2,33,19,14,A,3
5F607A45-D68D-41D5-BE6A-068F1819088E,ACC,phase1,3,1,1,0,C,10
5F607A45-D68D-41D5-BE6A-068F1819088E,ACC,phase1,4,8,5,3,C,10
5F6C47E0-6201-4969-818B-C0132E5EF5D5,ACC,phase1,1,1,0,1,A,3
5FADAEEC-5F9F-481E-92E0-34BCA0BF661E,ACC,phase1,1,171,53,118,A,3
5FADAEEC-5F9F-481E-92E0-34BCA0BF661E,ACC,phase1,2,115,28,87,A,3
5FADAEEC-5F9F-481E-92E0-34BCA0BF661E,ACC,phase1,3,104,33,71,C,10
5FADAEEC-5F9F-481E-92E0-34BCA0BF661E,ACC,phase1,4,107,25,82,C,10
5FADAEEC-5F9F-481E-92E0-34BCA0BF661E,ACC,phase1,5,126,44,82,C,10
5FADAEEC-5F9F-481E-92E0-34BCA0BF661E,ACC,phase1,6,92,21,71,C,10
5FCF7FAC-F8A0-4E8F-9BEC-80F6ED5D4118,ABC,phase2,1,100,30,70,A,3
5FCF7FAC-F8A0-4E8F-9BEC-80F6ED5D4118,ABC,phase2,2,94,16,78,A,3
5FCF7FAC-F8A0-4E8F-9BEC-80F6ED5D4118,ABC,phase2,3,28,2,26,B,6
5FCFC922-ED80-4C23-A132-95D630930F4C,ACC,phase1,1,307,142,165,A,3
5FCFC922-ED80-4C23-A132-95D630930F4C,ACC,phase1,2,437,98,339,A,3
5FCFC922-ED80-4C23-A132-95D630930F4C,ACC,phase1,3,99,38,61,C,10
602D3B28-E6E8-43E6-AFC5-788CFCCB948C,ABC,phase2,1,70,23,47,A,3
602D3B28-E6E8-43E6-AFC5-788CFCCB948C,ABC,phase2,2,72,2,70,A,3
602D3B28-E6E8-43E6-AFC5-788CFCCB948C,ABC,phase2,3,43,5,38,B,6
602D3B28-E6E8-43E6-AFC5-788CFCCB948C,ABC,phase2,4,31,1,30,B,6
602D3B28-E6E8-43E6-AFC5-788CFCCB948C,ABC,phase2,5,64,6,58,C,10
602D3B28-E6E8-43E6-AFC5-788CFCCB948C,ABC,phase2,6,59,4,55,C,10
6049671F-9561-421C-961B-2DA9B91AE244,CCC,phase1,1,1,1,0,C,10
60B882B5-3B21-494A-9907-EBD2054BC412,ACC,phase2,1,1,1,0,A,3
60C2315D-95AC-4E52-8756-F8AE2E2ABC1D,ACC,phase2,1,151,40,111,A,3
60C2315D-95AC-4E52-8756-F8AE2E2ABC1D,ACC,phase2,2,113,18,95,A,3
60C2315D-95AC-4E52-8756-F8AE2E2ABC1D,ACC,phase2,3,81,18,63,C,10
60C2315D-95AC-4E52-8756-F8AE2E2ABC1D,ACC,phase2,4,73,11,62,C,10
60C2315D-95AC-4E52-8756-F8AE2E2ABC1D,ACC,phase2,5,68,10,58,C,10
60C2315D-95AC-4E52-8756-F8AE2E2ABC1D,ACC,phase2,6,55,10,45,C,10
60F5D061-DC5F-486C-ADEA-C3EB24C43E26,CCC,phase1,1,233,116,117,C,10
60F5D061-DC5F-486C-ADEA-C3EB24C43E26,CCC,phase1,2,198,93,105,C,10
60F5D061-DC5F-486C-ADEA-C3EB24C43E26,CCC,phase1,3,179,73,106,C,10
60F5D061-DC5F-486C-ADEA-C3EB24C43E26,CCC,phase1,4,111,52,59,C,10
60F5D061-DC5F-486C-ADEA-C3EB24C43E26,CCC,phase1,5,134,66,68,C,10
60F5D061-DC5F-486C-ADEA-C3EB24C43E26,CCC,phase1,6,124,50,74,C,10
60F8419F-6C0B-4014-9577-BCFCF181DE20,BCC,phase1,1,63,62,1,B,6
60F8419F-6C0B-4014-9577-BCFCF181DE20,BCC,phase1,2,25,25,0,B,6
60F8419F-6C0B-4014-9577-BCFCF181DE20,BCC,phase1,3,17,17,0,C,10
60F8419F-6C0B-4014-9577-BCFCF181DE20,BCC,phase1,4,13,13,0,C,10
60F8419F-6C0B-4014-9577-BCFCF181DE20,BCC,phase1,5,10,9,1,C,10
615D6A86-783F-4DB7-89FA-4BB905BFBFE7,ABC,phase1,1,78,42,36,A,3
615D6A86-783F-4DB7-89FA-4BB905BFBFE7,ABC,phase1,2,40,6,34,A,3
615D6A86-783F-4DB7-89FA-4BB905BFBFE7,ABC,phase1,3,56,8,48,B,6
615D6A86-783F-4DB7-89FA-4BB905BFBFE7,ABC,phase1,4,60,8,52,B,6
615D6A86-783F-4DB7-89FA-4BB905BFBFE7,ABC,phase1,5,42,9,33,C,10
615D6A86-783F-4DB7-89FA-4BB905BFBFE7,ABC,phase1,6,22,6,16,C,10
6198491D-3291-4D4D-ADDD-F506D2E9FCB4,BCC,phase2,1,236,94,142,B,6
6198491D-3291-4D4D-ADDD-F506D2E9FCB4,BCC,phase2,2,209,76,133,B,6
6198491D-3291-4D4D-ADDD-F506D2E9FCB4,BCC,phase2,3,184,79,105,C,10
6198491D-3291-4D4D-ADDD-F506D2E9FCB4,BCC,phase2,4,80,21,59,C,10
61AD7032-D640-47A6-A6A5-DBCF00E6678B,CCC,phase1,1,39,13,26,C,10
61AD7032-D640-47A6-A6A5-DBCF00E6678B,CCC,phase1,2,35,8,27,C,10
61AD7032-D640-47A6-A6A5-DBCF00E6678B,CCC,phase1,3,24,4,20,C,10
61AD7032-D640-47A6-A6A5-DBCF00E6678B,CCC,phase1,4,32,9,23,C,10
61AD7032-D640-47A6-A6A5-DBCF00E6678B,CCC,phase1,5,24,5,19,C,10
61AD7032-D640-47A6-A6A5-DBCF00E6678B,CCC,phase1,6,21,5,16,C,10
61D980A8-031B-4AF7-BD80-FE6058B7D0CD,BCC,phase1,1,61,36,25,B,6
61D980A8-031B-4AF7-BD80-FE6058B7D0CD,BCC,phase1,2,16,6,10,B,6
61D980A8-031B-4AF7-BD80-FE6058B7D0CD,BCC,phase1,3,20,6,14,C,10
61D980A8-031B-4AF7-BD80-FE6058B7D0CD,BCC,phase1,4,24,9,15,C,10
61D980A8-031B-4AF7-BD80-FE6058B7D0CD,BCC,phase1,5,25,9,16,C,10
61D980A8-031B-4AF7-BD80-FE6058B7D0CD,BCC,phase1,6,8,2,6,C,10
61EE1369-9D07-4B5B-AF54-0A53033E3DAA,ACC,phase1,1,179,128,51,A,3
61EE1369-9D07-4B5B-AF54-0A53033E3DAA,ACC,phase1,2,76,26,50,A,3
61EE1369-9D07-4B5B-AF54-0A53033E3DAA,ACC,phase1,3,45,20,25,C,10
61EE1369-9D07-4B5B-AF54-0A53033E3DAA,ACC,phase1,4,82,38,44,C,10
61EE1369-9D07-4B5B-AF54-0A53033E3DAA,ACC,phase1,5,1,1,0,C,10
621CBC56-0882-4974-B584-C4F8CB414250,ACC,phase2,1,399,109,290,A,3
621CBC56-0882-4974-B584-C4F8CB414250,ACC,phase2,2,239,34,205,A,3
621CBC56-0882-4974-B584-C4F8CB414250,ACC,phase2,3,203,54,149,C,10
621CBC56-0882-4974-B584-C4F8CB414250,ACC,phase2,4,174,46,128,C,10
621CBC56-0882-4974-B584-C4F8CB414250,ACC,phase2,5,192,59,133,C,10
621CBC56-0882-4974-B584-C4F8CB414250,ACC,phase2,6,183,41,142,C,10
622D343D-709F-4493-AE92-9246480FEF0A,CCC,phase1,1,91,28,63,C,10
622D343D-709F-4493-AE92-9246480FEF0A,CCC,phase1,2,154,37,117,C,10
622D343D-709F-4493-AE92-9246480FEF0A,CCC,phase1,3,90,11,79,C,10
622D343D-709F-4493-AE92-9246480FEF0A,CCC,phase1,4,54,9,45,C,10
622D343D-709F-4493-AE92-9246480FEF0A,CCC,phase1,5,58,9,49,C,10
622D343D-709F-4493-AE92-9246480FEF0A,CCC,phase1,6,70,23,47,C,10
62430F24-BDB4-42BD-9F62-448FE8EEDA91,ABC,phase1,1,129,33,96,A,3
62430F24-BDB4-42BD-9F62-448FE8EEDA91,ABC,phase1,2,126,20,106,A,3
62430F24-BDB4-42BD-9F62-448FE8EEDA91,ABC,phase1,3,159,31,128,B,6
62430F24-BDB4-42BD-9F62-448FE8EEDA91,ABC,phase1,4,7,0,7,B,6
6284BF3E-DB54-4FA4-BC05-97E0D789B95E,ACC,phase1,1,156,36,120,A,3
6284BF3E-DB54-4FA4-BC05-97E0D789B95E,ACC,phase1,2,147,27,120,A,3
6284BF3E-DB54-4FA4-BC05-97E0D789B95E,ACC,phase1,3,63,25,38,C,10
6284BF3E-DB54-4FA4-BC05-97E0D789B95E,ACC,phase1,4,70,11,59,C,10
6284BF3E-DB54-4FA4-BC05-97E0D789B95E,ACC,phase1,5,22,2,20,C,10
6284BF3E-DB54-4FA4-BC05-97E0D789B95E,ACC,phase1,6,15,5,10,C,10
62BECACE-F5CB-4A59-8E66-07197443886A,CCC,phase2,1,63,16,47,C,10
62C6EE87-A941-477B-B1C7-A3A7ABADDA84,ABC,phase1,1,59,16,43,A,3
62DA8F2C-C364-4896-A773-8D664608F2F3,ACC,phase2,1,8,3,5,A,3
642747CC-4C26-464E-8044-7889FDC52DCB,ABC,phase1,1,52,12,40,A,3
642747CC-4C26-464E-8044-7889FDC52DCB,ABC,phase1,2,70,5,65,A,3
642747CC-4C26-464E-8044-7889FDC52DCB,ABC,phase1,3,46,4,42,B,6
642747CC-4C26-464E-8044-7889FDC52DCB,ABC,phase1,4,46,4,42,B,6
642747CC-4C26-464E-8044-7889FDC52DCB,ABC,phase1,5,36,5,31,C,10
642747CC-4C26-464E-8044-7889FDC52DCB,ABC,phase1,6,20,2,18,C,10
64303C46-C157-4D6D-A4F5-AC0E2162D8CC,CCC,phase1,1,173,56,117,C,10
64303C46-C157-4D6D-A4F5-AC0E2162D8CC,CCC,phase1,2,170,53,117,C,10
64303C46-C157-4D6D-A4F5-AC0E2162D8CC,CCC,phase1,3,153,51,102,C,10
646640CE-DE82-478F-BE55-D412C9D22B17,BCC,phase1,1,287,126,161,B,6
6494B617-C607-471C-B663-3AFC1A1AA58B,ACC,phase1,1,12,3,9,A,3
6494B617-C607-471C-B663-3AFC1A1AA58B,ACC,phase1,2,12,2,10,A,3
6494B617-C607-471C-B663-3AFC1A1AA58B,ACC,phase1,3,6,0,6,C,10
6494B617-C607-471C-B663-3AFC1A1AA58B,ACC,phase1,4,2,0,2,C,10
6494B617-C607-471C-B663-3AFC1A1AA58B,ACC,phase1,5,4,2,2,C,10
6494B617-C607-471C-B663-3AFC1A1AA58B,ACC,phase1,6,1,0,1,C,10
64CD3BC1-C869-4E1C-8BE6-F176A968CB53,ACC,phase2,1,1,0,1,A,3
651285E0-E0FC-4479-9012-8884F25785AE,CCC,phase2,1,34,9,25,C,10
651F30EB-8329-453F-9106-711142ECF235,BCC,phase2,1,129,54,75,B,6
651F30EB-8329-453F-9106-711142ECF235,BCC,phase2,2,189,31,158,B,6
651F30EB-8329-453F-9106-711142ECF235,BCC,phase2,3,148,39,109,C,10
651F30EB-8329-453F-9106-711142ECF235,BCC,phase2,4,99,45,54,C,10
651F30EB-8329-453F-9106-711142ECF235,BCC,phase2,5,43,4,39,C,10
651F30EB-8329-453F-9106-711142ECF235,BCC,phase2,6,38,0,38,C,10
652AEADB-31E0-4441-BD96-5F526D08D7AB,ABC,phase1,1,1,1,0,A,3
6538D0FF-648E-4A0D-869C-7ACE7D254001,ACC,phase2,1,1,1,0,A,3
6540F42B-4A91-4F17-A6CB-9AC4A6566133,CCC,phase2,1,3,0,3,C,10
6551BCEF-4BE8-4113-84CB-437CE8743B87,BCC,phase1,1,1,0,1,B,6
6574F553-C49A-416E-8290-58A8FC8D14FF,ABC,phase2,1,17,4,13,A,3
6576ECD0-8B9F-416B-9680-818B2BCA2DD2,CCC,phase1,1,102,66,36,C,10
6576ECD0-8B9F-416B-9680-818B2BCA2DD2,CCC,phase1,2,92,38,54,C,10
6576ECD0-8B9F-416B-9680-818B2BCA2DD2,CCC,phase1,3,60,35,25,C,10
6576ECD0-8B9F-416B-9680-818B2BCA2DD2,CCC,phase1,4,70,43,27,C,10
6576ECD0-8B9F-416B-9680-818B2BCA2DD2,CCC,phase1,5,61,34,27,C,10
6576ECD0-8B9F-416B-9680-818B2BCA2DD2,CCC,phase1,6,31,15,16,C,10
65B298C7-5F40-4ECC-A15F-0318B004A8D8,ABC,phase1,1,91,47,44,A,3
65B298C7-5F40-4ECC-A15F-0318B004A8D8,ABC,phase1,2,92,20,72,A,3
65B298C7-5F40-4ECC-A15F-0318B004A8D8,ABC,phase1,3,80,17,63,B,6
65B298C7-5F40-4ECC-A15F-0318B004A8D8,ABC,phase1,4,102,31,71,B,6
65B298C7-5F40-4ECC-A15F-0318B004A8D8,ABC,phase1,5,88,24,64,C,10
65B298C7-5F40-4ECC-A15F-0318B004A8D8,ABC,phase1,6,27,10,17,C,10
65C4563D-E4CD-4BE4-97A6-84C9AA661C73,CCC,phase2,1,64,10,54,C,10
65C4563D-E4CD-4BE4-97A6-84C9AA661C73,CCC,phase2,2,48,6,42,C,10
65CC02DE-A5E8-47E1-9527-1CA195B3CD8D,ACC,phase1,1,2,0,2,A,3
65D876E8-CA57-400E-A949-D5DD393382BE,ACC,phase2,1,18,1,17,A,3
65D876E8-CA57-400E-A949-D5DD393382BE,ACC,phase2,2,8,0,8,A,3
65D876E8-CA57-400E-A949-D5DD393382BE,ACC,phase2,3,14,1,13,C,10
65D876E8-CA57-400E-A949-D5DD393382BE,ACC,phase2,4,11,1,10,C,10
65D876E8-CA57-400E-A949-D5DD393382BE,ACC,phase2,5,7,0,7,C,10
65F1B516-A8C2-4EC4-ABBD-0072C99A10F0,CCC,phase1,1,119,61,58,C,10
65F1B516-A8C2-4EC4-ABBD-0072C99A10F0,CCC,phase1,2,48,20,28,C,10
6640A49D-34AA-4220-9D9D-D45C4F593D8E,BCC,phase1,1,17,7,10,B,6
669DBE5B-ED5E-42C5-BCA4-28AC2E25F79C,ACC,phase1,1,159,53,106,A,3
669DBE5B-ED5E-42C5-BCA4-28AC2E25F79C,ACC,phase1,2,134,20,114,A,3
669DBE5B-ED5E-42C5-BCA4-28AC2E25F79C,ACC,phase1,3,107,21,86,C,10
669DBE5B-ED5E-42C5-BCA4-28AC2E25F79C,ACC,phase1,4,101,21,80,C,10
669DBE5B-ED5E-42C5-BCA4-28AC2E25F79C,ACC,phase1,5,93,22,71,C,10
669DBE5B-ED5E-42C5-BCA4-28AC2E25F79C,ACC,phase1,6,99,22,77,C,10
66A3FD7B-9EC2-42F4-A172-D4FB6F949DD6,ABC,phase2,1,102,28,74,A,3
66A3FD7B-9EC2-42F4-A172-D4FB6F949DD6,ABC,phase2,2,78,12,66,A,3
66C8AEDE-E272-4039-BCFF-9C2F574EE707,ABC,phase2,1,12,3,9,A,3
675D42F2-B4A2-46B0-867D-3CAE7F988200,ABC,phase1,1,191,25,166,A,3
678B31B5-C4BE-4512-B13A-D4A3FAD26DCB,CCC,phase1,1,14,7,7,C,10
67ACA55B-F322-4EDD-A90C-F93B0BE4A0BC,ABC,phase2,1,246,54,192,A,3
67ACA55B-F322-4EDD-A90C-F93B0BE4A0BC,ABC,phase2,2,279,20,259,A,3
67ACA55B-F322-4EDD-A90C-F93B0BE4A0BC,ABC,phase2,3,285,51,234,B,6
67ACA55B-F322-4EDD-A90C-F93B0BE4A0BC,ABC,phase2,4,195,32,163,B,6
67ACA55B-F322-4EDD-A90C-F93B0BE4A0BC,ABC,phase2,5,169,30,139,C,10
67ACA55B-F322-4EDD-A90C-F93B0BE4A0BC,ABC,phase2,6,168,41,127,C,10
67CE6D25-DA1F-42B6-A6D2-4F37A409A291,ACC,phase2,1,72,10,62,A,3
67CE6D25-DA1F-42B6-A6D2-4F37A409A291,ACC,phase2,2,51,7,44,A,3
67CE6D25-DA1F-42B6-A6D2-4F37A409A291,ACC,phase2,3,21,2,19,C,10
67CE6D25-DA1F-42B6-A6D2-4F37A409A291,ACC,phase2,4,22,1,21,C,10
67CE6D25-DA1F-42B6-A6D2-4F37A409A291,ACC,phase2,5,17,5,12,C,10
67CE6D25-DA1F-42B6-A6D2-4F37A409A291,ACC,phase2,6,1,0,1,C,10
67D62E66-525C-4FDF-9387-9647F9BAB4FC,BCC,phase2,1,213,33,180,B,6
67D62E66-525C-4FDF-9387-9647F9BAB4FC,BCC,phase2,2,237,27,210,B,6
67E212E1-F409-4541-A3E5-2525E7D2ED5A,BCC,phase1,1,39,12,27,B,6
67E212E1-F409-4541-A3E5-2525E7D2ED5A,BCC,phase1,2,57,15,42,B,6
67E212E1-F409-4541-A3E5-2525E7D2ED5A,BCC,phase1,3,87,26,61,C,10
67E212E1-F409-4541-A3E5-2525E7D2ED5A,BCC,phase1,4,50,9,41,C,10
67E212E1-F409-4541-A3E5-2525E7D2ED5A,BCC,phase1,5,44,9,35,C,10
67E212E1-F409-4541-A3E5-2525E7D2ED5A,BCC,phase1,6,39,6,33,C,10
67F01FE9-3C7F-4F17-8B9E-5BCBC86FFFC1,ACC,phase2,1,34,2,32,A,3
6833F551-6397-4444-AD2D-1BEF7FD834E2,ACC,phase2,1,102,24,78,A,3
68460387-B164-4380-8281-9A1C3464D11B,CCC,phase2,1,159,46,113,C,10
68460387-B164-4380-8281-9A1C3464D11B,CCC,phase2,2,120,23,97,C,10
68460387-B164-4380-8281-9A1C3464D11B,CCC,phase2,3,98,20,78,C,10
68460387-B164-4380-8281-9A1C3464D11B,CCC,phase2,4,104,20,84,C,10
68460387-B164-4380-8281-9A1C3464D11B,CCC,phase2,5,169,22,147,C,10
68460387-B164-4380-8281-9A1C3464D11B,CCC,phase2,6,55,5,50,C,10
68510A0A-24A3-45D6-B907-1BCC786D95A9,ACC,phase2,1,91,50,41,A,3
68510A0A-24A3-45D6-B907-1BCC786D95A9,ACC,phase2,2,60,10,50,A,3
68510A0A-24A3-45D6-B907-1BCC786D95A9,ACC,phase2,3,36,12,24,C,10
68510A0A-24A3-45D6-B907-1BCC786D95A9,ACC,phase2,4,53,9,44,C,10
68510A0A-24A3-45D6-B907-1BCC786D95A9,ACC,phase2,5,115,22,93,C,10
68510A0A-24A3-45D6-B907-1BCC786D95A9,ACC,phase2,6,31,7,24,C,10
687C19CA-E6F2-4FE3-B6C0-F718DFDD1230,CCC,phase2,1,40,21,19,C,10
687C19CA-E6F2-4FE3-B6C0-F718DFDD1230,CCC,phase2,2,16,3,13,C,10
687C19CA-E6F2-4FE3-B6C0-F718DFDD1230,CCC,phase2,3,4,3,1,C,10
6886F82B-E5D1-4722-85CD-F9214D758550,BCC,phase2,1,75,19,56,B,6
6886F82B-E5D1-4722-85CD-F9214D758550,BCC,phase2,2,39,7,32,B,6
6886F82B-E5D1-4722-85CD-F9214D758550,BCC,phase2,3,31,6,25,C,10
6886F82B-E5D1-4722-85CD-F9214D758550,BCC,phase2,4,7,3,4,C,10
6886F82B-E5D1-4722-85CD-F9214D758550,BCC,phase2,5,3,0,3,C,10
6886F82B-E5D1-4722-85CD-F9214D758550,BCC,phase2,6,7,4,3,C,10
689F9CDF-9FEC-4585-88C2-CEF816A5BF63,BCC,phase1,1,111,15,96,B,6
689F9CDF-9FEC-4585-88C2-CEF816A5BF63,BCC,phase1,2,134,19,115,B,6
689F9CDF-9FEC-4585-88C2-CEF816A5BF63,BCC,phase1,3,94,16,78,C,10
689F9CDF-9FEC-4585-88C2-CEF816A5BF63,BCC,phase1,4,120,11,109,C,10
689F9CDF-9FEC-4585-88C2-CEF816A5BF63,BCC,phase1,5,117,11,106,C,10
689F9CDF-9FEC-4585-88C2-CEF816A5BF63,BCC,phase1,6,42,1,41,C,10
68C2F85A-961E-43B8-99E1-AC440FD31509,CCC,phase2,1,11,2,9,C,10
68C2F85A-961E-43B8-99E1-AC440FD31509,CCC,phase2,2,17,4,13,C,10
68C2F85A-961E-43B8-99E1-AC440FD31509,CCC,phase2,3,9,1,8,C,10
692DA620-CD7F-448D-8FC9-DB202A9C97F7,BCC,phase1,1,203,49,154,B,6
692DA620-CD7F-448D-8FC9-DB202A9C97F7,BCC,phase1,2,169,44,125,B,6
692DA620-CD7F-448D-8FC9-DB202A9C97F7,BCC,phase1,3,144,42,102,C,10
692DA620-CD7F-448D-8FC9-DB202A9C97F7,BCC,phase1,4,128,19,109,C,10
692DA620-CD7F-448D-8FC9-DB202A9C97F7,BCC,phase1,5,149,33,116,C,10
692DA620-CD7F-448D-8FC9-DB202A9C97F7,BCC,phase1,6,75,18,57,C,10
69313E57-CA08-4ADC-AC10-128D603563F4,ABC,phase1,1,1,1,0,A,3
6934D17A-D678-475D-A0E0-46B8B6AA9B4E,CCC,phase1,1,1,1,0,C,10
69EC2056-9F96-46D2-B86B-62B0C2508061,BCC,phase2,1,122,32,90,B,6
69EC2056-9F96-46D2-B86B-62B0C2508061,BCC,phase2,2,103,21,82,B,6
69EC2056-9F96-46D2-B86B-62B0C2508061,BCC,phase2,3,103,32,71,C,10
69EC2056-9F96-46D2-B86B-62B0C2508061,BCC,phase2,4,111,26,85,C,10
69EC2056-9F96-46D2-B86B-62B0C2508061,BCC,phase2,5,102,20,82,C,10
69F6BD5D-4AAB-4F83-87CA-CA3E147A0DB4,ACC,phase1,1,35,15,20,A,3
6A5994EC-3532-4B6F-BD15-92D5CBAEC692,ABC,phase1,1,107,24,83,A,3
6A5994EC-3532-4B6F-BD15-92D5CBAEC692,ABC,phase1,2,115,16,99,A,3
6A5994EC-3532-4B6F-BD15-92D5CBAEC692,ABC,phase1,3,127,21,106,B,6
6A5994EC-3532-4B6F-BD15-92D5CBAEC692,ABC,phase1,4,124,31,93,B,6
6A782BCA-3571-4602-B208-A34445685CA0,BCC,phase2,1,115,39,76,B,6
6A782BCA-3571-4602-B208-A34445685CA0,BCC,phase2,2,58,11,47,B,6
6A8C99A8-11E1-42B6-A03A-6F6A9BE8B077,CCC,phase1,1,238,66,172,C,10
6A8C99A8-11E1-42B6-A03A-6F6A9BE8B077,CCC,phase1,2,297,66,231,C,10
6A8C99A8-11E1-42B6-A03A-6F6A9BE8B077,CCC,phase1,3,203,44,159,C,10
6A8C99A8-11E1-42B6-A03A-6F6A9BE8B077,CCC,phase1,4,229,48,181,C,10
6A8C99A8-11E1-42B6-A03A-6F6A9BE8B077,CCC,phase1,5,164,37,127,C,10
6A8C99A8-11E1-42B6-A03A-6F6A9BE8B077,CCC,phase1,6,128,23,105,C,10
6ACE889F-EA51-4D55-9A8A-3028959E42D8,BCC,phase2,1,69,21,48,B,6
6ACE889F-EA51-4D55-9A8A-3028959E42D8,BCC,phase2,2,14,5,9,B,6
6ACE889F-EA51-4D55-9A8A-3028959E42D8,BCC,phase2,3,86,10,76,C,10
6ACE889F-EA51-4D55-9A8A-3028959E42D8,BCC,phase2,4,18,7,11,C,10
6B404B2A-721A-4A51-A118-0781C256EA56,ACC,phase1,1,123,27,96,A,3
6B404B2A-721A-4A51-A118-0781C256EA56,ACC,phase1,2,131,18,113,A,3
6B404B2A-721A-4A51-A118-0781C256EA56,ACC,phase1,3,82,18,64,C,10
6B404B2A-721A-4A51-A118-0781C256EA56,ACC,phase1,4,112,32,80,C,10
6B404B2A-721A-4A51-A118-0781C256EA56,ACC,phase1,5,41,12,29,C,10
6B79B84D-5CA4-4A15-8846-8C9B7053C7C4,BCC,phase1,1,171,76,95,B,6
6B79B84D-5CA4-4A15-8846-8C9B7053C7C4,BCC,phase1,2,44,22,22,B,6
6B79B84D-5CA4-4A15-8846-8C9B7053C7C4,BCC,phase1,3,90,58,32,C,10
6B7D4D29-4498-40DE-9AEA-DBBF2CF8623D,CCC,phase2,1,4,3,1,C,10
6B7F330D-2C67-45E0-AD86-096A22B183D8,BCC,phase2,1,63,5,58,B,6
6B7F330D-2C67-45E0-AD86-096A22B183D8,BCC,phase2,2,65,4,61,B,6
6B7F330D-2C67-45E0-AD86-096A22B183D8,BCC,phase2,3,32,4,28,C,10
6B7F330D-2C67-45E0-AD86-096A22B183D8,BCC,phase2,4,52,8,44,C,10
6B7F330D-2C67-45E0-AD86-096A22B183D8,BCC,phase2,5,71,11,60,C,10
6B7F330D-2C67-45E0-AD86-096A22B183D8,BCC,phase2,6,25,4,21,C,10
6B9DD450-40E8-4AA6-8867-A2DB352F34D2,BCC,phase2,1,244,137,107,B,6
6B9DD450-40E8-4AA6-8867-A2DB352F34D2,BCC,phase2,2,138,41,97,B,6
6B9DD450-40E8-4AA6-8867-A2DB352F34D2,BCC,phase2,3,89,27,62,C,10
6B9DD450-40E8-4AA6-8867-A2DB352F34D2,BCC,phase2,4,98,29,69,C,10
6BCDF2CE-55E1-4E8F-B061-748A03FC4E1A,ABC,phase2,1,16,0,16,A,3
6BCDF2CE-55E1-4E8F-B061-748A03FC4E1A,ABC,phase2,2,2,1,1,A,3
6BDE7025-E453-4652-A08F-1AB9FB2B56AA,ABC,phase2,1,1,1,0,A,3
6C24AF4F-9088-4F82-8FB0-5E33B9744272,ACC,phase2,1,2,2,0,A,3
6C5F31C2-1410-4497-85D9-7B4771FAB8A5,ACC,phase2,1,125,82,43,A,3
6C5F31C2-1410-4497-85D9-7B4771FAB8A5,ACC,phase2,2,131,41,90,A,3
6C5F31C2-1410-4497-85D9-7B4771FAB8A5,ACC,phase2,3,116,55,61,C,10
6C5F31C2-1410-4497-85D9-7B4771FAB8A5,ACC,phase2,4,118,38,80,C,10
6C5F31C2-1410-4497-85D9-7B4771FAB8A5,ACC,phase2,5,96,37,59,C,10
6C5F31C2-1410-4497-85D9-7B4771FAB8A5,ACC,phase2,6,20,1,19,C,10
6C9598A4-8FFE-4C06-9889-4EF5DD3A7350,BCC,phase1,1,326,92,234,B,6
6C9598A4-8FFE-4C06-9889-4EF5DD3A7350,BCC,phase1,2,195,44,151,B,6
6CA77AC6-7CFD-4D78-9768-CAB63C4B6D6D,ACC,phase1,1,291,60,231,A,3
6CA77AC6-7CFD-4D78-9768-CAB63C4B6D6D,ACC,phase1,2,288,57,231,A,3
6CAABCE4-2CD6-421B-88AC-3B9B2C3E817B,ABC,phase1,1,138,18,120,A,3
6CAABCE4-2CD6-421B-88AC-3B9B2C3E817B,ABC,phase1,2,154,13,141,A,3
6CAABCE4-2CD6-421B-88AC-3B9B2C3E817B,ABC,phase1,3,130,14,116,B,6
6CAABCE4-2CD6-421B-88AC-3B9B2C3E817B,ABC,phase1,4,102,17,85,B,6
6CB85A2A-822A-4015-A50C-7F64F23A0ECC,BCC,phase2,1,1,1,0,B,6
6D107B48-E4BA-4DB4-91CC-CC1EADABE822,BCC,phase1,1,77,42,35,B,6
6D3223D1-7A19-429D-A319-1A3785C0D662,CCC,phase2,1,1,1,0,C,10
6D8EBFEF-3596-40EC-99FE-82D475CDC0FA,CCC,phase1,1,52,18,34,C,10
6D8EBFEF-3596-40EC-99FE-82D475CDC0FA,CCC,phase1,2,70,13,57,C,10
6D8EBFEF-3596-40EC-99FE-82D475CDC0FA,CCC,phase1,3,63,12,51,C,10
6D8EBFEF-3596-40EC-99FE-82D475CDC0FA,CCC,phase1,4,67,18,49,C,10
6D8EBFEF-3596-40EC-99FE-82D475CDC0FA,CCC,phase1,5,83,22,61,C,10
6D8EBFEF-3596-40EC-99FE-82D475CDC0FA,CCC,phase1,6,40,5,35,C,10
6D9D1282-A406-4010-9D46-C694528536E7,ACC,phase1,1,131,70,61,A,3
6D9D1282-A406-4010-9D46-C694528536E7,ACC,phase1,2,59,18,41,A,3
6D9D1282-A406-4010-9D46-C694528536E7,ACC,phase1,3,30,12,18,C,10
6D9D1282-A406-4010-9D46-C694528536E7,ACC,phase1,4,38,18,20,C,10
6D9D1282-A406-4010-9D46-C694528536E7,ACC,phase1,5,22,7,15,C,10
6D9D1282-A406-4010-9D46-C694528536E7,ACC,phase1,6,34,9,25,C,10
6DADF196-F57A-4AFA-B109-4BE48BE3A407,ACC,phase2,1,171,55,116,A,3
6DADF196-F57A-4AFA-B109-4BE48BE3A407,ACC,phase2,2,122,42,80,A,3
6DADF196-F57A-4AFA-B109-4BE48BE3A407,ACC,phase2,3,127,36,91,C,10
6DADF196-F57A-4AFA-B109-4BE48BE3A407,ACC,phase2,4,68,32,36,C,10
6DADF196-F57A-4AFA-B109-4BE48BE3A407,ACC,phase2,5,55,26,29,C,10
6DADF196-F57A-4AFA-B109-4BE48BE3A407,ACC,phase2,6,77,41,36,C,10
6DC57494-2E9F-4A47-99C5-37814861D5E4,BCC,phase1,1,144,49,95,B,6
6DC57494-2E9F-4A47-99C5-37814861D5E4,BCC,phase1,2,72,20,52,B,6
6DC57494-2E9F-4A47-99C5-37814861D5E4,BCC,phase1,3,44,15,29,C,10
6DC57494-2E9F-4A47-99C5-37814861D5E4,BCC,phase1,4,27,4,23,C,10
6DC57494-2E9F-4A47-99C5-37814861D5E4,BCC,phase1,5,76,27,49,C,10
6DC57494-2E9F-4A47-99C5-37814861D5E4,BCC,phase1,6,83,19,64,C,10
6DCB7CEC-273A-4F2A-B41A-06CACD8CDCBD,ACC,phase1,1,230,30,200,A,3
6DCB7CEC-273A-4F2A-B41A-06CACD8CDCBD,ACC,phase1,2,231,27,204,A,3
6DCB7CEC-273A-4F2A-B41A-06CACD8CDCBD,ACC,phase1,3,113,16,97,C,10
6DCB7CEC-273A-4F2A-B41A-06CACD8CDCBD,ACC,phase1,4,139,18,121,C,10
6DCB7CEC-273A-4F2A-B41A-06CACD8CDCBD,ACC,phase1,5,126,23,103,C,10
6DCB7CEC-273A-4F2A-B41A-06CACD8CDCBD,ACC,phase1,6,138,24,114,C,10
6DFD5BD4-2CC5-49C7-849C-C81721518A46,CCC,phase2,1,43,4,39,C,10
6DFD5BD4-2CC5-49C7-849C-C81721518A46,CCC,phase2,2,37,3,34,C,10
6DFD5BD4-2CC5-49C7-849C-C81721518A46,CCC,phase2,3,39,6,33,C,10
6DFD5BD4-2CC5-49C7-849C-C81721518A46,CCC,phase2,4,20,4,16,C,10
6E11BB6A-EB54-410C-ADDC-FD7FF51C34C9,CCC,phase2,1,285,59,226,C,10
6E11BB6A-EB54-410C-ADDC-FD7FF51C34C9,CCC,phase2,2,172,24,148,C,10
6E11BB6A-EB54-410C-ADDC-FD7FF51C34C9,CCC,phase2,3,129,26,103,C,10
6E11BB6A-EB54-410C-ADDC-FD7FF51C34C9,CCC,phase2,4,155,38,117,C,10
6E11BB6A-EB54-410C-ADDC-FD7FF51C34C9,CCC,phase2,5,106,7,99,C,10
6E11BB6A-EB54-410C-ADDC-FD7FF51C34C9,CCC,phase2,6,53,4,49,C,10
6E20A666-7885-440A-B985-B2B3033780DA,CCC,phase2,1,192,104,88,C,10
6E20A666-7885-440A-B985-B2B3033780DA,CCC,phase2,2,110,33,77,C,10
6E20A666-7885-440A-B985-B2B3033780DA,CCC,phase2,3,52,19,33,C,10
6E3D79B8-FADA-4AA0-8340-6483311A66DE,BCC,phase1,1,65,7,58,B,6
6EB25B0D-9157-4EE4-BC0F-8108062E1B7B,BCC,phase2,1,191,71,120,B,6
6EB25B0D-9157-4EE4-BC0F-8108062E1B7B,BCC,phase2,2,197,64,133,B,6
6EB25B0D-9157-4EE4-BC0F-8108062E1B7B,BCC,phase2,3,160,67,93,C,10
6ECBE132-B319-4DAC-9A31-5EB1CAFEB069,BCC,phase2,1,145,9,136,B,6
6EE0C42C-394B-448F-9FFA-02A49B342D71,ACC,phase1,1,86,11,75,A,3
6EE0C42C-394B-448F-9FFA-02A49B342D71,ACC,phase1,2,87,8,79,A,3
6EE0C42C-394B-448F-9FFA-02A49B342D71,ACC,phase1,3,75,14,61,C,10
6EE0C42C-394B-448F-9FFA-02A49B342D71,ACC,phase1,4,55,12,43,C,10
6EE0C42C-394B-448F-9FFA-02A49B342D71,ACC,phase1,5,37,6,31,C,10
6EE0C42C-394B-448F-9FFA-02A49B342D71,ACC,phase1,6,28,4,24,C,10
6EEC95F7-9F2A-4780-BB05-68613541F8F7,BCC,phase2,1,238,79,159,B,6
6EEC95F7-9F2A-4780-BB05-68613541F8F7,BCC,phase2,2,324,90,234,B,6
6EEC95F7-9F2A-4780-BB05-68613541F8F7,BCC,phase2,3,57,26,31,C,10
6F33BDBC-7F1D-4D6C-87C0-3C4FDACB2D17,ABC,phase2,1,1,0,1,A,3
6F3B2B74-24BC-4E79-9E7E-7C6BCE59DF04,ABC,phase2,1,80,37,43,A,3
6F3B2B74-24BC-4E79-9E7E-7C6BCE59DF04,ABC,phase2,2,94,23,71,A,3
6F3B2B74-24BC-4E79-9E7E-7C6BCE59DF04,ABC,phase2,3,22,6,16,B,6
6F497332-95D9-412A-B3FC-EDB6CA13A32A,CCC,phase1,1,114,52,62,C,10
6F497332-95D9-412A-B3FC-EDB6CA13A32A,CCC,phase1,2,120,47,73,C,10
6F497332-95D9-412A-B3FC-EDB6CA13A32A,CCC,phase1,3,19,15,4,C,10
6F497332-95D9-412A-B3FC-EDB6CA13A32A,CCC,phase1,4,21,12,9,C,10
6F497332-95D9-412A-B3FC-EDB6CA13A32A,CCC,phase1,5,39,19,20,C,10
6F497332-95D9-412A-B3FC-EDB6CA13A32A,CCC,phase1,6,11,6,5,C,10
6F56EA30-AAD3-4953-B391-A0E282F94F14,BCC,phase1,1,35,5,30,B,6
6F56EA30-AAD3-4953-B391-A0E282F94F14,BCC,phase1,2,35,6,29,B,6
6F66080D-284F-43E7-802B-534209FC7B76,BCC,phase2,1,1,0,1,B,6
6FA0ACD0-45C5-4636-A010-E11C2510DC00,ACC,phase2,1,65,18,47,A,3
6FA0ACD0-45C5-4636-A010-E11C2510DC00,ACC,phase2,2,72,9,63,A,3
6FA0ACD0-45C5-4636-A010-E11C2510DC00,ACC,phase2,3,31,3,28,C,10
6FA0ACD0-45C5-4636-A010-E11C2510DC00,ACC,phase2,4,11,1,10,C,10
6FB5EF79-8EC9-44F5-A070-638736810758,ABC,phase1,1,158,36,122,A,3
6FB5EF79-8EC9-44F5-A070-638736810758,ABC,phase1,2,89,11,78,A,3
6FB5EF79-8EC9-44F5-A070-638736810758,ABC,phase1,3,64,6,58,B,6
6FB5EF79-8EC9-44F5-A070-638736810758,ABC,phase1,4,67,3,64,B,6
6FB5EF79-8EC9-44F5-A070-638736810758,ABC,phase1,5,60,11,49,C,10
6FB5EF79-8EC9-44F5-A070-638736810758,ABC,phase1,6,61,13,48,C,10
6FBAFF4B-10F5-4494-B4BB-6DDE315C2959,CCC,phase1,1,156,86,70,C,10
6FBAFF4B-10F5-4494-B4BB-6DDE315C2959,CCC,phase1,2,33,24,9,C,10
6FDFB9D7-B3EA-4921-B10B-5702CC919E6A,ACC,phase1,1,51,15,36,A,3
70029981-DA1A-4C35-BC13-3AE907986019,CCC,phase2,1,169,72,97,C,10
70029981-DA1A-4C35-BC13-3AE907986019,CCC,phase2,2,115,30,85,C,10
70029981-DA1A-4C35-BC13-3AE907986019,CCC,phase2,3,97,10,87,C,10
70029981-DA1A-4C35-BC13-3AE907986019,CCC,phase2,4,94,14,80,C,10
70029981-DA1A-4C35-BC13-3AE907986019,CCC,phase2,5,7,0,7,C,10
70029981-DA1A-4C35-BC13-3AE907986019,CCC,phase2,6,30,7,23,C,10
70975664-2972-442F-98DE-5D5B79E42387,CCC,phase1,1,8,7,1,C,10
70B61B25-BF69-4D4D-97DF-E5003CF81714,BCC,phase2,1,116,71,45,B,6
70B61B25-BF69-4D4D-97DF-E5003CF81714,BCC,phase2,2,73,23,50,B,6
70B61B25-BF69-4D4D-97DF-E5003CF81714,BCC,phase2,3,76,33,43,C,10
70B61B25-BF69-4D4D-97DF-E5003CF81714,BCC,phase2,4,55,15,40,C,10
70B61B25-BF69-4D4D-97DF-E5003CF81714,BCC,phase2,5,62,25,37,C,10
70B61B25-BF69-4D4D-97DF-E5003CF81714,BCC,phase2,6,39,12,27,C,10
70C8C71A-4105-4A6D-AED6-864F1EE39021,ABC,phase2,1,415,73,342,A,3
70C8C71A-4105-4A6D-AED6-864F1EE39021,ABC,phase2,2,477,54,423,A,3
70C8C71A-4105-4A6D-AED6-864F1EE39021,ABC,phase2,3,360,61,299,B,6
70C8C71A-4105-4A6D-AED6-864F1EE39021,ABC,phase2,4,294,49,245,B,6
70C8C71A-4105-4A6D-AED6-864F1EE39021,ABC,phase2,5,341,67,274,C,10
70C8C71A-4105-4A6D-AED6-864F1EE39021,ABC,phase2,6,352,57,295,C,10
70D4F4CE-1D75-410B-973A-C2E5B878C061,ACC,phase2,1,103,26,77,A,3
70D4F4CE-1D75-410B-973A-C2E5B878C061,ACC,phase2,2,118,9,109,A,3
70D4F4CE-1D75-410B-973A-C2E5B878C061,ACC,phase2,3,130,16,114,C,10
70D4F4CE-1D75-410B-973A-C2E5B878C061,ACC,phase2,4,5,0,5,C,10
712CDA52-175E-44E2-A8BF-4D40781BB5AE,CCC,phase1,1,95,49,46,C,10
712CDA52-175E-44E2-A8BF-4D40781BB5AE,CCC,phase1,2,17,10,7,C,10
716F7513-A1BD-43AE-871E-09524CD9AF89,CCC,phase1,1,11,4,7,C,10
716F7513-A1BD-43AE-871E-09524CD9AF89,CCC,phase1,2,17,6,11,C,10
716F7513-A1BD-43AE-871E-09524CD9AF89,CCC,phase1,3,18,2,16,C,10
716F7513-A1BD-43AE-871E-09524CD9AF89,CCC,phase1,4,6,1,5,C,10
716F7513-A1BD-43AE-871E-09524CD9AF89,CCC,phase1,5,10,1,9,C,10
716F7513-A1BD-43AE-871E-09524CD9AF89,CCC,phase1,6,4,1,3,C,10
717B9889-701F-4F28-8DFD-E2DE9A6831E6,BCC,phase2,1,54,27,27,B,6
71947624-5A9D-4C53-806C-8B7C403A0A33,BCC,phase2,1,343,101,242,B,6
71947624-5A9D-4C53-806C-8B7C403A0A33,BCC,phase2,2,237,56,181,B,6
71947624-5A9D-4C53-806C-8B7C403A0A33,BCC,phase2,3,25,8,17,C,10
719B126C-A864-4877-A9B4-53A416920029,ACC,phase1,1,264,36,228,A,3
719B126C-A864-4877-A9B4-53A416920029,ACC,phase1,2,250,14,236,A,3
719B126C-A864-4877-A9B4-53A416920029,ACC,phase1,3,39,7,32,C,10
727887B5-A479-4FBF-8249-117EB00F4FD4,ACC,phase2,1,69,6,63,A,3
727887B5-A479-4FBF-8249-117EB00F4FD4,ACC,phase2,2,56,2,54,A,3
727887B5-A479-4FBF-8249-117EB00F4FD4,ACC,phase2,3,48,5,43,C,10
727887B5-A479-4FBF-8249-117EB00F4FD4,ACC,phase2,4,34,0,34,C,10
72D71D51-DA65-430F-8D4D-611B5949F979,ABC,phase1,1,88,62,26,A,3
72F6101F-66C0-4ABA-86E3-D705A0FB2E57,ABC,phase2,1,211,28,183,A,3
72F6101F-66C0-4ABA-86E3-D705A0FB2E57,ABC,phase2,2,255,35,220,A,3
72F6101F-66C0-4ABA-86E3-D705A0FB2E57,ABC,phase2,3,259,21,238,B,6
72F6101F-66C0-4ABA-86E3-D705A0FB2E57,ABC,phase2,4,256,29,227,B,6
72F6101F-66C0-4ABA-86E3-D705A0FB2E57,ABC,phase2,5,254,25,229,C,10
72F6101F-66C0-4ABA-86E3-D705A0FB2E57,ABC,phase2,6,135,21,114,C,10
737CC5F6-1A06-4695-AEFA-534149001DDC,ACC,phase1,1,1,0,1,A,3
73929A32-E65E-4ED8-BF62-ABE498DCD3F8,ABC,phase1,1,97,12,85,A,3
73929A32-E65E-4ED8-BF62-ABE498DCD3F8,ABC,phase1,2,128,6,122,A,3
73929A32-E65E-4ED8-BF62-ABE498DCD3F8,ABC,phase1,3,90,8,82,B,6
73929A32-E65E-4ED8-BF62-ABE498DCD3F8,ABC,phase1,4,87,9,78,B,6
73929A32-E65E-4ED8-BF62-ABE498DCD3F8,ABC,phase1,5,96,11,85,C,10
73929A32-E65E-4ED8-BF62-ABE498DCD3F8,ABC,phase1,6,94,6,88,C,10
74833EC5-9986-481F-80E1-AFE2BA077F81,CCC,phase1,1,80,28,52,C,10
74833EC5-9986-481F-80E1-AFE2BA077F81,CCC,phase1,2,103,42,61,C,10
74833EC5-9986-481F-80E1-AFE2BA077F81,CCC,phase1,3,92,40,52,C,10
74833EC5-9986-481F-80E1-AFE2BA077F81,CCC,phase1,4,27,12,15,C,10
74F5CB40-2DDF-4E5A-B6EC-1F83322123F0,BCC,phase2,1,48,6,42,B,6
74F5CB40-2DDF-4E5A-B6EC-1F83322123F0,BCC,phase2,2,30,4,26,B,6
74F5CB40-2DDF-4E5A-B6EC-1F83322123F0,BCC,phase2,3,3,0,3,C,10
74F757ED-F490-4AF5-ACD1-D2581F54C1C2,BCC,phase2,1,42,9,33,B,6
74F757ED-F490-4AF5-ACD1-D2581F54C1C2,BCC,phase2,2,47,5,42,B,6
74F757ED-F490-4AF5-ACD1-D2581F54C1C2,BCC,phase2,3,43,6,37,C,10
74F757ED-F490-4AF5-ACD1-D2581F54C1C2,BCC,phase2,4,16,4,12,C,10
750E31D3-E5B7-404D-840A-98D1F19EA3CB,BCC,phase1,1,1,0,1,B,6
75121C49-7054-4500-A7CF-D8E22FD3C80D,CCC,phase1,1,24,7,17,C,10
75121C49-7054-4500-A7CF-D8E22FD3C80D,CCC,phase1,2,34,11,23,C,10
75121C49-7054-4500-A7CF-D8E22FD3C80D,CCC,phase1,3,12,3,9,C,10
753209DF-5FD6-49EA-A4EE-88C59E5C4B62,CCC,phase2,1,3,3,0,C,10
753E9270-37A2-40D7-B59D-EF14193CCA57,BCC,phase1,1,38,16,22,B,6
753E9270-37A2-40D7-B59D-EF14193CCA57,BCC,phase1,2,37,11,26,B,6
753E9270-37A2-40D7-B59D-EF14193CCA57,BCC,phase1,3,39,13,26,C,10
753E9270-37A2-40D7-B59D-EF14193CCA57,BCC,phase1,4,47,12,35,C,10
753E9270-37A2-40D7-B59D-EF14193CCA57,BCC,phase1,5,47,10,37,C,10
753E9270-37A2-40D7-B59D-EF14193CCA57,BCC,phase1,6,53,15,38,C,10
7569606E-4960-490E-9D7E-53DBC687E3F4,ABC,phase2,1,1,0,1,A,3
75A6FDFD-2574-4B1B-B67C-E36C98569080,ABC,phase2,1,168,34,134,A,3
75A6FDFD-2574-4B1B-B67C-E36C98569080,ABC,phase2,2,186,34,152,A,3
75A6FDFD-2574-4B1B-B67C-E36C98569080,ABC,phase2,3,66,8,58,B,6
75A6FDFD-2574-4B1B-B67C-E36C98569080,ABC,phase2,4,42,3,39,B,6
75A6FDFD-2574-4B1B-B67C-E36C98569080,ABC,phase2,5,29,3,26,C,10
75A6FDFD-2574-4B1B-B67C-E36C98569080,ABC,phase2,6,25,2,23,C,10
75AAF8FA-60E2-4377-9507-12D86C148185,BCC,phase1,1,73,19,54,B,6
75AAF8FA-60E2-4377-9507-12D86C148185,BCC,phase1,2,51,9,42,B,6
75AAF8FA-60E2-4377-9507-12D86C148185,BCC,phase1,3,63,12,51,C,10
75AAF8FA-60E2-4377-9507-12D86C148185,BCC,phase1,4,80,22,58,C,10
75AAF8FA-60E2-4377-9507-12D86C148185,BCC,phase1,5,76,14,62,C,10
75AAF8FA-60E2-4377-9507-12D86C148185,BCC,phase1,6,80,16,64,C,10
75C19B26-A150-48CD-8D98-31E6A2BF2C29,ABC,phase2,1,2,0,2,A,3
75C19B26-A150-48CD-8D98-31E6A2BF2C29,ABC,phase2,2,19,1,18,A,3
75F179CF-1227-4612-B45D-C38949AC99DC,ABC,phase1,1,8,7,1,A,3
7629751F-297D-4889-B587-036989E10EC2,ACC,phase1,1,121,26,95,A,3
7629751F-297D-4889-B587-036989E10EC2,ACC,phase1,2,121,30,91,A,3
7629751F-297D-4889-B587-036989E10EC2,ACC,phase1,3,125,31,94,C,10
7629751F-297D-4889-B587-036989E10EC2,ACC,phase1,4,103,36,67,C,10
7629751F-297D-4889-B587-036989E10EC2,ACC,phase1,5,116,30,86,C,10
7629751F-297D-4889-B587-036989E10EC2,ACC,phase1,6,101,22,79,C,10
766DA665-3A69-4E45-848A-70A30C5A3180,CCC,phase2,1,1,0,1,C,10
76B98934-3E2D-4B11-8A20-4CD60A71E3F4,CCC,phase1,1,32,5,27,C,10
76B98934-3E2D-4B11-8A20-4CD60A71E3F4,CCC,phase1,2,28,4,24,C,10
76D37608-CABD-4B99-AA38-9A89C59C4898,CCC,phase1,1,1,1,0,C,10
770504FD-496C-4ED9-BDE7-941A5CBCECEE,ACC,phase1,1,76,30,46,A,3
7778E549-5B39-4628-8123-63B4A3865EA9,CCC,phase1,1,45,14,31,C,10
7778E549-5B39-4628-8123-63B4A3865EA9,CCC,phase1,2,28,5,23,C,10
77BA2557-315C-4559-96DA-8A5FA0DFEB9E,ACC,phase1,1,97,12,85,A,3
77BA2557-315C-4559-96DA-8A5FA0DFEB9E,ACC,phase1,2,110,10,100,A,3
77BA2557-315C-4559-96DA-8A5FA0DFEB9E,ACC,phase1,3,111,24,87,C,10
77BA2557-315C-4559-96DA-8A5FA0DFEB9E,ACC,phase1,4,2,0,2,C,10
785CFBBC-CAFB-40CD-8800-B6BF7169724A,ACC,phase2,1,130,40,90,A,3
78A22920-B819-4601-9A9F-4D2E3B4850DE,ABC,phase2,1,40,17,23,A,3
78A22920-B819-4601-9A9F-4D2E3B4850DE,ABC,phase2,2,34,11,23,A,3
78A29FF4-D3BC-4830-A4E1-BB4AC4BB694F,BCC,phase2,1,7,2,5,B,6
78A29FF4-D3BC-4830-A4E1-BB4AC4BB694F,BCC,phase2,2,12,0,12,B,6
78A29FF4-D3BC-4830-A4E1-BB4AC4BB694F,BCC,phase2,3,11,0,11,C,10
78A29FF4-D3BC-4830-A4E1-BB4AC4BB694F,BCC,phase2,4,6,0,6,C,10
78A29FF4-D3BC-4830-A4E1-BB4AC4BB694F,BCC,phase2,5,8,0,8,C,10
78A29FF4-D3BC-4830-A4E1-BB4AC4BB694F,BCC,phase2,6,8,0,8,C,10
78A839FC-44D3-4410-9ADC-8979F6A24147,ABC,phase1,1,39,9,30,A,3
78A839FC-44D3-4410-9ADC-8979F6A24147,ABC,phase1,2,85,31,54,A,3
78A839FC-44D3-4410-9ADC-8979F6A24147,ABC,phase1,3,25,8,17,B,6
78CE9C3A-2DAA-4316-8AA8-F7D6210B1988,ABC,phase2,1,2,1,1,A,3
78CE9C3A-2DAA-4316-8AA8-F7D6210B1988,ABC,phase2,2,3,0,3,A,3
78CEF32A-BD37-4BF5-8300-EEBBDBCEC1EA,ABC,phase2,1,314,63,251,A,3
78CEF32A-BD37-4BF5-8300-EEBBDBCEC1EA,ABC,phase2,2,200,33,167,A,3
78CEF32A-BD37-4BF5-8300-EEBBDBCEC1EA,ABC,phase2,3,23,3,20,B,6
78D5E3CC-5066-493A-8E19-D5B454F70C19,BCC,phase2,1,185,58,127,B,6
78D5E3CC-5066-493A-8E19-D5B454F70C19,BCC,phase2,2,140,27,113,B,6
78EAE289-A56E-4D6A-8A67-32AD65A4A895,CCC,phase2,1,1,1,0,C,10
78F075C2-D2F5-4BC5-8B75-1B4EB1DE6305,ABC,phase2,1,85,29,56,A,3
78FF8B49-EDC2-4D6C-A454-12797839828F,ACC,phase2,1,67,15,52,A,3
78FF8B49-EDC2-4D6C-A454-12797839828F,ACC,phase2,2,138,13,125,A,3
78FF8B49-EDC2-4D6C-A454-12797839828F,ACC,phase2,3,84,15,69,C,10
78FF8B49-EDC2-4D6C-A454-12797839828F,ACC,phase2,4,33,4,29,C,10
78FF8B49-EDC2-4D6C-A454-12797839828F,ACC,phase2,5,86,16,70,C,10
78FF8B49-EDC2-4D6C-A454-12797839828F,ACC,phase2,6,8,2,6,C,10
7919D969-2EEE-4B18-874E-ECF24E2D78EC,ABC,phase1,1,134,43,91,A,3
7919D969-2EEE-4B18-874E-ECF24E2D78EC,ABC,phase1,2,94,16,78,A,3
7919D969-2EEE-4B18-874E-ECF24E2D78EC,ABC,phase1,3,60,13,47,B,6
7919D969-2EEE-4B18-874E-ECF24E2D78EC,ABC,phase1,4,57,24,33,B,6
7919D969-2EEE-4B18-874E-ECF24E2D78EC,ABC,phase1,5,44,8,36,C,10
7919D969-2EEE-4B18-874E-ECF24E2D78EC,ABC,phase1,6,31,6,25,C,10
792CD63A-9562-4EF2-8D22-6A31DA226921,CCC,phase1,1,5,0,5,C,10
792CD63A-9562-4EF2-8D22-6A31DA226921,CCC,phase1,2,0,0,0,C,10
792CD63A-9562-4EF2-8D22-6A31DA226921,CCC,phase1,3,3,2,1,C,10
793951EB-205A-4039-B42E-7DC862D01D45,CCC,phase2,1,2,0,2,C,10
793951EB-205A-4039-B42E-7DC862D01D45,CCC,phase2,2,117,11,106,C,10
793951EB-205A-4039-B42E-7DC862D01D45,CCC,phase2,3,198,30,168,C,10
793951EB-205A-4039-B42E-7DC862D01D45,CCC,phase2,4,105,14,91,C,10
793951EB-205A-4039-B42E-7DC862D01D45,CCC,phase2,5,7,2,5,C,10
79942E51-7422-4D41-8F45-53B12A794397,BCC,phase1,1,66,14,52,B,6
79942E51-7422-4D41-8F45-53B12A794397,BCC,phase1,2,73,7,66,B,6
79942E51-7422-4D41-8F45-53B12A794397,BCC,phase1,3,84,10,74,C,10
79942E51-7422-4D41-8F45-53B12A794397,BCC,phase1,4,70,9,61,C,10
79942E51-7422-4D41-8F45-53B12A794397,BCC,phase1,5,82,11,71,C,10
79942E51-7422-4D41-8F45-53B12A794397,BCC,phase1,6,59,7,52,C,10
79AD1105-6368-4219-B46B-9F29B0A724B0,ACC,phase2,1,1,1,0,A,3
79E2C426-421A-42C5-B31A-51D80898520A,BCC,phase2,1,22,1,21,B,6
79E2C426-421A-42C5-B31A-51D80898520A,BCC,phase2,2,11,0,11,B,6
79E2C426-421A-42C5-B31A-51D80898520A,BCC,phase2,3,18,3,15,C,10
79E2C426-421A-42C5-B31A-51D80898520A,BCC,phase2,4,21,3,18,C,10
79E93EE0-41B8-47E1-9DC2-CE68EF17733B,BCC,phase2,1,258,214,44,B,6
79E93EE0-41B8-47E1-9DC2-CE68EF17733B,BCC,phase2,2,298,266,32,B,6
79E93EE0-41B8-47E1-9DC2-CE68EF17733B,BCC,phase2,3,166,149,17,C,10
79FC0E84-6912-4557-867F-A9CC0A42DF94,ACC,phase2,1,291,81,210,A,3
79FC0E84-6912-4557-867F-A9CC0A42DF94,ACC,phase2,2,401,52,349,A,3
79FC0E84-6912-4557-867F-A9CC0A42DF94,ACC,phase2,3,310,47,263,C,10
79FC0E84-6912-4557-867F-A9CC0A42DF94,ACC,phase2,4,273,20,253,C,10
79FC0E84-6912-4557-867F-A9CC0A42DF94,ACC,phase2,5,323,27,296,C,10
79FC0E84-6912-4557-867F-A9CC0A42DF94,ACC,phase2,6,167,8,159,C,10
7A0F274C-58FE-49D7-BDCD-C7B42852D7EE,CCC,phase2,1,19,4,15,C,10
7A0F274C-58FE-49D7-BDCD-C7B42852D7EE,CCC,phase2,2,28,4,24,C,10
7A0F274C-58FE-49D7-BDCD-C7B42852D7EE,CCC,phase2,3,44,3,41,C,10
7A0F274C-58FE-49D7-BDCD-C7B42852D7EE,CCC,phase2,4,56,6,50,C,10
7A0F274C-58FE-49D7-BDCD-C7B42852D7EE,CCC,phase2,5,53,3,50,C,10
7A0F274C-58FE-49D7-BDCD-C7B42852D7EE,CCC,phase2,6,75,2,73,C,10
7A66F0BC-95FB-4B1B-8D54-268554F3858C,ABC,phase1,1,130,50,80,A,3
7A66F0BC-95FB-4B1B-8D54-268554F3858C,ABC,phase1,2,85,17,68,A,3
7A66F0BC-95FB-4B1B-8D54-268554F3858C,ABC,phase1,3,121,24,97,B,6
7A66F0BC-95FB-4B1B-8D54-268554F3858C,ABC,phase1,4,74,14,60,B,6
7A66F0BC-95FB-4B1B-8D54-268554F3858C,ABC,phase1,5,92,21,71,C,10
7A66F0BC-95FB-4B1B-8D54-268554F3858C,ABC,phase1,6,78,10,68,C,10
7A7CFACE-5191-48CC-A53B-E17CB20E9AF1,BCC,phase2,1,26,6,20,B,6
7A8F3F4C-9EAC-4568-914F-7C98F7407092,ABC,phase1,1,106,25,81,A,3
7A8F3F4C-9EAC-4568-914F-7C98F7407092,ABC,phase1,2,135,27,108,A,3
7A8F3F4C-9EAC-4568-914F-7C98F7407092,ABC,phase1,3,191,28,163,B,6
7A8F3F4C-9EAC-4568-914F-7C98F7407092,ABC,phase1,4,114,21,93,B,6
7A8F3F4C-9EAC-4568-914F-7C98F7407092,ABC,phase1,5,150,44,106,C,10
7A8F3F4C-9EAC-4568-914F-7C98F7407092,ABC,phase1,6,156,48,108,C,10
7A909AA6-6BEC-4AB1-AC88-7CDEC9C8953C,ACC,phase1,1,1,0,1,A,3
7A909AA6-6BEC-4AB1-AC88-7CDEC9C8953C,ACC,phase1,2,3,1,2,A,3
7A92CEC5-AD85-4AD7-86C0-6FCA240082F7,BCC,phase2,1,114,44,70,B,6
7A92CEC5-AD85-4AD7-86C0-6FCA240082F7,BCC,phase2,2,91,30,61,B,6
7A92CEC5-AD85-4AD7-86C0-6FCA240082F7,BCC,phase2,3,80,20,60,C,10
7A92CEC5-AD85-4AD7-86C0-6FCA240082F7,BCC,phase2,4,5,1,4,C,10
7AF3E9AD-F8F8-4642-A9B1-FFA769AA2B12,CCC,phase2,1,142,25,117,C,10
7AF3E9AD-F8F8-4642-A9B1-FFA769AA2B12,CCC,phase2,2,73,16,57,C,10
7AF3E9AD-F8F8-4642-A9B1-FFA769AA2B12,CCC,phase2,3,41,8,33,C,10
7AF3E9AD-F8F8-4642-A9B1-FFA769AA2B12,CCC,phase2,4,52,0,52,C,10
7AF3E9AD-F8F8-4642-A9B1-FFA769AA2B12,CCC,phase2,5,45,8,37,C,10
7B1B62F4-C59E-412D-A8A0-6DEF78A9EC3E,ACC,phase2,1,1,1,0,A,3
7B330864-57C0-4A73-9FB6-09B041DB0F98,ACC,phase1,1,41,6,35,A,3
7B330864-57C0-4A73-9FB6-09B041DB0F98,ACC,phase1,2,20,2,18,A,3
7B7CACD1-5CD9-4D36-896A-6388E3E20D49,ABC,phase1,1,1,1,0,A,3
7B88A5FC-3893-493F-B88F-AF1555950487,CCC,phase1,1,27,7,20,C,10
7B88A5FC-3893-493F-B88F-AF1555950487,CCC,phase1,2,6,1,5,C,10
7B88A5FC-3893-493F-B88F-AF1555950487,CCC,phase1,3,8,1,7,C,10
7B88A5FC-3893-493F-B88F-AF1555950487,CCC,phase1,4,1,0,1,C,10
7B93BE54-1900-46E2-8645-AE2D2B4D4B8B,CCC,phase2,1,126,54,72,C,10
7B93BE54-1900-46E2-8645-AE2D2B4D4B8B,CCC,phase2,2,74,22,52,C,10
7B93BE54-1900-46E2-8645-AE2D2B4D4B8B,CCC,phase2,3,138,38,100,C,10
7B93BE54-1900-46E2-8645-AE2D2B4D4B8B,CCC,phase2,4,90,12,78,C,10
7B93BE54-1900-46E2-8645-AE2D2B4D4B8B,CCC,phase2,5,98,14,84,C,10
7BDC8F55-26A7-4017-9CC4-B3E576646101,CCC,phase2,1,70,7,63,C,10
7BDC8F55-26A7-4017-9CC4-B3E576646101,CCC,phase2,2,78,6,72,C,10
7BDC8F55-26A7-4017-9CC4-B3E576646101,CCC,phase2,3,89,4,85,C,10
7BDC8F55-26A7-4017-9CC4-B3E576646101,CCC,phase2,4,103,3,100,C,10
7BDC8F55-26A7-4017-9CC4-B3E576646101,CCC,phase2,5,86,6,80,C,10
7BDC8F55-26A7-4017-9CC4-B3E576646101,CCC,phase2,6,72,4,68,C,10
7BEE9911-D59A-4E00-AF52-F4BC010D95D9,BCC,phase2,1,207,68,139,B,6
7BEE9911-D59A-4E00-AF52-F4BC010D95D9,BCC,phase2,2,173,34,139,B,6
7BEE9911-D59A-4E00-AF52-F4BC010D95D9,BCC,phase2,3,240,63,177,C,10
7BEE9911-D59A-4E00-AF52-F4BC010D95D9,BCC,phase2,4,145,35,110,C,10
7BEE9911-D59A-4E00-AF52-F4BC010D95D9,BCC,phase2,5,225,74,151,C,10
7BEE9911-D59A-4E00-AF52-F4BC010D95D9,BCC,phase2,6,52,12,40,C,10
7C004B10-F160-4A69-A3C6-D06D1A700FAF,CCC,phase2,1,126,31,95,C,10
7C004B10-F160-4A69-A3C6-D06D1A700FAF,CCC,phase2,2,75,13,62,C,10
7C004B10-F160-4A69-A3C6-D06D1A700FAF,CCC,phase2,3,117,37,80,C,10
7C004B10-F160-4A69-A3C6-D06D1A700FAF,CCC,phase2,4,114,31,83,C,10
7C004B10-F160-4A69-A3C6-D06D1A700FAF,CCC,phase2,5,62,16,46,C,10
7CB3893B-5DD1-424F-9BF8-59CD3246532B,BCC,phase1,1,1,1,0,B,6
7CC985EB-9997-4E82-AF9D-B94BF2A5365F,CCC,phase1,1,31,8,23,C,10
7CC985EB-9997-4E82-AF9D-B94BF2A5365F,CCC,phase1,2,16,5,11,C,10
7CC985EB-9997-4E82-AF9D-B94BF2A5365F,CCC,phase1,3,4,1,3,C,10
7CDAA781-6FFF-435C-8A71-E760A58E1D0E,ABC,phase2,1,74,15,59,A,3
7CDAA781-6FFF-435C-8A71-E760A58E1D0E,ABC,phase2,2,52,4,48,A,3
7CDAA781-6FFF-435C-8A71-E760A58E1D0E,ABC,phase2,3,108,6,102,B,6
7CDAA781-6FFF-435C-8A71-E760A58E1D0E,ABC,phase2,4,148,6,142,B,6
7CDAA781-6FFF-435C-8A71-E760A58E1D0E,ABC,phase2,5,2,1,1,C,10
7CDE8088-3AE8-4947-BB18-4BDE3D496C1A,ACC,phase2,1,36,14,22,A,3
7CDE8088-3AE8-4947-BB18-4BDE3D496C1A,ACC,phase2,2,29,15,14,A,3
7CDE8088-3AE8-4947-BB18-4BDE3D496C1A,ACC,phase2,3,9,3,6,C,10
7CDE8088-3AE8-4947-BB18-4BDE3D496C1A,ACC,phase2,4,32,7,25,C,10
7CDE8088-3AE8-4947-BB18-4BDE3D496C1A,ACC,phase2,5,10,4,6,C,10
7CDE8088-3AE8-4947-BB18-4BDE3D496C1A,ACC,phase2,6,3,3,0,C,10
7D042505-3A44-42EC-A90E-4BF441FD9222,ACC,phase2,1,156,42,114,A,3
7D042505-3A44-42EC-A90E-4BF441FD9222,ACC,phase2,2,125,39,86,A,3
7D042505-3A44-42EC-A90E-4BF441FD9222,ACC,phase2,3,109,42,67,C,10
7D042505-3A44-42EC-A90E-4BF441FD9222,ACC,phase2,4,88,28,60,C,10
7D042505-3A44-42EC-A90E-4BF441FD9222,ACC,phase2,5,83,29,54,C,10
7D042505-3A44-42EC-A90E-4BF441FD9222,ACC,phase2,6,88,29,59,C,10
7D2C3D39-923B-4FF7-8C82-4B96E1F2E8C8,ABC,phase1,1,50,15,35,A,3
7D2D3B6C-B2C0-4055-B682-0D627FBCD829,ACC,phase2,1,237,13,224,A,3
7D2D3B6C-B2C0-4055-B682-0D627FBCD829,ACC,phase2,2,103,9,94,A,3
7D3CA752-3154-4189-8A3E-DF6825E9ED15,CCC,phase1,1,128,83,45,C,10
7D3CA752-3154-4189-8A3E-DF6825E9ED15,CCC,phase1,2,119,65,54,C,10
7D3CA752-3154-4189-8A3E-DF6825E9ED15,CCC,phase1,3,101,58,43,C,10
7D3CA752-3154-4189-8A3E-DF6825E9ED15,CCC,phase1,4,122,58,64,C,10
7D3CA752-3154-4189-8A3E-DF6825E9ED15,CCC,phase1,5,91,37,54,C,10
7D616A17-312D-4C53-B8CD-FFAC545EADB8,ACC,phase1,1,85,25,60,A,3
7D616A17-312D-4C53-B8CD-FFAC545EADB8,ACC,phase1,2,96,24,72,A,3
7D616A17-312D-4C53-B8CD-FFAC545EADB8,ACC,phase1,3,55,25,30,C,10
7D616A17-312D-4C53-B8CD-FFAC545EADB8,ACC,phase1,4,57,15,42,C,10
7D616A17-312D-4C53-B8CD-FFAC545EADB8,ACC,phase1,5,150,39,111,C,10
7D616A17-312D-4C53-B8CD-FFAC545EADB8,ACC,phase1,6,32,11,21,C,10
7D991025-F56A-4401-8B96-800A7E2BF35F,CCC,phase1,1,186,120,66,C,10
7D991025-F56A-4401-8B96-800A7E2BF35F,CCC,phase1,2,277,93,184,C,10
7D991025-F56A-4401-8B96-800A7E2BF35F,CCC,phase1,3,0,0,0,C,10
7D991025-F56A-4401-8B96-800A7E2BF35F,CCC,phase1,4,59,25,34,C,10
7D991025-F56A-4401-8B96-800A7E2BF35F,CCC,phase1,5,293,94,199,C,10
7D991025-F56A-4401-8B96-800A7E2BF35F,CCC,phase1,6,95,37,58,C,10
7DA7852F-87D7-43FF-B8A4-F72C9DCE28B0,CCC,phase1,1,92,35,57,C,10
7DBEA4E3-381F-4A28-8F8D-D51387B4A229,ACC,phase2,1,254,50,204,A,3
7DBEA4E3-381F-4A28-8F8D-D51387B4A229,ACC,phase2,2,244,57,187,A,3
7DBEA4E3-381F-4A28-8F8D-D51387B4A229,ACC,phase2,3,60,14,46,C,10
7DCDABFC-58C1-4001-9210-6693698BE8D7,BCC,phase1,1,34,23,11,B,6
7DD3A2AF-892F-4D15-86B9-DC85BF120C50,BCC,phase2,1,179,55,124,B,6
7DD3A2AF-892F-4D15-86B9-DC85BF120C50,BCC,phase2,2,43,8,35,B,6
7DD3A2AF-892F-4D15-86B9-DC85BF120C50,BCC,phase2,3,35,4,31,C,10
7E7049B5-2AE1-42C8-9522-4CBDC9EBEDED,ABC,phase2,1,65,18,47,A,3
7E7049B5-2AE1-42C8-9522-4CBDC9EBEDED,ABC,phase2,2,24,7,17,A,3
7E7049B5-2AE1-42C8-9522-4CBDC9EBEDED,ABC,phase2,3,59,19,40,B,6
7E7049B5-2AE1-42C8-9522-4CBDC9EBEDED,ABC,phase2,4,67,19,48,B,6
7E7049B5-2AE1-42C8-9522-4CBDC9EBEDED,ABC,phase2,5,54,20,34,C,10
7E7049B5-2AE1-42C8-9522-4CBDC9EBEDED,ABC,phase2,6,29,17,12,C,10
7ECF094D-46DA-422B-9E08-D53552370BCE,ABC,phase2,1,52,20,32,A,3
7ECF094D-46DA-422B-9E08-D53552370BCE,ABC,phase2,2,10,6,4,A,3
7ECF094D-46DA-422B-9E08-D53552370BCE,ABC,phase2,3,2,1,1,B,6
7ECF094D-46DA-422B-9E08-D53552370BCE,ABC,phase2,4,29,15,14,B,6
7ECF094D-46DA-422B-9E08-D53552370BCE,ABC,phase2,5,21,12,9,C,10
7ECF094D-46DA-422B-9E08-D53552370BCE,ABC,phase2,6,10,7,3,C,10
7F47CA2A-1C8D-4144-A1F4-06981DEF801C,CCC,phase1,1,117,61,56,C,10
7FA3E078-C0B1-4241-A33C-05D25B8098AD,ABC,phase2,1,10,2,8,A,3
7FA3E078-C0B1-4241-A33C-05D25B8098AD,ABC,phase2,2,25,6,19,A,3
7FA3E078-C0B1-4241-A33C-05D25B8098AD,ABC,phase2,3,6,1,5,B,6
7FA3E078-C0B1-4241-A33C-05D25B8098AD,ABC,phase2,4,12,2,10,B,6
7FA3E078-C0B1-4241-A33C-05D25B8098AD,ABC,phase2,5,2,0,2,C,10
7FA3E078-C0B1-4241-A33C-05D25B8098AD,ABC,phase2,6,5,1,4,C,10
7FF88B11-05DF-4013-90D5-EF655E5AA92B,ABC,phase2,1,106,39,67,A,3
800A8B78-1E15-4E90-B780-5FD11AF38787,ABC,phase2,1,40,13,27,A,3
800F0E08-1871-4E64-9040-D948304E0CDB,BCC,phase1,1,121,18,103,B,6
800F0E08-1871-4E64-9040-D948304E0CDB,BCC,phase1,2,140,18,122,B,6
800F0E08-1871-4E64-9040-D948304E0CDB,BCC,phase1,3,138,30,108,C,10
800F0E08-1871-4E64-9040-D948304E0CDB,BCC,phase1,4,144,29,115,C,10
800F0E08-1871-4E64-9040-D948304E0CDB,BCC,phase1,5,109,22,87,C,10
800F0E08-1871-4E64-9040-D948304E0CDB,BCC,phase1,6,109,25,84,C,10
8075C657-3245-49F2-A106-359E2FBD005B,ACC,phase2,1,138,19,119,A,3
8075C657-3245-49F2-A106-359E2FBD005B,ACC,phase2,2,144,17,127,A,3
8075C657-3245-49F2-A106-359E2FBD005B,ACC,phase2,3,111,19,92,C,10
8075C657-3245-49F2-A106-359E2FBD005B,ACC,phase2,4,133,20,113,C,10
8075C657-3245-49F2-A106-359E2FBD005B,ACC,phase2,5,70,11,59,C,10
80E3C0BB-E203-4C52-9003-117B7E4F6E0B,BCC,phase1,1,315,83,232,B,6
80EDB620-4CD1-479E-8B39-B07F2A862F8C,ABC,phase2,1,524,222,302,A,3
80EDB620-4CD1-479E-8B39-B07F2A862F8C,ABC,phase2,2,529,127,402,A,3
80EDB620-4CD1-479E-8B39-B07F2A862F8C,ABC,phase2,3,438,167,271,B,6
80EDB620-4CD1-479E-8B39-B07F2A862F8C,ABC,phase2,4,583,159,424,B,6
8137C214-4E1C-4D80-8B3A-741DF1143BD5,BCC,phase2,1,181,32,149,B,6
8137C214-4E1C-4D80-8B3A-741DF1143BD5,BCC,phase2,2,135,13,122,B,6
8137C214-4E1C-4D80-8B3A-741DF1143BD5,BCC,phase2,3,157,19,138,C,10
8137C214-4E1C-4D80-8B3A-741DF1143BD5,BCC,phase2,4,81,10,71,C,10
8144BDFB-B47D-40F2-A28E-4BD9E13D6B14,CCC,phase2,1,34,3,31,C,10
8144BDFB-B47D-40F2-A28E-4BD9E13D6B14,CCC,phase2,2,56,7,49,C,10
8144BDFB-B47D-40F2-A28E-4BD9E13D6B14,CCC,phase2,3,56,5,51,C,10
8144BDFB-B47D-40F2-A28E-4BD9E13D6B14,CCC,phase2,4,9,2,7,C,10
814EAA85-59B3-49E4-B2E3-06154595B63C,BCC,phase1,1,13,10,3,B,6
8165EE9F-EAB7-4825-8ED0-E5C04F01998F,ACC,phase2,1,240,43,197,A,3
8165EE9F-EAB7-4825-8ED0-E5C04F01998F,ACC,phase2,2,137,15,122,A,3
8165EE9F-EAB7-4825-8ED0-E5C04F01998F,ACC,phase2,3,162,38,124,C,10
8165EE9F-EAB7-4825-8ED0-E5C04F01998F,ACC,phase2,4,197,42,155,C,10
8165EE9F-EAB7-4825-8ED0-E5C04F01998F,ACC,phase2,5,201,50,151,C,10
8165EE9F-EAB7-4825-8ED0-E5C04F01998F,ACC,phase2,6,164,42,122,C,10
816CC772-44D3-49CD-8E81-48897641AA57,CCC,phase1,1,145,106,39,C,10
816CC772-44D3-49CD-8E81-48897641AA57,CCC,phase1,2,94,30,64,C,10
816CC772-44D3-49CD-8E81-48897641AA57,CCC,phase1,3,70,20,50,C,10
816CC772-44D3-49CD-8E81-48897641AA57,CCC,phase1,4,99,19,80,C,10
816CC772-44D3-49CD-8E81-48897641AA57,CCC,phase1,5,90,20,70,C,10
816CC772-44D3-49CD-8E81-48897641AA57,CCC,phase1,6,50,8,42,C,10
817EC296-055C-49C9-918D-FB2EC97C7DB6,ACC,phase1,1,62,20,42,A,3
817EC296-055C-49C9-918D-FB2EC97C7DB6,ACC,phase1,2,20,4,16,A,3
817EC296-055C-49C9-918D-FB2EC97C7DB6,ACC,phase1,3,51,25,26,C,10
817EC296-055C-49C9-918D-FB2EC97C7DB6,ACC,phase1,4,5,0,5,C,10
817EC296-055C-49C9-918D-FB2EC97C7DB6,ACC,phase1,5,2,0,2,C,10
818D5160-17AD-4BE8-A111-FC7F1009ADFC,CCC,phase2,1,14,8,6,C,10
820342FB-483F-4F9D-806C-50734A0C1FF9,ACC,phase2,1,306,135,171,A,3
820342FB-483F-4F9D-806C-50734A0C1FF9,ACC,phase2,2,167,40,127,A,3
820342FB-483F-4F9D-806C-50734A0C1FF9,ACC,phase2,3,149,71,78,C,10
820342FB-483F-4F9D-806C-50734A0C1FF9,ACC,phase2,4,170,73,97,C,10
820342FB-483F-4F9D-806C-50734A0C1FF9,ACC,phase2,5,153,56,97,C,10
820342FB-483F-4F9D-806C-50734A0C1FF9,ACC,phase2,6,84,29,55,C,10
8214C4CF-A302-43A2-873F-4A97FD933ACA,ABC,phase2,1,82,18,64,A,3
8214C4CF-A302-43A2-873F-4A97FD933ACA,ABC,phase2,2,95,21,74,A,3
8214C4CF-A302-43A2-873F-4A97FD933ACA,ABC,phase2,3,126,33,93,B,6
8214C4CF-A302-43A2-873F-4A97FD933ACA,ABC,phase2,4,121,26,95,B,6
8214C4CF-A302-43A2-873F-4A97FD933ACA,ABC,phase2,5,131,43,88,C,10
8214C4CF-A302-43A2-873F-4A97FD933ACA,ABC,phase2,6,134,27,107,C,10
8221659D-AEC1-4569-9816-BB3D15E2476F,ABC,phase1,1,280,53,227,A,3
8221659D-AEC1-4569-9816-BB3D15E2476F,ABC,phase1,2,245,35,210,A,3
8221659D-AEC1-4569-9816-BB3D15E2476F,ABC,phase1,3,241,27,214,B,6
8221659D-AEC1-4569-9816-BB3D15E2476F,ABC,phase1,4,269,31,238,B,6
8221659D-AEC1-4569-9816-BB3D15E2476F,ABC,phase1,5,258,55,203,C,10
8221659D-AEC1-4569-9816-BB3D15E2476F,ABC,phase1,6,197,35,162,C,10
822357C8-75C5-4D80-9578-7DED0C674854,CCC,phase1,1,1,0,1,C,10
823F8649-F461-4DCE-885B-5B863FD02138,ACC,phase2,1,88,44,44,A,3
823F8649-F461-4DCE-885B-5B863FD02138,ACC,phase2,2,106,58,48,A,3
823F8649-F461-4DCE-885B-5B863FD02138,ACC,phase2,3,98,60,38,C,10
823F8649-F461-4DCE-885B-5B863FD02138,ACC,phase2,4,70,31,39,C,10
823F8649-F461-4DCE-885B-5B863FD02138,ACC,phase2,5,90,40,50,C,10
823F8649-F461-4DCE-885B-5B863FD02138,ACC,phase2,6,48,29,19,C,10
82801A96-7193-4A65-99B7-22E0FEF60EF0,BCC,phase2,1,1,0,1,B,6
82EFC696-59A7-4648-B495-C852F1856CEA,ABC,phase2,1,133,44,89,A,3
830AC45A-DED9-4EBC-A4A3-4CDE10F25BF4,CCC,phase2,1,110,27,83,C,10
830AC45A-DED9-4EBC-A4A3-4CDE10F25BF4,CCC,phase2,2,1,1,0,C,10
830AC45A-DED9-4EBC-A4A3-4CDE10F25BF4,CCC,phase2,3,40,4,36,C,10
830AC45A-DED9-4EBC-A4A3-4CDE10F25BF4,CCC,phase2,4,5,1,4,C,10
830AC45A-DED9-4EBC-A4A3-4CDE10F25BF4,CCC,phase2,5,3,1,2,C,10
83275ED4-F49F-47B8-99C1-DD115A980511,ABC,phase1,1,1,0,1,A,3
83296567-DD72-40FC-9542-696C379E1488,ABC,phase1,1,18,6,12,A,3
832DD048-4435-4CE4-BC59-12114FB75123,CCC,phase2,1,182,35,147,C,10
832DD048-4435-4CE4-BC59-12114FB75123,CCC,phase2,2,197,31,166,C,10
832DD048-4435-4CE4-BC59-12114FB75123,CCC,phase2,3,204,35,169,C,10
832DD048-4435-4CE4-BC59-12114FB75123,CCC,phase2,4,195,19,176,C,10
832DD048-4435-4CE4-BC59-12114FB75123,CCC,phase2,5,223,26,197,C,10
832DD048-4435-4CE4-BC59-12114FB75123,CCC,phase2,6,114,8,106,C,10
83328850-5104-4817-945E-9B692BB562FD,BCC,phase2,1,287,213,74,B,6
83328850-5104-4817-945E-9B692BB562FD,BCC,phase2,2,187,86,101,B,6
83328850-5104-4817-945E-9B692BB562FD,BCC,phase2,3,162,85,77,C,10
83328850-5104-4817-945E-9B692BB562FD,BCC,phase2,4,72,46,26,C,10
83328850-5104-4817-945E-9B692BB562FD,BCC,phase2,5,65,36,29,C,10
83328850-5104-4817-945E-9B692BB562FD,BCC,phase2,6,96,52,44,C,10
834A16C4-7B8E-4AF3-86B5-203256F25200,BCC,phase1,1,1,0,1,B,6
838C4B07-646E-4134-988F-2CB127DC67D3,ABC,phase2,1,6,4,2,A,3
83B0E571-B7CA-45A9-BFDC-D66CD309D4DE,BCC,phase2,1,146,59,87,B,6
83B0E571-B7CA-45A9-BFDC-D66CD309D4DE,BCC,phase2,2,112,23,89,B,6
83B0E571-B7CA-45A9-BFDC-D66CD309D4DE,BCC,phase2,3,157,57,100,C,10
83B0E571-B7CA-45A9-BFDC-D66CD309D4DE,BCC,phase2,4,90,24,66,C,10
83BB249E-98DF-48E0-9151-E47E9280CE21,ACC,phase1,1,1,0,1,A,3
83BB759F-FC7C-467D-B360-EE23A3A086E5,CCC,phase2,1,26,11,15,C,10
83DB0D70-8262-435C-9AA5-77EC7932D644,BCC,phase1,1,1,0,1,B,6
841826DC-5104-4B5B-A498-A6E7F040B3C2,ACC,phase1,1,1,0,1,A,3
8430AA67-BF7B-478D-9FE8-C31B1CD3D5D7,ABC,phase1,1,183,45,138,A,3
8430AA67-BF7B-478D-9FE8-C31B1CD3D5D7,ABC,phase1,2,131,26,105,A,3
8430AA67-BF7B-478D-9FE8-C31B1CD3D5D7,ABC,phase1,3,168,38,130,B,6
8430AA67-BF7B-478D-9FE8-C31B1CD3D5D7,ABC,phase1,4,244,48,196,B,6
8430AA67-BF7B-478D-9FE8-C31B1CD3D5D7,ABC,phase1,5,203,54,149,C,10
8430AA67-BF7B-478D-9FE8-C31B1CD3D5D7,ABC,phase1,6,258,67,191,C,10
8446E884-5404-46DC-A8D8-CDD757034143,CCC,phase2,1,79,21,58,C,10
8446E884-5404-46DC-A8D8-CDD757034143,CCC,phase2,2,83,15,68,C,10
8446E884-5404-46DC-A8D8-CDD757034143,CCC,phase2,3,15,1,14,C,10
8480D696-2A7B-4E3D-938B-281C2619D899,CCC,phase1,1,62,33,29,C,10
8480D696-2A7B-4E3D-938B-281C2619D899,CCC,phase1,2,124,40,84,C,10
8480D696-2A7B-4E3D-938B-281C2619D899,CCC,phase1,3,168,40,128,C,10
8480D696-2A7B-4E3D-938B-281C2619D899,CCC,phase1,4,139,42,97,C,10
8480D696-2A7B-4E3D-938B-281C2619D899,CCC,phase1,5,92,20,72,C,10
8480D696-2A7B-4E3D-938B-281C2619D899,CCC,phase1,6,133,35,98,C,10
84CEE44C-79E3-4536-BF17-B4725452D984,BCC,phase2,1,312,104,208,B,6
84EA73B8-A0ED-4ED3-A66D-83125EB1B4E2,BCC,phase2,1,741,146,595,B,6
84EA73B8-A0ED-4ED3-A66D-83125EB1B4E2,BCC,phase2,2,579,102,477,B,6
84EA73B8-A0ED-4ED3-A66D-83125EB1B4E2,BCC,phase2,3,631,123,508,C,10
84EA73B8-A0ED-4ED3-A66D-83125EB1B4E2,BCC,phase2,4,244,61,183,C,10
84EA73B8-A0ED-4ED3-A66D-83125EB1B4E2,BCC,phase2,5,50,16,34,C,10
84FB1EA3-DE79-41FB-909C-027186D96491,BCC,phase2,1,1,0,1,B,6
84FCF015-4BCB-4B1F-9D97-540CA6DB9757,CCC,phase1,1,182,33,149,C,10
84FCF015-4BCB-4B1F-9D97-540CA6DB9757,CCC,phase1,2,126,26,100,C,10
84FCF015-4BCB-4B1F-9D97-540CA6DB9757,CCC,phase1,3,150,40,110,C,10
84FCF015-4BCB-4B1F-9D97-540CA6DB9757,CCC,phase1,4,124,35,89,C,10
84FCF015-4BCB-4B1F-9D97-540CA6DB9757,CCC,phase1,5,124,35,89,C,10
84FCF015-4BCB-4B1F-9D97-540CA6DB9757,CCC,phase1,6,128,29,99,C,10
8542B993-8750-4080-A245-85E8BB1199C0,ACC,phase2,1,95,42,53,A,3
8542B993-8750-4080-A245-85E8BB1199C0,ACC,phase2,2,86,45,41,A,3
8542B993-8750-4080-A245-85E8BB1199C0,ACC,phase2,3,43,28,15,C,10
8542B993-8750-4080-A245-85E8BB1199C0,ACC,phase2,4,64,33,31,C,10
8542B993-8750-4080-A245-85E8BB1199C0,ACC,phase2,5,13,10,3,C,10
857A0614-5A41-44E6-8DAD-7AB795C5EA9D,ACC,phase1,1,65,12,53,A,3
857A0614-5A41-44E6-8DAD-7AB795C5EA9D,ACC,phase1,2,64,5,59,A,3
857A0614-5A41-44E6-8DAD-7AB795C5EA9D,ACC,phase1,3,84,6,78,C,10
857A0614-5A41-44E6-8DAD-7AB795C5EA9D,ACC,phase1,4,74,8,66,C,10
857A0614-5A41-44E6-8DAD-7AB795C5EA9D,ACC,phase1,5,100,7,93,C,10
857A0614-5A41-44E6-8DAD-7AB795C5EA9D,ACC,phase1,6,52,5,47,C,10
8589870A-D892-4353-BF60-0193B4DDEF89,CCC,phase2,1,90,24,66,C,10
8589870A-D892-4353-BF60-0193B4DDEF89,CCC,phase2,2,71,12,59,C,10
8589870A-D892-4353-BF60-0193B4DDEF89,CCC,phase2,3,49,11,38,C,10
8589870A-D892-4353-BF60-0193B4DDEF89,CCC,phase2,4,33,3,30,C,10
8589870A-D892-4353-BF60-0193B4DDEF89,CCC,phase2,5,66,10,56,C,10
8589870A-D892-4353-BF60-0193B4DDEF89,CCC,phase2,6,23,1,22,C,10
85B8D8D2-4741-4DD8-B1B8-012D55F646EC,ABC,phase2,1,35,3,32,A,3
85BD9697-49E4-489D-85CC-DACF676682BF,BCC,phase2,1,132,31,101,B,6
85BD9697-49E4-489D-85CC-DACF676682BF,BCC,phase2,2,36,4,32,B,6
85BEE113-5D03-4BBB-896B-1C617736986D,ABC,phase1,1,180,77,103,A,3
85BEE113-5D03-4BBB-896B-1C617736986D,ABC,phase1,2,268,47,221,A,3
85BEE113-5D03-4BBB-896B-1C617736986D,ABC,phase1,3,267,57,210,B,6
85BEE113-5D03-4BBB-896B-1C617736986D,ABC,phase1,4,185,45,140,B,6
85BEE113-5D03-4BBB-896B-1C617736986D,ABC,phase1,5,187,50,137,C,10
85D04F67-EA55-4BC6-8446-3FB641CA6654,ABC,phase2,1,469,151,318,A,3
85D04F67-EA55-4BC6-8446-3FB641CA6654,ABC,phase2,2,310,78,232,A,3
85D04F67-EA55-4BC6-8446-3FB641CA6654,ABC,phase2,3,474,278,196,B,6
85D04F67-EA55-4BC6-8446-3FB641CA6654,ABC,phase2,4,298,181,117,B,6
85E727C9-B100-4201-96E9-3AFCAC36BE70,ACC,phase1,1,127,15,112,A,3
85E727C9-B100-4201-96E9-3AFCAC36BE70,ACC,phase1,2,162,12,150,A,3
85E727C9-B100-4201-96E9-3AFCAC36BE70,ACC,phase1,3,185,39,146,C,10
85E727C9-B100-4201-96E9-3AFCAC36BE70,ACC,phase1,4,133,25,108,C,10
85E727C9-B100-4201-96E9-3AFCAC36BE70,ACC,phase1,5,134,16,118,C,10
85E727C9-B100-4201-96E9-3AFCAC36BE70,ACC,phase1,6,64,5,59,C,10
85EB4BA4-1CBF-470A-9F6D-046D4F5B71F9,ABC,phase2,1,20,2,18,A,3
8647FE6D-42EC-48B2-BC12-C258652ED1DD,ACC,phase1,1,233,213,20,A,3
8647FE6D-42EC-48B2-BC12-C258652ED1DD,ACC,phase1,2,316,315,1,A,3
8647FE6D-42EC-48B2-BC12-C258652ED1DD,ACC,phase1,3,439,438,1,C,10
8647FE6D-42EC-48B2-BC12-C258652ED1DD,ACC,phase1,4,232,232,0,C,10
8647FE6D-42EC-48B2-BC12-C258652ED1DD,ACC,phase1,5,285,285,0,C,10
8647FE6D-42EC-48B2-BC12-C258652ED1DD,ACC,phase1,6,140,140,0,C,10
86DC5129-A8BE-4BCC-98CE-1378220DF49E,CCC,phase2,1,49,10,39,C,10
86DC5129-A8BE-4BCC-98CE-1378220DF49E,CCC,phase2,2,25,3,22,C,10
879AEC08-1D8E-4737-A53D-01E4A99D9F91,ABC,phase1,1,363,45,318,A,3
879AEC08-1D8E-4737-A53D-01E4A99D9F91,ABC,phase1,2,298,17,281,A,3
879AEC08-1D8E-4737-A53D-01E4A99D9F91,ABC,phase1,3,276,31,245,B,6
879AEC08-1D8E-4737-A53D-01E4A99D9F91,ABC,phase1,4,236,17,219,B,6
879AEC08-1D8E-4737-A53D-01E4A99D9F91,ABC,phase1,5,261,29,232,C,10
879AEC08-1D8E-4737-A53D-01E4A99D9F91,ABC,phase1,6,286,42,244,C,10
87A4C362-2E88-4614-B9C8-EFC6B4BC4183,ACC,phase2,1,17,1,16,A,3
87A4C362-2E88-4614-B9C8-EFC6B4BC4183,ACC,phase2,2,15,0,15,A,3
87A4C362-2E88-4614-B9C8-EFC6B4BC4183,ACC,phase2,3,16,2,14,C,10
87A4C362-2E88-4614-B9C8-EFC6B4BC4183,ACC,phase2,4,10,0,10,C,10
87A4C362-2E88-4614-B9C8-EFC6B4BC4183,ACC,phase2,5,17,1,16,C,10
87A4C362-2E88-4614-B9C8-EFC6B4BC4183,ACC,phase2,6,14,0,14,C,10
87BEC3BC-9A8D-4C80-B024-F749BE20C2B9,CCC,phase1,1,30,15,15,C,10
87D466E6-1AC7-4ADA-94B0-AE7DBA6F00ED,ACC,phase1,1,277,100,177,A,3
87D466E6-1AC7-4ADA-94B0-AE7DBA6F00ED,ACC,phase1,2,74,23,51,A,3
88167845-FCAC-4B40-8815-F583B041538C,ABC,phase2,1,4,1,3,A,3
8880045C-5B58-4B17-8907-ABE6770BC612,ABC,phase1,1,96,56,40,A,3
8880045C-5B58-4B17-8907-ABE6770BC612,ABC,phase1,2,50,17,33,A,3
8880045C-5B58-4B17-8907-ABE6770BC612,ABC,phase1,3,41,3,38,B,6
8880045C-5B58-4B17-8907-ABE6770BC612,ABC,phase1,4,28,7,21,B,6
8880045C-5B58-4B17-8907-ABE6770BC612,ABC,phase1,5,19,4,15,C,10
8880045C-5B58-4B17-8907-ABE6770BC612,ABC,phase1,6,25,3,22,C,10
8888E050-8C68-4565-886A-7939903B463D,ACC,phase1,1,6,4,2,A,3
888A7C70-0A73-45E9-B108-70DD3EC7E3FE,ABC,phase1,1,153,17,136,A,3
888A7C70-0A73-45E9-B108-70DD3EC7E3FE,ABC,phase1,2,193,37,156,A,3
888A7C70-0A73-45E9-B108-70DD3EC7E3FE,ABC,phase1,3,151,26,125,B,6
888A7C70-0A73-45E9-B108-70DD3EC7E3FE,ABC,phase1,4,156,21,135,B,6
888A7C70-0A73-45E9-B108-70DD3EC7E3FE,ABC,phase1,5,203,38,165,C,10
888A7C70-0A73-45E9-B108-70DD3EC7E3FE,ABC,phase1,6,97,15,82,C,10
888EE47F-3EE5-4FD8-BBB7-4A7D13D74329,BCC,phase2,1,124,20,104,B,6
88AFCDEB-7B13-446D-AC43-751CBAD619F6,ACC,phase2,1,144,40,104,A,3
88AFCDEB-7B13-446D-AC43-751CBAD619F6,ACC,phase2,2,234,99,135,A,3
88AFCDEB-7B13-446D-AC43-751CBAD619F6,ACC,phase2,3,152,82,70,C,10
88C180D9-40B8-4A07-8C7D-43EF82A78E2C,CCC,phase2,1,284,95,189,C,10
88C180D9-40B8-4A07-8C7D-43EF82A78E2C,CCC,phase2,2,69,16,53,C,10
8901065C-6689-4CBA-883E-C90B394D19CE,ACC,phase2,1,125,36,89,A,3
89297C8E-1247-45FC-888F-E9FC48D1B7C8,ACC,phase2,1,93,27,66,A,3
89584575-94E9-4C46-BBE8-208AE5741076,ABC,phase1,1,47,10,37,A,3
89CAC215-43E0-42FE-B869-79CDADF10055,ACC,phase2,1,431,362,69,A,3
89D02443-1444-40F7-830E-068197E840A5,CCC,phase2,1,51,30,21,C,10
89D02443-1444-40F7-830E-068197E840A5,CCC,phase2,2,17,10,7,C,10
89D02443-1444-40F7-830E-068197E840A5,CCC,phase2,3,23,8,15,C,10
89D02443-1444-40F7-830E-068197E840A5,CCC,phase2,4,21,7,14,C,10
89D02443-1444-40F7-830E-068197E840A5,CCC,phase2,5,16,6,10,C,10
89D02443-1444-40F7-830E-068197E840A5,CCC,phase2,6,13,6,7,C,10
89F98602-39B4-421C-8F48-1F25FB81BA1C,BCC,phase1,1,128,44,84,B,6
89F98602-39B4-421C-8F48-1F25FB81BA1C,BCC,phase1,2,120,39,81,B,6
89F98602-39B4-421C-8F48-1F25FB81BA1C,BCC,phase1,3,99,40,59,C,10
89F98602-39B4-421C-8F48-1F25FB81BA1C,BCC,phase1,4,121,53,68,C,10
89F98602-39B4-421C-8F48-1F25FB81BA1C,BCC,phase1,5,88,27,61,C,10
89F98602-39B4-421C-8F48-1F25FB81BA1C,BCC,phase1,6,59,26,33,C,10
89FCD3F4-1E79-4F2C-9AF7-B5115F98EF8D,BCC,phase1,1,1,0,1,B,6
8A2D38E3-D978-49C5-A3F2-AB8A83D40D14,BCC,phase2,1,232,87,145,B,6
8A2D38E3-D978-49C5-A3F2-AB8A83D40D14,BCC,phase2,2,132,27,105,B,6
8A2D38E3-D978-49C5-A3F2-AB8A83D40D14,BCC,phase2,3,112,32,80,C,10
8A2D38E3-D978-49C5-A3F2-AB8A83D40D14,BCC,phase2,4,19,5,14,C,10
8A6CC61D-1D50-44CF-AB4F-9CB710F48756,ACC,phase1,1,245,130,115,A,3
8A6CC61D-1D50-44CF-AB4F-9CB710F48756,ACC,phase1,2,143,66,77,A,3
8A6CC61D-1D50-44CF-AB4F-9CB710F48756,ACC,phase1,3,138,73,65,C,10
8A6CC61D-1D50-44CF-AB4F-9CB710F48756,ACC,phase1,4,143,93,50,C,10
8A6CC61D-1D50-44CF-AB4F-9CB710F48756,ACC,phase1,5,102,38,64,C,10
8A6CC61D-1D50-44CF-AB4F-9CB710F48756,ACC,phase1,6,170,74,96,C,10
8A78A660-7854-4E8D-B0A8-50446846D2F6,BCC,phase1,1,211,53,158,B,6
8A78A660-7854-4E8D-B0A8-50446846D2F6,BCC,phase1,2,194,30,164,B,6
8A78A660-7854-4E8D-B0A8-50446846D2F6,BCC,phase1,3,192,31,161,C,10
8A78A660-7854-4E8D-B0A8-50446846D2F6,BCC,phase1,4,179,52,127,C,10
8A78A660-7854-4E8D-B0A8-50446846D2F6,BCC,phase1,5,171,44,127,C,10
8A78A660-7854-4E8D-B0A8-50446846D2F6,BCC,phase1,6,173,39,134,C,10
8B08D0EE-625E-44B2-814A-5963716FE6B5,CCC,phase2,1,752,394,358,C,10
8B08D0EE-625E-44B2-814A-5963716FE6B5,CCC,phase2,2,550,230,320,C,10
8B08D0EE-625E-44B2-814A-5963716FE6B5,CCC,phase2,3,355,144,211,C,10
8B08D0EE-625E-44B2-814A-5963716FE6B5,CCC,phase2,4,525,217,308,C,10
8B08D0EE-625E-44B2-814A-5963716FE6B5,CCC,phase2,5,499,218,281,C,10
8B08D0EE-625E-44B2-814A-5963716FE6B5,CCC,phase2,6,526,264,262,C,10
8B21D122-9064-48F6-9971-04F8A728ED40,CCC,phase2,1,45,37,8,C,10
8B71CD43-2608-4643-A7A9-22A68FDB9304,BCC,phase2,1,8,0,8,B,6
8B79B948-AC12-4D6B-BA99-3D0FA2FAE2DD,CCC,phase2,1,1,0,1,C,10
8B79E8A4-8E79-4A80-86DB-70C474BFCF5D,BCC,phase2,1,11,6,5,B,6
8BB8CE1F-4C5E-45C1-8A2F-6AD4FD75A9C9,CCC,phase1,1,1,1,0,C,10
8C0E0C99-D501-47A9-9A3E-1919402B921D,ACC,phase1,1,768,277,491,A,3
8C0E0C99-D501-47A9-9A3E-1919402B921D,ACC,phase1,2,694,175,519,A,3
8C0E0C99-D501-47A9-9A3E-1919402B921D,ACC,phase1,3,562,213,349,C,10
8C0E0C99-D501-47A9-9A3E-1919402B921D,ACC,phase1,4,606,210,396,C,10
8C0E0C99-D501-47A9-9A3E-1919402B921D,ACC,phase1,5,586,199,387,C,10
8C0E0C99-D501-47A9-9A3E-1919402B921D,ACC,phase1,6,565,186,379,C,10
8C2BFF10-88BA-417A-BEB2-BA8035376219,CCC,phase1,1,164,50,114,C,10
8C367D6F-13DD-445A-81B1-EE99D419D9F5,ACC,phase1,1,260,202,58,A,3
8C367D6F-13DD-445A-81B1-EE99D419D9F5,ACC,phase1,2,220,117,103,A,3
8C367D6F-13DD-445A-81B1-EE99D419D9F5,ACC,phase1,3,143,88,55,C,10
8C367D6F-13DD-445A-81B1-EE99D419D9F5,ACC,phase1,4,196,125,71,C,10
8C367D6F-13DD-445A-81B1-EE99D419D9F5,ACC,phase1,5,106,57,49,C,10
8C367D6F-13DD-445A-81B1-EE99D419D9F5,ACC,phase1,6,126,66,60,C,10
8C999FA6-CBE0-4A00-9DE2-3271C3FCAEDB,ACC,phase2,1,384,33,351,A,3
8C999FA6-CBE0-4A00-9DE2-3271C3FCAEDB,ACC,phase2,2,346,26,320,A,3
8C999FA6-CBE0-4A00-9DE2-3271C3FCAEDB,ACC,phase2,3,48,14,34,C,10
8CA3DFB3-4C15-4A93-83CF-24A14A0BDDEE,ABC,phase1,1,1,1,0,A,3
8CCA1A3F-BCF6-46C6-9127-6186E7A1382C,ACC,phase2,1,69,3,66,A,3
8CCA1A3F-BCF6-46C6-9127-6186E7A1382C,ACC,phase2,2,53,4,49,A,3
8CD0B430-5599-48AE-A981-2633F39C868C,ACC,phase2,1,115,45,70,A,3
8CD0B430-5599-48AE-A981-2633F39C868C,ACC,phase2,2,93,26,67,A,3
8CD0B430-5599-48AE-A981-2633F39C868C,ACC,phase2,3,66,25,41,C,10
8CD0B430-5599-48AE-A981-2633F39C868C,ACC,phase2,4,8,3,5,C,10
8D1D4FD3-AE3C-4695-B95B-F35FB31495F0,BCC,phase2,1,18,2,16,B,6
8D1D4FD3-AE3C-4695-B95B-F35FB31495F0,BCC,phase2,2,8,4,4,B,6
8D3D2A10-1B37-4DC3-89B2-08A095754097,ACC,phase1,1,1,0,1,A,3
8DC4B582-B637-4B26-A770-ABD45A11047A,ACC,phase2,1,179,53,126,A,3
8DC4B582-B637-4B26-A770-ABD45A11047A,ACC,phase2,2,108,32,76,A,3
8DF5198C-E3A2-4C24-92AB-5A02D142C6D0,ABC,phase1,1,1,1,0,A,3
8E1010DE-BF95-4547-83C5-E2DFEBEDCBBE,ACC,phase2,1,98,23,75,A,3
8E1010DE-BF95-4547-83C5-E2DFEBEDCBBE,ACC,phase2,2,168,35,133,A,3
8E1010DE-BF95-4547-83C5-E2DFEBEDCBBE,ACC,phase2,3,113,25,88,C,10
8E1010DE-BF95-4547-83C5-E2DFEBEDCBBE,ACC,phase2,4,86,31,55,C,10
8E1F7762-06F5-4202-AAB1-A34B58B09D16,CCC,phase1,1,1,0,1,C,10
8E2BEBB3-0D71-42BC-84CF-124E6073FF86,ACC,phase1,1,100,34,66,A,3
8E2BEBB3-0D71-42BC-84CF-124E6073FF86,ACC,phase1,2,88,34,54,A,3
8E2BEBB3-0D71-42BC-84CF-124E6073FF86,ACC,phase1,3,138,72,66,C,10
8E2BEBB3-0D71-42BC-84CF-124E6073FF86,ACC,phase1,4,97,40,57,C,10
8E2BEBB3-0D71-42BC-84CF-124E6073FF86,ACC,phase1,5,79,34,45,C,10
8E460A72-EC0A-4E42-B2EB-F69D3C981F75,CCC,phase2,1,34,14,20,C,10
8E78285C-7F03-46FA-BEC8-DF71C49A8F38,CCC,phase1,1,53,5,48,C,10
8E78285C-7F03-46FA-BEC8-DF71C49A8F38,CCC,phase1,2,90,21,69,C,10
8E78285C-7F03-46FA-BEC8-DF71C49A8F38,CCC,phase1,3,83,11,72,C,10
8E78285C-7F03-46FA-BEC8-DF71C49A8F38,CCC,phase1,4,56,3,53,C,10
8E78285C-7F03-46FA-BEC8-DF71C49A8F38,CCC,phase1,5,56,6,50,C,10
8E78285C-7F03-46FA-BEC8-DF71C49A8F38,CCC,phase1,6,49,7,42,C,10
8EBEA526-605B-4DFC-ADE1-0CC93D06AB46,ACC,phase2,1,1,0,1,A,3
8EBF5586-3987-4371-906E-E62507918446,CCC,phase1,1,2,1,1,C,10
8EC06EC9-DC97-48EE-9A80-0F5976E61F23,ACC,phase1,1,577,418,159,A,3
8EC06EC9-DC97-48EE-9A80-0F5976E61F23,ACC,phase1,2,267,155,112,A,3
8EC06EC9-DC97-48EE-9A80-0F5976E61F23,ACC,phase1,3,121,66,55,C,10
8EC06EC9-DC97-48EE-9A80-0F5976E61F23,ACC,phase1,4,41,25,16,C,10
8EC06EC9-DC97-48EE-9A80-0F5976E61F23,ACC,phase1,5,28,13,15,C,10
8EC06EC9-DC97-48EE-9A80-0F5976E61F23,ACC,phase1,6,23,12,11,C,10
8EC3763A-574A-4448-A00A-86770C906AE3,ACC,phase1,1,16,13,3,A,3
8EC3763A-574A-4448-A00A-86770C906AE3,ACC,phase1,2,5,4,1,A,3
8ED7D447-8B8C-453E-ABF7-90A56F154A4B,CCC,phase2,1,253,92,161,C,10
8ED7D447-8B8C-453E-ABF7-90A56F154A4B,CCC,phase2,2,70,41,29,C,10
8EF7B1ED-458B-4066-8198-8809F4C1010D,ABC,phase2,1,49,8,41,A,3
8F22F757-969A-4D81-9452-8C31EF280B0E,ABC,phase2,1,21,2,19,A,3
8F22F757-969A-4D81-9452-8C31EF280B0E,ABC,phase2,2,8,2,6,A,3
8F22F757-969A-4D81-9452-8C31EF280B0E,ABC,phase2,3,1,0,1,B,6
8F3721E8-B802-4866-8F5C-49189628B776,ABC,phase2,1,32,6,26,A,3
8F3721E8-B802-4866-8F5C-49189628B776,ABC,phase2,2,30,2,28,A,3
8F3721E8-B802-4866-8F5C-49189628B776,ABC,phase2,3,20,6,14,B,6
8F5E7AF9-1D7E-4E1E-9BA8-60BEEAAE5C01,ABC,phase2,1,1,0,1,A,3
8F7708E8-2B38-43C8-BAEF-F6EFD880CB70,ACC,phase1,1,58,21,37,A,3
8F7708E8-2B38-43C8-BAEF-F6EFD880CB70,ACC,phase1,2,94,17,77,A,3
8F7708E8-2B38-43C8-BAEF-F6EFD880CB70,ACC,phase1,3,62,17,45,C,10
8F7708E8-2B38-43C8-BAEF-F6EFD880CB70,ACC,phase1,4,48,17,31,C,10
8FC1EE95-EFF5-42E8-96B9-BB8E4F8C0037,BCC,phase2,1,99,25,74,B,6
8FC1EE95-EFF5-42E8-96B9-BB8E4F8C0037,BCC,phase2,2,49,7,42,B,6
8FCD55BA-8AFB-431F-9DCE-D0BA1636ABE3,BCC,phase2,1,66,16,50,B,6
8FCD55BA-8AFB-431F-9DCE-D0BA1636ABE3,BCC,phase2,2,69,17,52,B,6
8FCD55BA-8AFB-431F-9DCE-D0BA1636ABE3,BCC,phase2,3,62,10,52,C,10
8FCD55BA-8AFB-431F-9DCE-D0BA1636ABE3,BCC,phase2,4,52,19,33,C,10
8FCD55BA-8AFB-431F-9DCE-D0BA1636ABE3,BCC,phase2,5,18,4,14,C,10
90288E3E-975D-4C1A-A4EB-ED56C05445CD,ACC,phase2,1,121,18,103,A,3
9040643F-0683-42B7-91E6-D8C90D5188DF,ABC,phase2,1,114,35,79,A,3
9040643F-0683-42B7-91E6-D8C90D5188DF,ABC,phase2,2,4,1,3,A,3
90482F39-1C95-4B96-8DD3-8D490C84E29B,ABC,phase1,1,176,58,118,A,3
90482F39-1C95-4B96-8DD3-8D490C84E29B,ABC,phase1,2,253,75,178,A,3
90482F39-1C95-4B96-8DD3-8D490C84E29B,ABC,phase1,3,98,18,80,B,6
907DA0B0-00EC-4213-B1A7-5FBA6615661B,BCC,phase1,1,190,100,90,B,6
907DA0B0-00EC-4213-B1A7-5FBA6615661B,BCC,phase1,2,161,56,105,B,6
907DA0B0-00EC-4213-B1A7-5FBA6615661B,BCC,phase1,3,141,44,97,C,10
907DA0B0-00EC-4213-B1A7-5FBA6615661B,BCC,phase1,4,102,28,74,C,10
907DA0B0-00EC-4213-B1A7-5FBA6615661B,BCC,phase1,5,95,28,67,C,10
907DA0B0-00EC-4213-B1A7-5FBA6615661B,BCC,phase1,6,52,16,36,C,10
90C2F1F0-7419-4D88-8EA6-64F3679BBA07,BCC,phase1,1,55,9,46,B,6
90C2F1F0-7419-4D88-8EA6-64F3679BBA07,BCC,phase1,2,34,9,25,B,6
90C2F1F0-7419-4D88-8EA6-64F3679BBA07,BCC,phase1,3,23,3,20,C,10
90C2F1F0-7419-4D88-8EA6-64F3679BBA07,BCC,phase1,4,31,4,27,C,10
90C2F1F0-7419-4D88-8EA6-64F3679BBA07,BCC,phase1,5,17,5,12,C,10
90C2F1F0-7419-4D88-8EA6-64F3679BBA07,BCC,phase1,6,19,9,10,C,10
90F3AEB3-B8CB-4D02-AF99-26E36C42F877,ACC,phase1,1,1,0,1,A,3
9101922C-D3DB-4286-867D-28702B26B3E3,CCC,phase1,1,1,1,0,C,10
9110F0B3-10EB-4DDE-98B1-29F77CAF01AD,ACC,phase1,1,1,0,1,A,3
91E54ED4-ADCD-4DA5-909E-7841861F94AE,ACC,phase1,1,198,23,175,A,3
91E54ED4-ADCD-4DA5-909E-7841861F94AE,ACC,phase1,2,223,29,194,A,3
91E54ED4-ADCD-4DA5-909E-7841861F94AE,ACC,phase1,3,203,61,142,C,10
91E54ED4-ADCD-4DA5-909E-7841861F94AE,ACC,phase1,4,171,55,116,C,10
91E54ED4-ADCD-4DA5-909E-7841861F94AE,ACC,phase1,5,174,43,131,C,10
91E54ED4-ADCD-4DA5-909E-7841861F94AE,ACC,phase1,6,136,46,90,C,10
920D9655-E011-4B1E-9BBD-887B0512B4E3,BCC,phase2,1,97,41,56,B,6
9236E6F2-1EB4-4166-A8F0-9849F6E03E45,CCC,phase1,1,1,0,1,C,10
92385C55-B000-44F8-AB31-45C3479F008D,BCC,phase2,1,151,66,85,B,6
92385C55-B000-44F8-AB31-45C3479F008D,BCC,phase2,2,60,13,47,B,6
92385C55-B000-44F8-AB31-45C3479F008D,BCC,phase2,3,48,24,24,C,10
92385C55-B000-44F8-AB31-45C3479F008D,BCC,phase2,4,27,4,23,C,10
92385C55-B000-44F8-AB31-45C3479F008D,BCC,phase2,5,17,8,9,C,10
92385C55-B000-44F8-AB31-45C3479F008D,BCC,phase2,6,17,10,7,C,10
9251109F-37BD-40CB-A649-02939DDC74F9,ABC,phase2,1,37,10,27,A,3
9251109F-37BD-40CB-A649-02939DDC74F9,ABC,phase2,2,36,7,29,A,3
9251109F-37BD-40CB-A649-02939DDC74F9,ABC,phase2,3,48,18,30,B,6
9251109F-37BD-40CB-A649-02939DDC74F9,ABC,phase2,4,23,7,16,B,6
9251109F-37BD-40CB-A649-02939DDC74F9,ABC,phase2,5,19,4,15,C,10
9299BAA6-045F-4D93-8B21-4C4B2A396CCB,BCC,phase2,1,1,1,0,B,6
92CC3584-7C4F-423A-8423-E81DBA3E2CAC,ABC,phase1,1,10,2,8,A,3
930C5F00-DE5F-4C9D-A660-69EE8D61C930,CCC,phase1,1,6,1,5,C,10
931400A0-FEBA-4B68-AD35-AB66FCA50DA4,BCC,phase2,1,301,95,206,B,6
9321551B-B530-4D82-8748-D78402572A8F,ABC,phase2,1,472,247,225,A,3
9321551B-B530-4D82-8748-D78402572A8F,ABC,phase2,2,334,93,241,A,3
9321551B-B530-4D82-8748-D78402572A8F,ABC,phase2,3,526,121,405,B,6
9321551B-B530-4D82-8748-D78402572A8F,ABC,phase2,4,516,166,350,B,6
9321551B-B530-4D82-8748-D78402572A8F,ABC,phase2,5,261,96,165,C,10
936F6311-DB40-472D-A7B4-F558CD6B2E3F,CCC,phase1,1,8,2,6,C,10
93C84044-D57A-4F9D-BC6B-1F793C60DA72,ABC,phase1,1,249,38,211,A,3
93C84044-D57A-4F9D-BC6B-1F793C60DA72,ABC,phase1,2,185,23,162,A,3
93C84044-D57A-4F9D-BC6B-1F793C60DA72,ABC,phase1,3,99,23,76,B,6
93C84044-D57A-4F9D-BC6B-1F793C60DA72,ABC,phase1,4,117,15,102,B,6
93C84044-D57A-4F9D-BC6B-1F793C60DA72,ABC,phase1,5,80,21,59,C,10
93C84044-D57A-4F9D-BC6B-1F793C60DA72,ABC,phase1,6,53,16,37,C,10
93DAA8B7-84C8-4C1A-A3D6-845F34F133EB,ACC,phase1,1,150,27,123,A,3
93DAA8B7-84C8-4C1A-A3D6-845F34F133EB,ACC,phase1,2,160,29,131,A,3
93DAA8B7-84C8-4C1A-A3D6-845F34F133EB,ACC,phase1,3,118,18,100,C,10
93DAA8B7-84C8-4C1A-A3D6-845F34F133EB,ACC,phase1,4,116,19,97,C,10
93DAA8B7-84C8-4C1A-A3D6-845F34F133EB,ACC,phase1,5,102,14,88,C,10
93DAA8B7-84C8-4C1A-A3D6-845F34F133EB,ACC,phase1,6,68,3,65,C,10
93E1EEA1-76A3-4032-A9FD-4588AB6976E7,BCC,phase1,1,612,173,439,B,6
93E1EEA1-76A3-4032-A9FD-4588AB6976E7,BCC,phase1,2,109,48,61,B,6
93E8A3D5-D90C-4254-B35F-42922B336B3F,BCC,phase1,1,1,0,1,B,6
93F9281D-92D9-4A8B-8D77-FD322BF24939,ACC,phase1,1,103,52,51,A,3
93F9281D-92D9-4A8B-8D77-FD322BF24939,ACC,phase1,2,24,5,19,A,3
93F9281D-92D9-4A8B-8D77-FD322BF24939,ACC,phase1,3,50,26,24,C,10
93F9281D-92D9-4A8B-8D77-FD322BF24939,ACC,phase1,4,40,24,16,C,10
93F9281D-92D9-4A8B-8D77-FD322BF24939,ACC,phase1,5,27,9,18,C,10
93F9281D-92D9-4A8B-8D77-FD322BF24939,ACC,phase1,6,26,12,14,C,10
94790071-7E09-438B-B69D-07419072C855,ABC,phase2,1,54,30,24,A,3
94862BA0-4DC4-4C42-ADD2-BBF65694F77D,CCC,phase2,1,267,127,140,C,10
94862BA0-4DC4-4C42-ADD2-BBF65694F77D,CCC,phase2,2,189,65,124,C,10
94862BA0-4DC4-4C42-ADD2-BBF65694F77D,CCC,phase2,3,219,64,155,C,10
94862BA0-4DC4-4C42-ADD2-BBF65694F77D,CCC,phase2,4,222,57,165,C,10
94862BA0-4DC4-4C42-ADD2-BBF65694F77D,CCC,phase2,5,161,29,132,C,10
94862BA0-4DC4-4C42-ADD2-BBF65694F77D,CCC,phase2,6,137,26,111,C,10
94C1191D-207B-4126-BBD6-7BE1EFFC0DA5,CCC,phase2,1,1,0,1,C,10
94C2D18B-4E75-4A7B-8EA8-575E29B8413B,ABC,phase2,1,35,11,24,A,3
94C2D18B-4E75-4A7B-8EA8-575E29B8413B,ABC,phase2,2,29,2,27,A,3
94C2D18B-4E75-4A7B-8EA8-575E29B8413B,ABC,phase2,3,31,5,26,B,6
94C2D18B-4E75-4A7B-8EA8-575E29B8413B,ABC,phase2,4,51,10,41,B,6
94C2D18B-4E75-4A7B-8EA8-575E29B8413B,ABC,phase2,5,14,2,12,C,10
94CF50EE-8865-451B-8D3A-D0E98EDE8F1F,ACC,phase1,1,1,0,1,A,3
9517D175-06D4-4232-9E6B-FE826063191A,BCC,phase1,1,205,64,141,B,6
9517D175-06D4-4232-9E6B-FE826063191A,BCC,phase1,2,55,14,41,B,6
9519E995-C873-4D6C-AB38-A7049A7CA6F5,BCC,phase2,1,5,2,3,B,6
9519E995-C873-4D6C-AB38-A7049A7CA6F5,BCC,phase2,2,3,0,3,B,6
9519E995-C873-4D6C-AB38-A7049A7CA6F5,BCC,phase2,3,4,1,3,C,10
9519E995-C873-4D6C-AB38-A7049A7CA6F5,BCC,phase2,4,4,0,4,C,10
9519E995-C873-4D6C-AB38-A7049A7CA6F5,BCC,phase2,5,1,0,1,C,10
9519E995-C873-4D6C-AB38-A7049A7CA6F5,BCC,phase2,6,2,0,2,C,10
9549F485-7F9A-4813-A534-5CFF2839A9D9,CCC,phase2,1,76,31,45,C,10
9549F485-7F9A-4813-A534-5CFF2839A9D9,CCC,phase2,2,44,16,28,C,10
9549F485-7F9A-4813-A534-5CFF2839A9D9,CCC,phase2,3,36,14,22,C,10
9553E76F-4429-44E4-8DF6-708049FD881D,ACC,phase1,1,142,38,104,A,3
9553E76F-4429-44E4-8DF6-708049FD881D,ACC,phase1,2,116,25,91,A,3
9553E76F-4429-44E4-8DF6-708049FD881D,ACC,phase1,3,70,17,53,C,10
9553E76F-4429-44E4-8DF6-708049FD881D,ACC,phase1,4,60,21,39,C,10
9553E76F-4429-44E4-8DF6-708049FD881D,ACC,phase1,5,82,15,67,C,10
9553E76F-4429-44E4-8DF6-708049FD881D,ACC,phase1,6,73,27,46,C,10
9573CC57-D2EC-4A86-9809-EE4FCA9336C4,ACC,phase2,1,68,15,53,A,3
9573CC57-D2EC-4A86-9809-EE4FCA9336C4,ACC,phase2,2,106,11,95,A,3
9573CC57-D2EC-4A86-9809-EE4FCA9336C4,ACC,phase2,3,100,22,78,C,10
9573CC57-D2EC-4A86-9809-EE4FCA9336C4,ACC,phase2,4,80,13,67,C,10
9573CC57-D2EC-4A86-9809-EE4FCA9336C4,ACC,phase2,5,126,22,104,C,10
9573CC57-D2EC-4A86-9809-EE4FCA9336C4,ACC,phase2,6,98,11,87,C,10
959C8CD6-5DA2-4CAB-BEA7-4616D16B4224,CCC,phase1,1,16,13,3,C,10
95A043BF-4802-4E43-A1BD-D8210E120BF4,BCC,phase1,1,93,24,69,B,6
95A043BF-4802-4E43-A1BD-D8210E120BF4,BCC,phase1,2,77,10,67,B,6
95A043BF-4802-4E43-A1BD-D8210E120BF4,BCC,phase1,3,51,7,44,C,10
95A043BF-4802-4E43-A1BD-D8210E120BF4,BCC,phase1,4,28,3,25,C,10
95A043BF-4802-4E43-A1BD-D8210E120BF4,BCC,phase1,5,118,16,102,C,10
95A043BF-4802-4E43-A1BD-D8210E120BF4,BCC,phase1,6,100,12,88,C,10
95C0872C-B682-4BC8-9636-362AC281F4B7,CCC,phase2,1,104,19,85,C,10
95C0872C-B682-4BC8-9636-362AC281F4B7,CCC,phase2,2,52,5,47,C,10
95C0872C-B682-4BC8-9636-362AC281F4B7,CCC,phase2,3,55,7,48,C,10
95C0872C-B682-4BC8-9636-362AC281F4B7,CCC,phase2,4,42,2,40,C,10
95C0872C-B682-4BC8-9636-362AC281F4B7,CCC,phase2,5,75,8,67,C,10
95C0872C-B682-4BC8-9636-362AC281F4B7,CCC,phase2,6,9,1,8,C,10
95C43232-DAA5-4D8F-B413-0CB27C51772E,ABC,phase1,1,51,11,40,A,3
95C43232-DAA5-4D8F-B413-0CB27C51772E,ABC,phase1,2,55,1,54,A,3
95C43232-DAA5-4D8F-B413-0CB27C51772E,ABC,phase1,3,61,3,58,B,6
95C43232-DAA5-4D8F-B413-0CB27C51772E,ABC,phase1,4,88,8,80,B,6
95C43232-DAA5-4D8F-B413-0CB27C51772E,ABC,phase1,5,59,2,57,C,10
95C43232-DAA5-4D8F-B413-0CB27C51772E,ABC,phase1,6,60,6,54,C,10
95DD1D66-9B95-4CC2-A39A-F48C0F62325C,ACC,phase2,1,1,1,0,A,3
95ED4271-D6AE-4D9B-960F-4745946BA756,ACC,phase2,1,183,75,108,A,3
95ED4271-D6AE-4D9B-960F-4745946BA756,ACC,phase2,2,136,56,80,A,3
95ED4271-D6AE-4D9B-960F-4745946BA756,ACC,phase2,3,163,66,97,C,10
95ED4271-D6AE-4D9B-960F-4745946BA756,ACC,phase2,4,110,35,75,C,10
95ED4271-D6AE-4D9B-960F-4745946BA756,ACC,phase2,5,99,42,57,C,10
962EEBC2-3A7C-4F09-A926-F4880F59BE7D,ACC,phase1,1,8,8,0,A,3
9630F244-441C-4758-84D5-ED685906F687,ABC,phase2,1,178,86,92,A,3
9630F244-441C-4758-84D5-ED685906F687,ABC,phase2,2,81,39,42,A,3
9630F244-441C-4758-84D5-ED685906F687,ABC,phase2,3,88,34,54,B,6
9630F244-441C-4758-84D5-ED685906F687,ABC,phase2,4,65,22,43,B,6
9630F244-441C-4758-84D5-ED685906F687,ABC,phase2,5,97,37,60,C,10
9630F244-441C-4758-84D5-ED685906F687,ABC,phase2,6,51,11,40,C,10
965F3DA6-7759-4E06-834F-E834BEC354C0,ACC,phase2,1,221,92,129,A,3
965F3DA6-7759-4E06-834F-E834BEC354C0,ACC,phase2,2,166,25,141,A,3
96838D4D-DFFA-40F4-90A2-4A72902B6603,ACC,phase2,1,6,0,6,A,3
96859470-C7D3-402D-8221-2C572C833D4A,ACC,phase2,1,1,1,0,A,3
96860189-C61E-4B1D-A0BB-D6550757F6EC,ACC,phase1,1,1,0,1,A,3
96AA801D-0F3C-4F71-B393-F8AC900EEDDE,ACC,phase2,1,278,58,220,A,3
96AA801D-0F3C-4F71-B393-F8AC900EEDDE,ACC,phase2,2,188,31,157,A,3
96AA801D-0F3C-4F71-B393-F8AC900EEDDE,ACC,phase2,3,170,37,133,C,10
96AA801D-0F3C-4F71-B393-F8AC900EEDDE,ACC,phase2,4,57,10,47,C,10
96AA801D-0F3C-4F71-B393-F8AC900EEDDE,ACC,phase2,5,79,18,61,C,10
96AA801D-0F3C-4F71-B393-F8AC900EEDDE,ACC,phase2,6,47,10,37,C,10
96B04764-9BB1-4808-97D1-1CDE36B1523C,BCC,phase1,1,137,19,118,B,6
96B04764-9BB1-4808-97D1-1CDE36B1523C,BCC,phase1,2,34,6,28,B,6
96BC2A67-5C9E-42F2-B399-2C9681042258,ACC,phase1,1,127,25,102,A,3
96BC2A67-5C9E-42F2-B399-2C9681042258,ACC,phase1,2,129,14,115,A,3
96BC2A67-5C9E-42F2-B399-2C9681042258,ACC,phase1,3,83,9,74,C,10
96BF98DA-D626-4437-9E24-C748549AC85E,ACC,phase1,1,1,1,0,A,3
96E6F0F2-56C1-43B2-91CD-1D7FB6184208,BCC,phase2,1,1,0,1,B,6
96F5CCD8-BD0E-4513-8590-10E653AD20C6,ABC,phase2,1,13,2,11,A,3
96F5CCD8-BD0E-4513-8590-10E653AD20C6,ABC,phase2,2,14,1,13,A,3
96F5CCD8-BD0E-4513-8590-10E653AD20C6,ABC,phase2,3,1,1,0,B,6
96F5CCD8-BD0E-4513-8590-10E653AD20C6,ABC,phase2,4,6,2,4,B,6
96F5CCD8-BD0E-4513-8590-10E653AD20C6,ABC,phase2,5,12,1,11,C,10
96F5CCD8-BD0E-4513-8590-10E653AD20C6,ABC,phase2,6,3,0,3,C,10
97299374-01EB-4D8E-8A62-9080464CCBF9,ABC,phase2,1,7,1,6,A,3
97299374-01EB-4D8E-8A62-9080464CCBF9,ABC,phase2,2,3,0,3,A,3
97299374-01EB-4D8E-8A62-9080464CCBF9,ABC,phase2,3,3,0,3,B,6
97299374-01EB-4D8E-8A62-9080464CCBF9,ABC,phase2,4,0,0,0,B,6
97299374-01EB-4D8E-8A62-9080464CCBF9,ABC,phase2,5,2,0,2,C,10
972FC6FE-1EB8-4B54-959F-23FC464C8535,ACC,phase1,1,25,11,14,A,3
972FC6FE-1EB8-4B54-959F-23FC464C8535,ACC,phase1,2,46,8,38,A,3
972FC6FE-1EB8-4B54-959F-23FC464C8535,ACC,phase1,3,7,2,5,C,10
974D4770-095F-4654-8EE4-9B6F33553B4C,ACC,phase1,1,1,0,1,A,3
9796705C-EAB8-4655-81EA-9984DEA5AEDD,CCC,phase1,1,112,32,80,C,10
9796705C-EAB8-4655-81EA-9984DEA5AEDD,CCC,phase1,2,75,19,56,C,10
9796705C-EAB8-4655-81EA-9984DEA5AEDD,CCC,phase1,3,118,29,89,C,10
9796705C-EAB8-4655-81EA-9984DEA5AEDD,CCC,phase1,4,106,15,91,C,10
9796705C-EAB8-4655-81EA-9984DEA5AEDD,CCC,phase1,5,75,13,62,C,10
9796705C-EAB8-4655-81EA-9984DEA5AEDD,CCC,phase1,6,85,12,73,C,10
97973BF1-160F-4F36-B0E7-0296FC54FDD4,ABC,phase1,1,92,31,61,A,3
97973BF1-160F-4F36-B0E7-0296FC54FDD4,ABC,phase1,2,139,28,111,A,3
97973BF1-160F-4F36-B0E7-0296FC54FDD4,ABC,phase1,3,133,33,100,B,6
97973BF1-160F-4F36-B0E7-0296FC54FDD4,ABC,phase1,4,123,27,96,B,6
97973BF1-160F-4F36-B0E7-0296FC54FDD4,ABC,phase1,5,93,17,76,C,10
97973BF1-160F-4F36-B0E7-0296FC54FDD4,ABC,phase1,6,165,43,122,C,10
98814461-7907-4E2F-B406-94E4EFB9778E,ACC,phase1,1,40,17,23,A,3
988844EF-C8EB-4A2D-BC99-AD0CD812309F,ABC,phase2,1,129,66,63,A,3
988844EF-C8EB-4A2D-BC99-AD0CD812309F,ABC,phase2,2,162,61,101,A,3
988844EF-C8EB-4A2D-BC99-AD0CD812309F,ABC,phase2,3,165,60,105,B,6
988844EF-C8EB-4A2D-BC99-AD0CD812309F,ABC,phase2,4,160,64,96,B,6
988844EF-C8EB-4A2D-BC99-AD0CD812309F,ABC,phase2,5,160,84,76,C,10
988844EF-C8EB-4A2D-BC99-AD0CD812309F,ABC,phase2,6,149,53,96,C,10
9892335B-6D03-4AE1-9502-9F2727D79236,ABC,phase2,1,22,0,22,A,3
9892335B-6D03-4AE1-9502-9F2727D79236,ABC,phase2,2,32,0,32,A,3
9892335B-6D03-4AE1-9502-9F2727D79236,ABC,phase2,3,26,3,23,B,6
9892335B-6D03-4AE1-9502-9F2727D79236,ABC,phase2,4,43,4,39,B,6
9892335B-6D03-4AE1-9502-9F2727D79236,ABC,phase2,5,35,1,34,C,10
9892335B-6D03-4AE1-9502-9F2727D79236,ABC,phase2,6,48,3,45,C,10
9895BADB-AAB1-4B1D-A430-8724A38CCFED,ABC,phase1,1,66,10,56,A,3
9895BADB-AAB1-4B1D-A430-8724A38CCFED,ABC,phase1,2,18,2,16,A,3
98CB6D22-5292-48E2-942C-81EE661FA901,ACC,phase2,1,68,8,60,A,3
98CB6D22-5292-48E2-942C-81EE661FA901,ACC,phase2,2,75,11,64,A,3
98CB6D22-5292-48E2-942C-81EE661FA901,ACC,phase2,3,40,5,35,C,10
98E011AB-2028-49F1-B6EE-7F04FB90ABE4,ACC,phase2,1,1,1,0,A,3
98F0E507-DD8B-4E6E-8F8C-6B0AF4AD095C,CCC,phase1,1,50,20,30,C,10
98F0E507-DD8B-4E6E-8F8C-6B0AF4AD095C,CCC,phase1,2,51,21,30,C,10
98F0E507-DD8B-4E6E-8F8C-6B0AF4AD095C,CCC,phase1,3,66,21,45,C,10
98F0E507-DD8B-4E6E-8F8C-6B0AF4AD095C,CCC,phase1,4,92,29,63,C,10
98F0E507-DD8B-4E6E-8F8C-6B0AF4AD095C,CCC,phase1,5,44,13,31,C,10
98F0E507-DD8B-4E6E-8F8C-6B0AF4AD095C,CCC,phase1,6,47,11,36,C,10
98F665A7-23D9-4395-A266-5AD230F1DC3D,ACC,phase1,1,115,40,75,A,3
9911367C-D1D9-45E1-A62F-71DBACB140F3,ACC,phase1,1,57,13,44,A,3
9911367C-D1D9-45E1-A62F-71DBACB140F3,ACC,phase1,2,51,9,42,A,3
9911367C-D1D9-45E1-A62F-71DBACB140F3,ACC,phase1,3,65,18,47,C,10
9911367C-D1D9-45E1-A62F-71DBACB140F3,ACC,phase1,4,50,14,36,C,10
9911367C-D1D9-45E1-A62F-71DBACB140F3,ACC,phase1,5,32,7,25,C,10
9911367C-D1D9-45E1-A62F-71DBACB140F3,ACC,phase1,6,25,5,20,C,10
993DC5C2-2729-4F9E-BCD3-0465B2619B7C,CCC,phase2,1,57,23,34,C,10
993DC5C2-2729-4F9E-BCD3-0465B2619B7C,CCC,phase2,2,14,3,11,C,10
993DC5C2-2729-4F9E-BCD3-0465B2619B7C,CCC,phase2,3,13,3,10,C,10
993DC5C2-2729-4F9E-BCD3-0465B2619B7C,CCC,phase2,4,3,0,3,C,10
995A819F-1F81-47D7-A201-69691855D3B2,ABC,phase1,1,1,0,1,A,3
99C58232-E7A8-4540-BAB7-107A09BC946A,ACC,phase1,1,128,29,99,A,3
99C58232-E7A8-4540-BAB7-107A09BC946A,ACC,phase1,2,83,13,70,A,3
99C58232-E7A8-4540-BAB7-107A09BC946A,ACC,phase1,3,59,10,49,C,10
99C58232-E7A8-4540-BAB7-107A09BC946A,ACC,phase1,4,27,5,22,C,10
99C58232-E7A8-4540-BAB7-107A09BC946A,ACC,phase1,5,29,4,25,C,10
99C58232-E7A8-4540-BAB7-107A09BC946A,ACC,phase1,6,37,13,24,C,10
99D159D8-0E9D-4D8F-9A38-74710DC07BFA,BCC,phase2,1,141,87,54,B,6
99E2479F-A736-4E0E-8A42-61CA8D3FC094,ACC,phase1,1,36,18,18,A,3
9A0EFE79-76C1-487C-AF28-6FC0F15976F7,BCC,phase1,1,162,42,120,B,6
9A0EFE79-76C1-487C-AF28-6FC0F15976F7,BCC,phase1,2,206,34,172,B,6
9A0EFE79-76C1-487C-AF28-6FC0F15976F7,BCC,phase1,3,171,30,141,C,10
9A0EFE79-76C1-487C-AF28-6FC0F15976F7,BCC,phase1,4,141,18,123,C,10
9A17181C-B365-4438-B3B4-4BE3D119D10F,CCC,phase1,1,27,15,12,C,10
9A379E1B-68D2-467D-A635-4BD325432AF1,ABC,phase1,1,306,168,138,A,3
9A379E1B-68D2-467D-A635-4BD325432AF1,ABC,phase1,2,201,89,112,A,3
9A379E1B-68D2-467D-A635-4BD325432AF1,ABC,phase1,3,153,73,80,B,6
9A379E1B-68D2-467D-A635-4BD325432AF1,ABC,phase1,4,176,69,107,B,6
9A379E1B-68D2-467D-A635-4BD325432AF1,ABC,phase1,5,157,75,82,C,10
9A379E1B-68D2-467D-A635-4BD325432AF1,ABC,phase1,6,3,0,3,C,10
9A417810-A0C4-40AB-B98D-37C737BCE237,BCC,phase2,1,1,1,0,B,6
9A4F6701-F6A9-4892-AF67-424686DE8155,BCC,phase1,1,45,6,39,B,6
9A4F6701-F6A9-4892-AF67-424686DE8155,BCC,phase1,2,39,5,34,B,6
9A4F6701-F6A9-4892-AF67-424686DE8155,BCC,phase1,3,48,8,40,C,10
9A4F6701-F6A9-4892-AF67-424686DE8155,BCC,phase1,4,57,13,44,C,10
9A4F6701-F6A9-4892-AF67-424686DE8155,BCC,phase1,5,57,6,51,C,10
9A4F6701-F6A9-4892-AF67-424686DE8155,BCC,phase1,6,30,5,25,C,10
9A50059F-EE55-4458-B3DA-65E40AB72639,BCC,phase1,1,82,44,38,B,6
9A50059F-EE55-4458-B3DA-65E40AB72639,BCC,phase1,2,114,36,78,B,6
9A50059F-EE55-4458-B3DA-65E40AB72639,BCC,phase1,3,80,18,62,C,10
9A50059F-EE55-4458-B3DA-65E40AB72639,BCC,phase1,4,105,30,75,C,10
9A50059F-EE55-4458-B3DA-65E40AB72639,BCC,phase1,5,38,10,28,C,10
9A50059F-EE55-4458-B3DA-65E40AB72639,BCC,phase1,6,67,16,51,C,10
9AD531F4-551A-4F86-B900-4E804E7D1111,BCC,phase2,1,48,19,29,B,6
9B1F98B0-BB1B-4A18-87AA-B5A28CCAD7C7,BCC,phase1,1,95,58,37,B,6
9B1F98B0-BB1B-4A18-87AA-B5A28CCAD7C7,BCC,phase1,2,112,47,65,B,6
9B1F98B0-BB1B-4A18-87AA-B5A28CCAD7C7,BCC,phase1,3,86,29,57,C,10
9B1F98B0-BB1B-4A18-87AA-B5A28CCAD7C7,BCC,phase1,4,69,20,49,C,10
9B1F98B0-BB1B-4A18-87AA-B5A28CCAD7C7,BCC,phase1,5,52,13,39,C,10
9B1F98B0-BB1B-4A18-87AA-B5A28CCAD7C7,BCC,phase1,6,40,8,32,C,10
9B34C02E-97C0-4815-856A-3740A2FABA03,BCC,phase1,1,85,40,45,B,6
9B34C02E-97C0-4815-856A-3740A2FABA03,BCC,phase1,2,115,36,79,B,6
9B34C02E-97C0-4815-856A-3740A2FABA03,BCC,phase1,3,120,44,76,C,10
9B34C02E-97C0-4815-856A-3740A2FABA03,BCC,phase1,4,32,11,21,C,10
9B34C02E-97C0-4815-856A-3740A2FABA03,BCC,phase1,5,0,0,0,C,10
9B34C02E-97C0-4815-856A-3740A2FABA03,BCC,phase1,6,93,45,48,C,10
9B504042-D3BB-4436-9A61-6AB44BC658D7,BCC,phase2,1,136,51,85,B,6
9B504042-D3BB-4436-9A61-6AB44BC658D7,BCC,phase2,2,108,31,77,B,6
9B504042-D3BB-4436-9A61-6AB44BC658D7,BCC,phase2,3,64,23,41,C,10
9B504042-D3BB-4436-9A61-6AB44BC658D7,BCC,phase2,4,41,11,30,C,10
9B504042-D3BB-4436-9A61-6AB44BC658D7,BCC,phase2,5,54,8,46,C,10
9B504042-D3BB-4436-9A61-6AB44BC658D7,BCC,phase2,6,73,15,58,C,10
9B6387C2-6CDE-4458-A06D-2F3B366491B3,BCC,phase2,1,211,78,133,B,6
9B663334-0149-4443-8B0D-2AFF737F61C7,ACC,phase2,1,108,25,83,A,3
9B663334-0149-4443-8B0D-2AFF737F61C7,ACC,phase2,2,125,18,107,A,3
9B663334-0149-4443-8B0D-2AFF737F61C7,ACC,phase2,3,113,14,99,C,10
9B663334-0149-4443-8B0D-2AFF737F61C7,ACC,phase2,4,107,28,79,C,10
9B663334-0149-4443-8B0D-2AFF737F61C7,ACC,phase2,5,135,23,112,C,10
9B663334-0149-4443-8B0D-2AFF737F61C7,ACC,phase2,6,102,18,84,C,10
9B66D648-7B7D-46A9-83F0-F0593477658F,CCC,phase2,1,58,20,38,C,10
9B66D648-7B7D-46A9-83F0-F0593477658F,CCC,phase2,2,62,9,53,C,10
9B66D648-7B7D-46A9-83F0-F0593477658F,CCC,phase2,3,68,13,55,C,10
9B66D648-7B7D-46A9-83F0-F0593477658F,CCC,phase2,4,206,111,95,C,10
9B66D648-7B7D-46A9-83F0-F0593477658F,CCC,phase2,5,248,73,175,C,10
9B66D648-7B7D-46A9-83F0-F0593477658F,CCC,phase2,6,18,2,16,C,10
9B7A135D-ED21-4675-8D14-C44273917CDB,ABC,phase2,1,148,25,123,A,3
9B7A135D-ED21-4675-8D14-C44273917CDB,ABC,phase2,2,143,18,125,A,3
9B7A135D-ED21-4675-8D14-C44273917CDB,ABC,phase2,3,117,16,101,B,6
9B7A135D-ED21-4675-8D14-C44273917CDB,ABC,phase2,4,175,27,148,B,6
9B7A135D-ED21-4675-8D14-C44273917CDB,ABC,phase2,5,59,11,48,C,10
9B7A135D-ED21-4675-8D14-C44273917CDB,ABC,phase2,6,124,28,96,C,10
9B8C8A1F-BEF0-4F84-8FDF-03C34908D0D7,CCC,phase1,1,1,1,0,C,10
9B8F6DCD-C7F8-4CDF-A153-367878A8266F,ACC,phase1,1,1,0,1,A,3
9BA1D3EB-7E38-42DC-9608-C033E83916A9,CCC,phase1,1,22,18,4,C,10
9BA1D3EB-7E38-42DC-9608-C033E83916A9,CCC,phase1,2,10,7,3,C,10
9BA1D3EB-7E38-42DC-9608-C033E83916A9,CCC,phase1,3,0,0,0,C,10
9BA1D3EB-7E38-42DC-9608-C033E83916A9,CCC,phase1,4,7,4,3,C,10
9BA1D3EB-7E38-42DC-9608-C033E83916A9,CCC,phase1,5,2,1,1,C,10
9C08BF1B-A856-48E8-B023-753EFF78C793,ACC,phase2,1,1,0,1,A,3
9C0AAF7A-918C-43DF-849A-1EBC4683A452,ABC,phase1,1,127,55,72,A,3
9C0AAF7A-918C-43DF-849A-1EBC4683A452,ABC,phase1,2,131,57,74,A,3
9C0AAF7A-918C-43DF-849A-1EBC4683A452,ABC,phase1,3,82,16,66,B,6
9C0AAF7A-918C-43DF-849A-1EBC4683A452,ABC,phase1,4,108,22,86,B,6
9C0AAF7A-918C-43DF-849A-1EBC4683A452,ABC,phase1,5,118,31,87,C,10
9C0AAF7A-918C-43DF-849A-1EBC4683A452,ABC,phase1,6,81,20,61,C,10
9C4B2D5A-BD87-43BC-8233-C795CEE3FEE8,ABC,phase2,1,37,9,28,A,3
9C4B2D5A-BD87-43BC-8233-C795CEE3FEE8,ABC,phase2,2,9,5,4,A,3
9C4B2D5A-BD87-43BC-8233-C795CEE3FEE8,ABC,phase2,3,0,0,0,B,6
9C4B2D5A-BD87-43BC-8233-C795CEE3FEE8,ABC,phase2,4,3,1,2,B,6
9C4B2D5A-BD87-43BC-8233-C795CEE3FEE8,ABC,phase2,5,68,30,38,C,10
9C4B2D5A-BD87-43BC-8233-C795CEE3FEE8,ABC,phase2,6,89,27,62,C,10
9C5B74EF-7AE6-4C06-A964-FA785B35C830,ABC,phase1,1,159,39,120,A,3
9C5B74EF-7AE6-4C06-A964-FA785B35C830,ABC,phase1,2,138,32,106,A,3
9C5B74EF-7AE6-4C06-A964-FA785B35C830,ABC,phase1,3,202,72,130,B,6
9C5B74EF-7AE6-4C06-A964-FA785B35C830,ABC,phase1,4,169,71,98,B,6
9C5B74EF-7AE6-4C06-A964-FA785B35C830,ABC,phase1,5,164,68,96,C,10
9C5B74EF-7AE6-4C06-A964-FA785B35C830,ABC,phase1,6,133,53,80,C,10
9C91A131-9F91-42D1-8653-44334D8A0A0F,ACC,phase2,1,250,86,164,A,3
9C91A131-9F91-42D1-8653-44334D8A0A0F,ACC,phase2,2,182,26,156,A,3
9C91A131-9F91-42D1-8653-44334D8A0A0F,ACC,phase2,3,76,22,54,C,10
9C91A131-9F91-42D1-8653-44334D8A0A0F,ACC,phase2,4,1,0,1,C,10
9CA9A69D-37EA-4334-AD82-3E1DAE2B6154,ACC,phase2,1,432,67,365,A,3
9CDB9EEE-6759-4B4D-AADA-14AE88A1C1F1,ACC,phase1,1,126,23,103,A,3
9CDB9EEE-6759-4B4D-AADA-14AE88A1C1F1,ACC,phase1,2,86,6,80,A,3
9CDB9EEE-6759-4B4D-AADA-14AE88A1C1F1,ACC,phase1,3,99,13,86,C,10
9CDB9EEE-6759-4B4D-AADA-14AE88A1C1F1,ACC,phase1,4,106,13,93,C,10
9CDB9EEE-6759-4B4D-AADA-14AE88A1C1F1,ACC,phase1,5,93,12,81,C,10
9CDB9EEE-6759-4B4D-AADA-14AE88A1C1F1,ACC,phase1,6,73,12,61,C,10
9CDFD380-D432-4455-A9EF-21F128B41ED5,BCC,phase2,1,33,11,22,B,6
9CDFD380-D432-4455-A9EF-21F128B41ED5,BCC,phase2,2,37,7,30,B,6
9CDFD380-D432-4455-A9EF-21F128B41ED5,BCC,phase2,3,31,9,22,C,10
9CDFD380-D432-4455-A9EF-21F128B41ED5,BCC,phase2,4,11,1,10,C,10
9CDFD380-D432-4455-A9EF-21F128B41ED5,BCC,phase2,5,24,3,21,C,10
9CDFD380-D432-4455-A9EF-21F128B41ED5,BCC,phase2,6,24,1,23,C,10
9D08A2BD-E5B0-4FDF-BC30-05A52024DC43,ABC,phase2,1,57,4,53,A,3
9D08A2BD-E5B0-4FDF-BC30-05A52024DC43,ABC,phase2,2,45,6,39,A,3
9D145CB6-04DB-45AC-862A-B4BCBE3B52C0,ABC,phase2,1,77,3,74,A,3
9D145CB6-04DB-45AC-862A-B4BCBE3B52C0,ABC,phase2,2,24,1,23,A,3
9D60CC36-8939-430F-BF0D-D102600559C3,ABC,phase1,1,1,1,0,A,3
9D6D1CA7-EE20-44A8-990F-EAF717AF3FAD,BCC,phase1,1,67,40,27,B,6
9DF6C999-6F17-4184-8F23-BC73EDD4F133,ACC,phase2,1,1,1,0,A,3
9E666FEC-8B9C-4B3A-9860-B0E84A63A607,ACC,phase2,1,18,0,18,A,3
9E666FEC-8B9C-4B3A-9860-B0E84A63A607,ACC,phase2,2,12,1,11,A,3
9E666FEC-8B9C-4B3A-9860-B0E84A63A607,ACC,phase2,3,19,3,16,C,10
9E666FEC-8B9C-4B3A-9860-B0E84A63A607,ACC,phase2,4,9,1,8,C,10
9F067E8F-7A5C-421B-AA11-095B98E39D1B,CCC,phase1,1,93,41,52,C,10
9F067E8F-7A5C-421B-AA11-095B98E39D1B,CCC,phase1,2,1,1,0,C,10
9F190232-2B4B-4DD8-A3F7-144E288A06E7,ABC,phase1,1,123,39,84,A,3
9F2DD56E-5A41-4C0B-A39D-4D45ACA22FF8,ABC,phase1,1,43,8,35,A,3
9F2DD56E-5A41-4C0B-A39D-4D45ACA22FF8,ABC,phase1,2,81,10,71,A,3
9F2DD56E-5A41-4C0B-A39D-4D45ACA22FF8,ABC,phase1,3,27,4,23,B,6
9F2DD56E-5A41-4C0B-A39D-4D45ACA22FF8,ABC,phase1,4,50,5,45,B,6
9F2DD56E-5A41-4C0B-A39D-4D45ACA22FF8,ABC,phase1,5,42,6,36,C,10
9F2DD56E-5A41-4C0B-A39D-4D45ACA22FF8,ABC,phase1,6,39,6,33,C,10
9F35267A-9736-4A15-A1CF-9D3D22755DE3,ACC,phase2,1,13,3,10,A,3
9F35267A-9736-4A15-A1CF-9D3D22755DE3,ACC,phase2,2,15,2,13,A,3
9F35267A-9736-4A15-A1CF-9D3D22755DE3,ACC,phase2,3,6,3,3,C,10
9F64C6CB-05E4-4EB3-8D55-3F0B9D6455E0,BCC,phase2,1,1,0,1,B,6
9F89C9F3-7B66-46FF-8A4B-6C2B13479315,ABC,phase2,1,25,1,24,A,3
9F89C9F3-7B66-46FF-8A4B-6C2B13479315,ABC,phase2,2,7,1,6,A,3
9FA41E09-DDE9-4443-A866-047DA1F8F092,ACC,phase2,1,124,61,63,A,3
9FA41E09-DDE9-4443-A866-047DA1F8F092,ACC,phase2,2,113,53,60,A,3
9FA41E09-DDE9-4443-A866-047DA1F8F092,ACC,phase2,3,31,11,20,C,10
A0186B7C-6766-46FF-A66D-DDB8AE37C1D8,BCC,phase1,1,57,20,37,B,6
A0186B7C-6766-46FF-A66D-DDB8AE37C1D8,BCC,phase1,2,76,22,54,B,6
A0186B7C-6766-46FF-A66D-DDB8AE37C1D8,BCC,phase1,3,26,9,17,C,10
A029AF9B-D588-4099-BBA1-33986385D462,BCC,phase2,1,122,61,61,B,6
A029AF9B-D588-4099-BBA1-33986385D462,BCC,phase2,2,128,40,88,B,6
A029AF9B-D588-4099-BBA1-33986385D462,BCC,phase2,3,23,10,13,C,10
A03374C6-DF18-49C7-895A-C395BC0C998F,ABC,phase1,1,59,17,42,A,3
A03374C6-DF18-49C7-895A-C395BC0C998F,ABC,phase1,2,119,22,97,A,3
A03374C6-DF18-49C7-895A-C395BC0C998F,ABC,phase1,3,114,40,74,B,6
A03374C6-DF18-49C7-895A-C395BC0C998F,ABC,phase1,4,131,50,81,B,6
A03374C6-DF18-49C7-895A-C395BC0C998F,ABC,phase1,5,148,51,97,C,10
A03374C6-DF18-49C7-895A-C395BC0C998F,ABC,phase1,6,119,51,68,C,10
A043A62D-32E7-414E-A36A-FFD5074E2F21,CCC,phase1,1,218,69,149,C,10
A043A62D-32E7-414E-A36A-FFD5074E2F21,CCC,phase1,2,128,36,92,C,10
A07D6E64-BDA0-46BE-95AD-E54983D376D8,ACC,phase2,1,8,6,2,A,3
A07D6E64-BDA0-46BE-95AD-E54983D376D8,ACC,phase2,2,2,2,0,A,3
A07D6E64-BDA0-46BE-95AD-E54983D376D8,ACC,phase2,3,1,0,1,C,10
A0E7910D-7823-47FD-9CB2-D4DA04C0E639,ABC,phase2,1,171,80,91,A,3
A0E7910D-7823-47FD-9CB2-D4DA04C0E639,ABC,phase2,2,150,30,120,A,3
A0E7910D-7823-47FD-9CB2-D4DA04C0E639,ABC,phase2,3,150,47,103,B,6
A0E7910D-7823-47FD-9CB2-D4DA04C0E639,ABC,phase2,4,80,25,55,B,6
A0F99B56-0255-4842-9936-31F868B1FD7C,CCC,phase2,1,23,3,20,C,10
A0F99B56-0255-4842-9936-31F868B1FD7C,CCC,phase2,2,6,0,6,C,10
A0F99B56-0255-4842-9936-31F868B1FD7C,CCC,phase2,3,4,1,3,C,10
A0F99B56-0255-4842-9936-31F868B1FD7C,CCC,phase2,4,41,8,33,C,10
A0F99B56-0255-4842-9936-31F868B1FD7C,CCC,phase2,5,56,8,48,C,10
A0F99B56-0255-4842-9936-31F868B1FD7C,CCC,phase2,6,17,5,12,C,10
A104E12F-5A71-4EBF-8CDC-F9274CE9FEBA,CCC,phase2,1,111,69,42,C,10
A104E12F-5A71-4EBF-8CDC-F9274CE9FEBA,CCC,phase2,2,89,23,66,C,10
A104E12F-5A71-4EBF-8CDC-F9274CE9FEBA,CCC,phase2,3,102,22,80,C,10
A104E12F-5A71-4EBF-8CDC-F9274CE9FEBA,CCC,phase2,4,54,16,38,C,10
A104E12F-5A71-4EBF-8CDC-F9274CE9FEBA,CCC,phase2,5,43,9,34,C,10
A11EAC8C-A3CF-4D06-ADDE-DC37D361FBA5,ABC,phase2,1,350,104,246,A,3
A11EAC8C-A3CF-4D06-ADDE-DC37D361FBA5,ABC,phase2,2,172,25,147,A,3
A11EAC8C-A3CF-4D06-ADDE-DC37D361FBA5,ABC,phase2,3,83,15,68,B,6
A11EAC8C-A3CF-4D06-ADDE-DC37D361FBA5,ABC,phase2,4,82,18,64,B,6
A11EAC8C-A3CF-4D06-ADDE-DC37D361FBA5,ABC,phase2,5,114,20,94,C,10
A11EAC8C-A3CF-4D06-ADDE-DC37D361FBA5,ABC,phase2,6,60,11,49,C,10
A17A65CE-9FA4-4B6A-BAAE-FA28E48187C0,CCC,phase2,1,18,5,13,C,10
A17A65CE-9FA4-4B6A-BAAE-FA28E48187C0,CCC,phase2,2,2,0,2,C,10
A194A1A4-2AD5-4781-BA3B-C4DDD1F9CF93,BCC,phase1,1,57,11,46,B,6
A194A1A4-2AD5-4781-BA3B-C4DDD1F9CF93,BCC,phase1,2,60,4,56,B,6
A194A1A4-2AD5-4781-BA3B-C4DDD1F9CF93,BCC,phase1,3,53,8,45,C,10
A194A1A4-2AD5-4781-BA3B-C4DDD1F9CF93,BCC,phase1,4,33,3,30,C,10
A194A1A4-2AD5-4781-BA3B-C4DDD1F9CF93,BCC,phase1,5,55,11,44,C,10
A194A1A4-2AD5-4781-BA3B-C4DDD1F9CF93,BCC,phase1,6,62,8,54,C,10
A195EF6A-9761-498E-BE56-AEB17089599B,CCC,phase1,1,326,126,200,C,10
A195EF6A-9761-498E-BE56-AEB17089599B,CCC,phase1,2,359,109,250,C,10
A195EF6A-9761-498E-BE56-AEB17089599B,CCC,phase1,3,202,55,147,C,10
A195EF6A-9761-498E-BE56-AEB17089599B,CCC,phase1,4,231,67,164,C,10
A195EF6A-9761-498E-BE56-AEB17089599B,CCC,phase1,5,210,65,145,C,10
A195EF6A-9761-498E-BE56-AEB17089599B,CCC,phase1,6,122,27,95,C,10
A1DCDE7C-08CE-4091-BC89-680C1191B5B0,ACC,phase1,1,100,11,89,A,3
A1DCDE7C-08CE-4091-BC89-680C1191B5B0,ACC,phase1,2,142,23,119,A,3
A1DCDE7C-08CE-4091-BC89-680C1191B5B0,ACC,phase1,3,110,18,92,C,10
A1DCDE7C-08CE-4091-BC89-680C1191B5B0,ACC,phase1,4,66,17,49,C,10
A1DCDE7C-08CE-4091-BC89-680C1191B5B0,ACC,phase1,5,106,20,86,C,10
A1DCDE7C-08CE-4091-BC89-680C1191B5B0,ACC,phase1,6,102,26,76,C,10
A1E4BB1B-514A-4D9B-9758-615A327E2D4F,ABC,phase2,1,1,1,0,A,3
A1E99B68-9AAB-41E4-A6D1-542F66C166E6,ACC,phase1,1,1,1,0,A,3
A1FDA888-643C-4DD3-93A2-D876C144F98E,CCC,phase2,1,318,157,161,C,10
A1FDA888-643C-4DD3-93A2-D876C144F98E,CCC,phase2,2,302,150,152,C,10
A1FDA888-643C-4DD3-93A2-D876C144F98E,CCC,phase2,3,331,157,174,C,10
A1FDA888-643C-4DD3-93A2-D876C144F98E,CCC,phase2,4,307,135,172,C,10
A1FDA888-643C-4DD3-93A2-D876C144F98E,CCC,phase2,5,360,147,213,C,10
A1FDA888-643C-4DD3-93A2-D876C144F98E,CCC,phase2,6,381,147,234,C,10
A248ACEE-BCB2-4F90-9972-87C9CCB7D677,BCC,phase2,1,31,19,12,B,6
A248ACEE-BCB2-4F90-9972-87C9CCB7D677,BCC,phase2,2,20,10,10,B,6
A248ACEE-BCB2-4F90-9972-87C9CCB7D677,BCC,phase2,3,26,7,19,C,10
A248ACEE-BCB2-4F90-9972-87C9CCB7D677,BCC,phase2,4,13,3,10,C,10
A248ACEE-BCB2-4F90-9972-87C9CCB7D677,BCC,phase2,5,19,5,14,C,10
A248ACEE-BCB2-4F90-9972-87C9CCB7D677,BCC,phase2,6,12,2,10,C,10
A2ACD438-78C9-49F6-87E4-58478E40096A,ACC,phase1,1,1,1,0,A,3
A2C0868F-3192-4131-B72A-5C7E98BF4339,ACC,phase1,1,231,84,147,A,3
A2C0868F-3192-4131-B72A-5C7E98BF4339,ACC,phase1,2,205,49,156,A,3
A2C0868F-3192-4131-B72A-5C7E98BF4339,ACC,phase1,3,219,76,143,C,10
A2C0868F-3192-4131-B72A-5C7E98BF4339,ACC,phase1,4,163,48,115,C,10
A2C0868F-3192-4131-B72A-5C7E98BF4339,ACC,phase1,5,118,37,81,C,10
A2C0868F-3192-4131-B72A-5C7E98BF4339,ACC,phase1,6,58,28,30,C,10
A2D219D0-3711-4F6E-854B-07DDF2C5D3A1,ABC,phase1,1,29,12,17,A,3
A2D219D0-3711-4F6E-854B-07DDF2C5D3A1,ABC,phase1,2,18,7,11,A,3
A352B311-1B34-44DE-B9DF-8D115415AF4D,BCC,phase1,1,14,3,11,B,6
A352B311-1B34-44DE-B9DF-8D115415AF4D,BCC,phase1,2,15,2,13,B,6
A352B311-1B34-44DE-B9DF-8D115415AF4D,BCC,phase1,3,1,0,1,C,10
A35CE54A-E6F6-4AA4-9232-4C02E4289A34,CCC,phase2,1,1,0,1,C,10
A3911D01-7057-4F03-9EC3-5ED00C0CA055,CCC,phase1,1,30,5,25,C,10
A3911D01-7057-4F03-9EC3-5ED00C0CA055,CCC,phase1,2,5,1,4,C,10
A3C18BC6-60A1-483D-8E35-34BCE4C6006E,ABC,phase1,1,102,40,62,A,3
A3C18BC6-60A1-483D-8E35-34BCE4C6006E,ABC,phase1,2,116,49,67,A,3
A3C18BC6-60A1-483D-8E35-34BCE4C6006E,ABC,phase1,3,49,14,35,B,6
A3C18BC6-60A1-483D-8E35-34BCE4C6006E,ABC,phase1,4,50,8,42,B,6
A3C18BC6-60A1-483D-8E35-34BCE4C6006E,ABC,phase1,5,57,20,37,C,10
A3C18BC6-60A1-483D-8E35-34BCE4C6006E,ABC,phase1,6,28,8,20,C,10
A405AE2C-24BB-400D-8F5F-A54F0664DAC3,BCC,phase1,1,10,9,1,B,6
A466DF76-8910-45DF-92E7-00AF0D6DCB66,CCC,phase2,1,35,4,31,C,10
A466DF76-8910-45DF-92E7-00AF0D6DCB66,CCC,phase2,2,46,6,40,C,10
A466DF76-8910-45DF-92E7-00AF0D6DCB66,CCC,phase2,3,29,3,26,C,10
A466DF76-8910-45DF-92E7-00AF0D6DCB66,CCC,phase2,4,10,2,8,C,10
A4A18CF5-E793-4C8C-8092-CC590240E270,BCC,phase2,1,244,152,92,B,6
A4A18CF5-E793-4C8C-8092-CC590240E270,BCC,phase2,2,295,155,140,B,6
A4A18CF5-E793-4C8C-8092-CC590240E270,BCC,phase2,3,208,100,108,C,10
A4A18CF5-E793-4C8C-8092-CC590240E270,BCC,phase2,4,1,0,1,C,10
A4B09D9E-EEBA-4A9D-9908-657567A3B618,ACC,phase1,1,34,16,18,A,3
A4B09D9E-EEBA-4A9D-9908-657567A3B618,ACC,phase1,2,48,13,35,A,3
A4B09D9E-EEBA-4A9D-9908-657567A3B618,ACC,phase1,3,30,10,20,C,10
A4B09D9E-EEBA-4A9D-9908-657567A3B618,ACC,phase1,4,36,11,25,C,10
A4B09D9E-EEBA-4A9D-9908-657567A3B618,ACC,phase1,5,25,6,19,C,10
A4B09D9E-EEBA-4A9D-9908-657567A3B618,ACC,phase1,6,15,1,14,C,10
A4B1C7C4-1D99-4470-A2CC-EEA80FDC9DED,ACC,phase2,1,103,25,78,A,3
A4B1C7C4-1D99-4470-A2CC-EEA80FDC9DED,ACC,phase2,2,84,14,70,A,3
A4B1C7C4-1D99-4470-A2CC-EEA80FDC9DED,ACC,phase2,3,115,29,86,C,10
A4B1C7C4-1D99-4470-A2CC-EEA80FDC9DED,ACC,phase2,4,36,8,28,C,10
A4CC9366-FFDE-4597-A6AE-0F7FE1A3DA26,ABC,phase1,1,86,17,69,A,3
A4CC9366-FFDE-4597-A6AE-0F7FE1A3DA26,ABC,phase1,2,90,15,75,A,3
A4CC9366-FFDE-4597-A6AE-0F7FE1A3DA26,ABC,phase1,3,103,11,92,B,6
A4CC9366-FFDE-4597-A6AE-0F7FE1A3DA26,ABC,phase1,4,92,6,86,B,6
A4CC9366-FFDE-4597-A6AE-0F7FE1A3DA26,ABC,phase1,5,85,13,72,C,10
A4CC9366-FFDE-4597-A6AE-0F7FE1A3DA26,ABC,phase1,6,49,6,43,C,10
A4ECC463-DE1B-43AC-B0FC-CD489A7124BF,ABC,phase2,1,9,4,5,A,3
A558AA6D-35BD-4FEC-A4E5-DA16FF7A735D,ACC,phase2,1,1,1,0,A,3
A5652129-F60F-4C25-8625-B4AB67452694,ACC,phase1,1,1,1,0,A,3
A5684516-0CBD-4F81-A53C-6409B11D12ED,ABC,phase2,1,224,125,99,A,3
A5684516-0CBD-4F81-A53C-6409B11D12ED,ABC,phase2,2,143,58,85,A,3
A5684516-0CBD-4F81-A53C-6409B11D12ED,ABC,phase2,3,53,18,35,B,6
A5684516-0CBD-4F81-A53C-6409B11D12ED,ABC,phase2,4,114,46,68,B,6
A5684516-0CBD-4F81-A53C-6409B11D12ED,ABC,phase2,5,115,43,72,C,10
A5769F3E-47C9-437C-9590-757CBE6B5FE1,BCC,phase1,1,70,4,66,B,6
A5769F3E-47C9-437C-9590-757CBE6B5FE1,BCC,phase1,2,48,2,46,B,6
A5769F3E-47C9-437C-9590-757CBE6B5FE1,BCC,phase1,3,32,0,32,C,10
A5769F3E-47C9-437C-9590-757CBE6B5FE1,BCC,phase1,4,30,3,27,C,10
A5769F3E-47C9-437C-9590-757CBE6B5FE1,BCC,phase1,5,41,2,39,C,10
A5769F3E-47C9-437C-9590-757CBE6B5FE1,BCC,phase1,6,40,1,39,C,10
A594711E-50D2-40F2-ACBF-FA25AF3A7911,BCC,phase2,1,82,27,55,B,6
A594711E-50D2-40F2-ACBF-FA25AF3A7911,BCC,phase2,2,61,12,49,B,6
A594711E-50D2-40F2-ACBF-FA25AF3A7911,BCC,phase2,3,76,19,57,C,10
A594711E-50D2-40F2-ACBF-FA25AF3A7911,BCC,phase2,4,82,28,54,C,10
A594711E-50D2-40F2-ACBF-FA25AF3A7911,BCC,phase2,5,70,30,40,C,10
A594711E-50D2-40F2-ACBF-FA25AF3A7911,BCC,phase2,6,73,19,54,C,10
A5C5C6C4-806C-4073-8A2E-1D4C8AFF2619,BCC,phase2,1,1,1,0,B,6
A5F4EA6D-9C83-42B5-B615-B851E443F4E9,ACC,phase1,1,125,26,99,A,3
A5F4EA6D-9C83-42B5-B615-B851E443F4E9,ACC,phase1,2,26,2,24,A,3
A5F4EA6D-9C83-42B5-B615-B851E443F4E9,ACC,phase1,3,73,24,49,C,10
A5F4EA6D-9C83-42B5-B615-B851E443F4E9,ACC,phase1,4,114,53,61,C,10
A5F4EA6D-9C83-42B5-B615-B851E443F4E9,ACC,phase1,5,57,10,47,C,10
A5F4EA6D-9C83-42B5-B615-B851E443F4E9,ACC,phase1,6,44,9,35,C,10
A6555904-B50B-4028-B42B-A0D04524171B,ABC,phase2,1,328,38,290,A,3
A6555904-B50B-4028-B42B-A0D04524171B,ABC,phase2,2,325,30,295,A,3
A6555904-B50B-4028-B42B-A0D04524171B,ABC,phase2,3,454,54,400,B,6
A6555904-B50B-4028-B42B-A0D04524171B,ABC,phase2,4,64,12,52,B,6
A6555904-B50B-4028-B42B-A0D04524171B,ABC,phase2,5,22,13,9,C,10
A6555904-B50B-4028-B42B-A0D04524171B,ABC,phase2,6,40,7,33,C,10
A657A7F3-97CC-426F-B773-E4FFF742857F,CCC,phase2,1,140,12,128,C,10
A657A7F3-97CC-426F-B773-E4FFF742857F,CCC,phase2,2,61,5,56,C,10
A657A7F3-97CC-426F-B773-E4FFF742857F,CCC,phase2,3,56,7,49,C,10
A657A7F3-97CC-426F-B773-E4FFF742857F,CCC,phase2,4,10,0,10,C,10
A699387E-24B3-415A-B504-AD85F57E7DA6,ACC,phase1,1,31,3,28,A,3
A699387E-24B3-415A-B504-AD85F57E7DA6,ACC,phase1,2,21,4,17,A,3
A6BBEF1E-E42D-4117-A64E-99F8BCF5ED6B,BCC,phase2,1,9,3,6,B,6
A6BBEF1E-E42D-4117-A64E-99F8BCF5ED6B,BCC,phase2,2,6,1,5,B,6
A6E5C002-F110-428C-ACC0-441828DCBA02,ABC,phase2,1,13,5,8,A,3
A6E5C002-F110-428C-ACC0-441828DCBA02,ABC,phase2,2,4,3,1,A,3
A6E5C002-F110-428C-ACC0-441828DCBA02,ABC,phase2,3,54,28,26,B,6
A6E5C002-F110-428C-ACC0-441828DCBA02,ABC,phase2,4,43,20,23,B,6
A6E5C002-F110-428C-ACC0-441828DCBA02,ABC,phase2,5,16,4,12,C,10
A6E5C002-F110-428C-ACC0-441828DCBA02,ABC,phase2,6,28,5,23,C,10
A732D816-C59C-40B7-896C-FAAF056BCAA7,BCC,phase2,1,36,29,7,B,6
A732D816-C59C-40B7-896C-FAAF056BCAA7,BCC,phase2,2,10,6,4,B,6
A732D816-C59C-40B7-896C-FAAF056BCAA7,BCC,phase2,3,10,7,3,C,10
A732D816-C59C-40B7-896C-FAAF056BCAA7,BCC,phase2,4,27,2,25,C,10
A732D816-C59C-40B7-896C-FAAF056BCAA7,BCC,phase2,5,47,9,38,C,10
A732D816-C59C-40B7-896C-FAAF056BCAA7,BCC,phase2,6,46,7,39,C,10
A73F45A1-0CA8-486F-96CE-131A0C6F6938,CCC,phase1,1,29,13,16,C,10
A73F45A1-0CA8-486F-96CE-131A0C6F6938,CCC,phase1,2,0,0,0,C,10
A73F45A1-0CA8-486F-96CE-131A0C6F6938,CCC,phase1,3,10,6,4,C,10
A73F45A1-0CA8-486F-96CE-131A0C6F6938,CCC,phase1,4,12,2,10,C,10
A73F45A1-0CA8-486F-96CE-131A0C6F6938,CCC,phase1,5,6,1,5,C,10
A7D21C31-8E59-4EF3-AB3F-ACD63887B92E,ACC,phase2,1,146,38,108,A,3
A828DAF6-3D4E-4D1E-8B44-6295C7BB4F70,BCC,phase2,1,1,1,0,B,6
A87281A6-2479-4D13-8232-DA1CACF3BDCF,ACC,phase1,1,1,1,0,A,3
A8A22C2F-8953-4951-A3D4-AAABDE7756DB,CCC,phase1,1,68,24,44,C,10
A8A22C2F-8953-4951-A3D4-AAABDE7756DB,CCC,phase1,2,60,8,52,C,10
A8A22C2F-8953-4951-A3D4-AAABDE7756DB,CCC,phase1,3,90,18,72,C,10
A8A22C2F-8953-4951-A3D4-AAABDE7756DB,CCC,phase1,4,138,30,108,C,10
A8A22C2F-8953-4951-A3D4-AAABDE7756DB,CCC,phase1,5,139,40,99,C,10
A8A22C2F-8953-4951-A3D4-AAABDE7756DB,CCC,phase1,6,125,35,90,C,10
A8A7CD3E-1CC4-4212-8945-1AE36EC74001,ACC,phase2,1,44,0,44,A,3
A8A7CD3E-1CC4-4212-8945-1AE36EC74001,ACC,phase2,2,30,0,30,A,3
A8A7CD3E-1CC4-4212-8945-1AE36EC74001,ACC,phase2,3,38,4,34,C,10
A8A7CD3E-1CC4-4212-8945-1AE36EC74001,ACC,phase2,4,44,6,38,C,10
A8A7CD3E-1CC4-4212-8945-1AE36EC74001,ACC,phase2,5,31,1,30,C,10
A8A7CD3E-1CC4-4212-8945-1AE36EC74001,ACC,phase2,6,20,4,16,C,10
A8E91D4B-8133-479D-8DD7-3D6D8955473E,CCC,phase1,1,1,1,0,C,10
A8EDDB25-A98C-445F-865E-DC817B8CBC38,ACC,phase2,1,14,0,14,A,3
A8EDDB25-A98C-445F-865E-DC817B8CBC38,ACC,phase2,2,8,1,7,A,3
A8EDDB25-A98C-445F-865E-DC817B8CBC38,ACC,phase2,3,4,0,4,C,10
A8EDDB25-A98C-445F-865E-DC817B8CBC38,ACC,phase2,4,4,1,3,C,10
A8EDDB25-A98C-445F-865E-DC817B8CBC38,ACC,phase2,5,6,0,6,C,10
A8EDDB25-A98C-445F-865E-DC817B8CBC38,ACC,phase2,6,12,3,9,C,10
A9082F47-5B46-4DE8-86EA-AD4066EF9624,BCC,phase2,1,1,1,0,B,6
A91A36A7-150F-4900-B945-17B82103B4CB,CCC,phase1,1,85,43,42,C,10
A91A36A7-150F-4900-B945-17B82103B4CB,CCC,phase1,2,30,10,20,C,10
A9A12F21-37F1-4EB6-A7FA-BDBD75CCA0C4,CCC,phase1,1,1,0,1,C,10
A9B5D8B7-44C7-4A30-B216-B39BF3168A99,ACC,phase2,1,1,1,0,A,3
A9CA173E-1976-45F6-B05C-88CE8CE049A0,CCC,phase2,1,184,94,90,C,10
A9CA173E-1976-45F6-B05C-88CE8CE049A0,CCC,phase2,2,136,68,68,C,10
A9CA173E-1976-45F6-B05C-88CE8CE049A0,CCC,phase2,3,134,46,88,C,10
A9CA173E-1976-45F6-B05C-88CE8CE049A0,CCC,phase2,4,129,36,93,C,10
A9CA173E-1976-45F6-B05C-88CE8CE049A0,CCC,phase2,5,95,26,69,C,10
A9CA173E-1976-45F6-B05C-88CE8CE049A0,CCC,phase2,6,75,22,53,C,10
A9CD4C49-109B-4BE6-9217-A602CC914B86,CCC,phase1,1,122,16,106,C,10
A9CD4C49-109B-4BE6-9217-A602CC914B86,CCC,phase1,2,83,2,81,C,10
A9CD4C49-109B-4BE6-9217-A602CC914B86,CCC,phase1,3,68,5,63,C,10
A9CD4C49-109B-4BE6-9217-A602CC914B86,CCC,phase1,4,12,0,12,C,10
A9E6515B-DD6C-41EC-ACB9-0040AE89903A,ACC,phase1,1,772,429,343,A,3
A9E6515B-DD6C-41EC-ACB9-0040AE89903A,ACC,phase1,2,610,376,234,A,3
A9EB8FAD-E41D-44D3-92E1-1E804E42B790,ABC,phase1,1,114,21,93,A,3
A9EB8FAD-E41D-44D3-92E1-1E804E42B790,ABC,phase1,2,83,2,81,A,3
AA05D7CC-FD71-403F-8EC5-9A7042EFF394,ABC,phase2,1,84,34,50,A,3
AA05D7CC-FD71-403F-8EC5-9A7042EFF394,ABC,phase2,2,46,14,32,A,3
AA05D7CC-FD71-403F-8EC5-9A7042EFF394,ABC,phase2,3,59,13,46,B,6
AA05D7CC-FD71-403F-8EC5-9A7042EFF394,ABC,phase2,4,63,26,37,B,6
AA05D7CC-FD71-403F-8EC5-9A7042EFF394,ABC,phase2,5,90,41,49,C,10
AA05D7CC-FD71-403F-8EC5-9A7042EFF394,ABC,phase2,6,38,8,30,C,10
AA5422B4-515B-4FE5-822A-78717593FC0D,ACC,phase2,1,109,9,100,A,3
AA5422B4-515B-4FE5-822A-78717593FC0D,ACC,phase2,2,37,1,36,A,3
AA9225C8-B6C5-463E-AEB8-A50F91D80036,ACC,phase2,1,170,80,90,A,3
AA9225C8-B6C5-463E-AEB8-A50F91D80036,ACC,phase2,2,153,54,99,A,3
AA9225C8-B6C5-463E-AEB8-A50F91D80036,ACC,phase2,3,106,45,61,C,10
AA9225C8-B6C5-463E-AEB8-A50F91D80036,ACC,phase2,4,98,36,62,C,10
AA9225C8-B6C5-463E-AEB8-A50F91D80036,ACC,phase2,5,88,13,75,C,10
AA9225C8-B6C5-463E-AEB8-A50F91D80036,ACC,phase2,6,92,27,65,C,10
AABC17C3-77E2-49CC-9B28-CE17E5103431,BCC,phase2,1,1,0,1,B,6
AAC9EAB7-FE10-4A30-AAE6-65E9443CD6C7,CCC,phase2,1,11,5,6,C,10
AAC9EAB7-FE10-4A30-AAE6-65E9443CD6C7,CCC,phase2,2,31,8,23,C,10
AAC9EAB7-FE10-4A30-AAE6-65E9443CD6C7,CCC,phase2,3,17,4,13,C,10
AAD852B6-8A83-4DD7-A213-0BFE5922E097,ACC,phase2,1,38,9,29,A,3
AAD852B6-8A83-4DD7-A213-0BFE5922E097,ACC,phase2,2,24,8,16,A,3
AAD852B6-8A83-4DD7-A213-0BFE5922E097,ACC,phase2,3,2,1,1,C,10
AAD852B6-8A83-4DD7-A213-0BFE5922E097,ACC,phase2,4,11,3,8,C,10
AAD852B6-8A83-4DD7-A213-0BFE5922E097,ACC,phase2,5,9,2,7,C,10
AADDDE5A-3201-4ABF-AAC0-CEFB033127B5,CCC,phase2,1,12,2,10,C,10
AADDDE5A-3201-4ABF-AAC0-CEFB033127B5,CCC,phase2,2,7,2,5,C,10
AAE37156-C1B3-45FA-9027-112841CA704B,ACC,phase1,1,32,13,19,A,3
AAF0CCD8-4995-47A0-B44E-3D76E2DB94EA,ACC,phase2,1,9,2,7,A,3
AAF0CCD8-4995-47A0-B44E-3D76E2DB94EA,ACC,phase2,2,2,0,2,A,3
AAF13EDB-B1DF-4277-8BA6-EA162140E124,ACC,phase2,1,17,1,16,A,3
AAF13EDB-B1DF-4277-8BA6-EA162140E124,ACC,phase2,2,18,0,18,A,3
AB466A97-5ECB-494B-BBA8-8AC77B8BCBB9,ABC,phase2,1,138,17,121,A,3
AB466A97-5ECB-494B-BBA8-8AC77B8BCBB9,ABC,phase2,2,169,20,149,A,3
AB466A97-5ECB-494B-BBA8-8AC77B8BCBB9,ABC,phase2,3,112,15,97,B,6
AB466A97-5ECB-494B-BBA8-8AC77B8BCBB9,ABC,phase2,4,98,23,75,B,6
AB4AE063-E73F-4E84-B08C-9E9F5ECA99B9,ABC,phase1,1,205,35,170,A,3
AB4AE063-E73F-4E84-B08C-9E9F5ECA99B9,ABC,phase1,2,139,21,118,A,3
AB4AE063-E73F-4E84-B08C-9E9F5ECA99B9,ABC,phase1,3,98,17,81,B,6
AB4AE063-E73F-4E84-B08C-9E9F5ECA99B9,ABC,phase1,4,83,10,73,B,6
AB652085-BC7D-4D43-9E3D-38427B7D43B9,ACC,phase1,1,393,115,278,A,3
AB652085-BC7D-4D43-9E3D-38427B7D43B9,ACC,phase1,2,306,69,237,A,3
AB652085-BC7D-4D43-9E3D-38427B7D43B9,ACC,phase1,3,370,91,279,C,10
AB652085-BC7D-4D43-9E3D-38427B7D43B9,ACC,phase1,4,361,106,255,C,10
AB652085-BC7D-4D43-9E3D-38427B7D43B9,ACC,phase1,5,352,85,267,C,10
AB652085-BC7D-4D43-9E3D-38427B7D43B9,ACC,phase1,6,212,44,168,C,10
AB6AB9AC-F00A-4FE5-BDAA-55AFECDBC741,CCC,phase1,1,59,25,34,C,10
AB6AB9AC-F00A-4FE5-BDAA-55AFECDBC741,CCC,phase1,2,85,43,42,C,10
AB6AB9AC-F00A-4FE5-BDAA-55AFECDBC741,CCC,phase1,3,170,70,100,C,10
AB6AB9AC-F00A-4FE5-BDAA-55AFECDBC741,CCC,phase1,4,135,63,72,C,10
AB6AB9AC-F00A-4FE5-BDAA-55AFECDBC741,CCC,phase1,5,142,48,94,C,10
AB6AB9AC-F00A-4FE5-BDAA-55AFECDBC741,CCC,phase1,6,147,64,83,C,10
AB716170-9777-465E-9BE3-EA501B273DC9,ACC,phase1,1,117,64,53,A,3
AB716170-9777-465E-9BE3-EA501B273DC9,ACC,phase1,2,9,0,9,A,3
AB716170-9777-465E-9BE3-EA501B273DC9,ACC,phase1,3,82,64,18,C,10
AB716170-9777-465E-9BE3-EA501B273DC9,ACC,phase1,4,28,10,18,C,10
AB716170-9777-465E-9BE3-EA501B273DC9,ACC,phase1,5,26,9,17,C,10
AB716170-9777-465E-9BE3-EA501B273DC9,ACC,phase1,6,16,6,10,C,10
ABBFDCD4-CB56-4BB1-86E7-38209E20AF57,BCC,phase2,1,232,54,178,B,6
ABD2433A-4032-4E71-A94C-1E42E587E0C3,BCC,phase1,1,84,20,64,B,6
ABD2433A-4032-4E71-A94C-1E42E587E0C3,BCC,phase1,2,101,21,80,B,6
ABD2433A-4032-4E71-A94C-1E42E587E0C3,BCC,phase1,3,87,12,75,C,10
ABD2433A-4032-4E71-A94C-1E42E587E0C3,BCC,phase1,4,157,32,125,C,10
ABD2433A-4032-4E71-A94C-1E42E587E0C3,BCC,phase1,5,38,9,29,C,10
ABD9F7C3-DC1E-4C4D-A3F8-5A39AC35FB1E,CCC,phase2,1,1,1,0,C,10
AC088165-A020-4689-B40E-0B2974DA105C,ABC,phase2,1,141,37,104,A,3
AC088165-A020-4689-B40E-0B2974DA105C,ABC,phase2,2,126,20,106,A,3
AC088165-A020-4689-B40E-0B2974DA105C,ABC,phase2,3,107,12,95,B,6
AC088165-A020-4689-B40E-0B2974DA105C,ABC,phase2,4,96,5,91,B,6
AC36AD40-A50B-4BE8-B40E-F2A1B9A2DF06,CCC,phase1,1,1,1,0,C,10
AC3EA46A-024F-4F04-90F2-FD6BFC73F139,ABC,phase2,1,44,18,26,A,3
AC3EA46A-024F-4F04-90F2-FD6BFC73F139,ABC,phase2,2,38,10,28,A,3
AC3EA46A-024F-4F04-90F2-FD6BFC73F139,ABC,phase2,3,28,4,24,B,6
AC3EA46A-024F-4F04-90F2-FD6BFC73F139,ABC,phase2,4,26,4,22,B,6
AC3EA46A-024F-4F04-90F2-FD6BFC73F139,ABC,phase2,5,30,5,25,C,10
AC3EA46A-024F-4F04-90F2-FD6BFC73F139,ABC,phase2,6,35,10,25,C,10
AC92AA5C-1D90-4552-B89A-B0B6220E13F1,CCC,phase2,1,7,6,1,C,10
ACB5DDE9-237B-41F8-8A13-7779145325DD,CCC,phase2,1,3,3,0,C,10
ACB5DDE9-237B-41F8-8A13-7779145325DD,CCC,phase2,2,0,0,0,C,10
ACB5DDE9-237B-41F8-8A13-7779145325DD,CCC,phase2,3,0,0,0,C,10
ACB5DDE9-237B-41F8-8A13-7779145325DD,CCC,phase2,4,4,0,4,C,10
ACB5DDE9-237B-41F8-8A13-7779145325DD,CCC,phase2,5,11,1,10,C,10
ACEB22A7-F52B-4DC9-99A6-4783CC03901A,ACC,phase1,1,105,17,88,A,3
ACEB22A7-F52B-4DC9-99A6-4783CC03901A,ACC,phase1,2,20,2,18,A,3
ACF5DB83-DE31-4ED2-AF95-C05754FBFD79,ACC,phase1,1,88,31,57,A,3
ACF5DB83-DE31-4ED2-AF95-C05754FBFD79,ACC,phase1,2,85,6,79,A,3
ACF5DB83-DE31-4ED2-AF95-C05754FBFD79,ACC,phase1,3,100,16,84,C,10
ACF5DB83-DE31-4ED2-AF95-C05754FBFD79,ACC,phase1,4,55,7,48,C,10
ACF5DB83-DE31-4ED2-AF95-C05754FBFD79,ACC,phase1,5,42,5,37,C,10
ACF5DB83-DE31-4ED2-AF95-C05754FBFD79,ACC,phase1,6,51,7,44,C,10
AD184014-533A-4AAA-8D71-B5ED50264099,ACC,phase2,1,76,10,66,A,3
AD184014-533A-4AAA-8D71-B5ED50264099,ACC,phase2,2,50,5,45,A,3
AD184014-533A-4AAA-8D71-B5ED50264099,ACC,phase2,3,85,11,74,C,10
AD184014-533A-4AAA-8D71-B5ED50264099,ACC,phase2,4,68,12,56,C,10
AD184014-533A-4AAA-8D71-B5ED50264099,ACC,phase2,5,11,3,8,C,10
AD184014-533A-4AAA-8D71-B5ED50264099,ACC,phase2,6,31,7,24,C,10
AD2575CF-9939-40F9-A741-D4731361959B,BCC,phase2,1,1,1,0,B,6
AD5DE18A-0CC7-4C63-A1A1-E0E0DAAC3B79,CCC,phase2,1,7,5,2,C,10
AD5DE18A-0CC7-4C63-A1A1-E0E0DAAC3B79,CCC,phase2,2,2,1,1,C,10
AD5DE18A-0CC7-4C63-A1A1-E0E0DAAC3B79,CCC,phase2,3,1,0,1,C,10
AD625FB3-42C8-428A-A717-1DE75167F472,CCC,phase1,1,74,32,42,C,10
AD709402-E1C4-4CEC-B5B9-DEB3EA5CC2A4,ABC,phase1,1,208,81,127,A,3
AD709402-E1C4-4CEC-B5B9-DEB3EA5CC2A4,ABC,phase1,2,137,38,99,A,3
AD709402-E1C4-4CEC-B5B9-DEB3EA5CC2A4,ABC,phase1,3,120,47,73,B,6
AD709402-E1C4-4CEC-B5B9-DEB3EA5CC2A4,ABC,phase1,4,105,61,44,B,6
AD709402-E1C4-4CEC-B5B9-DEB3EA5CC2A4,ABC,phase1,5,233,135,98,C,10
AD709402-E1C4-4CEC-B5B9-DEB3EA5CC2A4,ABC,phase1,6,184,102,82,C,10
AD9B404B-DE40-48EE-A214-25DD5ADA8C4A,BCC,phase2,1,10,2,8,B,6
AD9B404B-DE40-48EE-A214-25DD5ADA8C4A,BCC,phase2,2,2,0,2,B,6
ADAB90CD-6CB8-4AE8-A3CD-EA04C90588B6,BCC,phase1,1,47,20,27,B,6
ADAB90CD-6CB8-4AE8-A3CD-EA04C90588B6,BCC,phase1,2,42,2,40,B,6
ADAB90CD-6CB8-4AE8-A3CD-EA04C90588B6,BCC,phase1,3,44,2,42,C,10
ADAB90CD-6CB8-4AE8-A3CD-EA04C90588B6,BCC,phase1,4,16,0,16,C,10
ADAB90CD-6CB8-4AE8-A3CD-EA04C90588B6,BCC,phase1,5,72,5,67,C,10
ADAB90CD-6CB8-4AE8-A3CD-EA04C90588B6,BCC,phase1,6,133,4,129,C,10
ADB6C73A-10B2-4A24-9275-4A64A080BB81,CCC,phase2,1,502,235,267,C,10
ADB6C73A-10B2-4A24-9275-4A64A080BB81,CCC,phase2,2,400,160,240,C,10
ADB6C73A-10B2-4A24-9275-4A64A080BB81,CCC,phase2,3,408,192,216,C,10
ADB6C73A-10B2-4A24-9275-4A64A080BB81,CCC,phase2,4,10,5,5,C,10
ADCC9E27-859B-4152-8B22-1D9A787AEC6E,ABC,phase1,1,149,56,93,A,3
ADCC9E27-859B-4152-8B22-1D9A787AEC6E,ABC,phase1,2,26,8,18,A,3
ADCC9E27-859B-4152-8B22-1D9A787AEC6E,ABC,phase1,3,32,6,26,B,6
ADCC9E27-859B-4152-8B22-1D9A787AEC6E,ABC,phase1,4,34,17,17,B,6
ADCC9E27-859B-4152-8B22-1D9A787AEC6E,ABC,phase1,5,10,2,8,C,10
ADCC9E27-859B-4152-8B22-1D9A787AEC6E,ABC,phase1,6,46,16,30,C,10
ADEE7F37-0081-4B1C-A0AC-72324A4B4609,ACC,phase2,1,5,1,4,A,3
AE5CCDC2-060F-49D2-B6DF-D096C42E5607,ACC,phase2,1,22,15,7,A,3
AE7B3B34-3977-41A4-BEE6-C6656AFE846B,CCC,phase1,1,54,46,8,C,10
AE7B3B34-3977-41A4-BEE6-C6656AFE846B,CCC,phase1,2,45,21,24,C,10
AE7B3B34-3977-41A4-BEE6-C6656AFE846B,CCC,phase1,3,56,20,36,C,10
AE7B3B34-3977-41A4-BEE6-C6656AFE846B,CCC,phase1,4,46,11,35,C,10
AE7B3B34-3977-41A4-BEE6-C6656AFE846B,CCC,phase1,5,63,15,48,C,10
AE7B3B34-3977-41A4-BEE6-C6656AFE846B,CCC,phase1,6,66,18,48,C,10
AE7DB945-F1DC-4F88-B74C-507A6C245142,ABC,phase1,1,1,1,0,A,3
AE951FB6-7BB1-45D5-B74D-5686169743C6,ACC,phase2,1,308,104,204,A,3
AE951FB6-7BB1-45D5-B74D-5686169743C6,ACC,phase2,2,124,18,106,A,3
AE951FB6-7BB1-45D5-B74D-5686169743C6,ACC,phase2,3,89,20,69,C,10
AE951FB6-7BB1-45D5-B74D-5686169743C6,ACC,phase2,4,86,16,70,C,10
AE951FB6-7BB1-45D5-B74D-5686169743C6,ACC,phase2,5,57,21,36,C,10
AE951FB6-7BB1-45D5-B74D-5686169743C6,ACC,phase2,6,66,12,54,C,10
AF063044-720E-41DB-9778-EA286F6723C4,CCC,phase1,1,986,303,683,C,10
AF063044-720E-41DB-9778-EA286F6723C4,CCC,phase1,2,822,145,677,C,10
AF063044-720E-41DB-9778-EA286F6723C4,CCC,phase1,3,648,98,550,C,10
AF063044-720E-41DB-9778-EA286F6723C4,CCC,phase1,4,463,55,408,C,10
AF063044-720E-41DB-9778-EA286F6723C4,CCC,phase1,5,394,53,341,C,10
AF063044-720E-41DB-9778-EA286F6723C4,CCC,phase1,6,510,79,431,C,10
AF3DE166-278A-4016-A22A-6E99B3E35DB3,ABC,phase1,1,1,0,1,A,3
AF62631A-2877-4DAC-8CEA-8F6858418073,ACC,phase2,1,49,8,41,A,3
AF62631A-2877-4DAC-8CEA-8F6858418073,ACC,phase2,2,42,4,38,A,3
AF62631A-2877-4DAC-8CEA-8F6858418073,ACC,phase2,3,40,6,34,C,10
AF62631A-2877-4DAC-8CEA-8F6858418073,ACC,phase2,4,25,6,19,C,10
AF964CC7-7391-4A3C-9DA9-90FE3A0FCD89,ACC,phase2,1,1,0,1,A,3
AF9DFC52-F8B3-4170-BB8C-04F995E5BF56,ABC,phase2,1,1,1,0,A,3
AFB44A4B-67B2-4178-ADF3-8486D7B3EDB4,ABC,phase2,1,401,152,249,A,3
AFB44A4B-67B2-4178-ADF3-8486D7B3EDB4,ABC,phase2,2,442,199,243,A,3
AFB44A4B-67B2-4178-ADF3-8486D7B3EDB4,ABC,phase2,3,247,71,176,B,6
AFB44A4B-67B2-4178-ADF3-8486D7B3EDB4,ABC,phase2,4,31,4,27,B,6
AFB44A4B-67B2-4178-ADF3-8486D7B3EDB4,ABC,phase2,5,28,6,22,C,10
AFB44A4B-67B2-4178-ADF3-8486D7B3EDB4,ABC,phase2,6,26,5,21,C,10
AFC032A1-B9B7-4130-8F6F-8A33A478E045,ABC,phase2,1,118,12,106,A,3
AFC032A1-B9B7-4130-8F6F-8A33A478E045,ABC,phase2,2,164,14,150,A,3
AFC032A1-B9B7-4130-8F6F-8A33A478E045,ABC,phase2,3,110,9,101,B,6
AFC032A1-B9B7-4130-8F6F-8A33A478E045,ABC,phase2,4,115,8,107,B,6
AFC032A1-B9B7-4130-8F6F-8A33A478E045,ABC,phase2,5,83,5,78,C,10
AFC032A1-B9B7-4130-8F6F-8A33A478E045,ABC,phase2,6,94,14,80,C,10
AFCAAC31-1509-420B-8317-A0BBBDD4B576,ABC,phase1,1,19,10,9,A,3
AFCAAC31-1509-420B-8317-A0BBBDD4B576,ABC,phase1,2,23,4,19,A,3
AFCAAC31-1509-420B-8317-A0BBBDD4B576,ABC,phase1,3,8,2,6,B,6
AFCAAC31-1509-420B-8317-A0BBBDD4B576,ABC,phase1,4,6,0,6,B,6
AFCAAC31-1509-420B-8317-A0BBBDD4B576,ABC,phase1,5,6,3,3,C,10
AFCAAC31-1509-420B-8317-A0BBBDD4B576,ABC,phase1,6,5,1,4,C,10
AFD0DB21-80EC-4116-A518-168F188D8D10,CCC,phase1,1,23,2,21,C,10
AFFE6A01-6488-47B5-8389-D647B34E0A1F,CCC,phase1,1,285,157,128,C,10
AFFE6A01-6488-47B5-8389-D647B34E0A1F,CCC,phase1,2,499,350,149,C,10
AFFE6A01-6488-47B5-8389-D647B34E0A1F,CCC,phase1,3,303,157,146,C,10
AFFE6A01-6488-47B5-8389-D647B34E0A1F,CCC,phase1,4,269,96,173,C,10
AFFE6A01-6488-47B5-8389-D647B34E0A1F,CCC,phase1,5,288,113,175,C,10
AFFE6A01-6488-47B5-8389-D647B34E0A1F,CCC,phase1,6,293,94,199,C,10
B00A7BA8-555A-4CA3-955A-A6575B55207D,ACC,phase2,1,133,31,102,A,3
B00A7BA8-555A-4CA3-955A-A6575B55207D,ACC,phase2,2,110,28,82,A,3
B00A7BA8-555A-4CA3-955A-A6575B55207D,ACC,phase2,3,68,20,48,C,10
B00A7BA8-555A-4CA3-955A-A6575B55207D,ACC,phase2,4,73,11,62,C,10
B00A7BA8-555A-4CA3-955A-A6575B55207D,ACC,phase2,5,77,11,66,C,10
B00A7BA8-555A-4CA3-955A-A6575B55207D,ACC,phase2,6,44,8,36,C,10
B013CC6D-CF73-4269-8857-8ED945B8CF24,BCC,phase1,1,253,147,106,B,6
B013CC6D-CF73-4269-8857-8ED945B8CF24,BCC,phase1,2,167,66,101,B,6
B013CC6D-CF73-4269-8857-8ED945B8CF24,BCC,phase1,3,159,63,96,C,10
B013CC6D-CF73-4269-8857-8ED945B8CF24,BCC,phase1,4,109,26,83,C,10
B013CC6D-CF73-4269-8857-8ED945B8CF24,BCC,phase1,5,129,37,92,C,10
B013CC6D-CF73-4269-8857-8ED945B8CF24,BCC,phase1,6,99,27,72,C,10
B019A93F-25AA-4AF5-AE6B-57705B1F7AAC,CCC,phase1,1,1,0,1,C,10
B01DBA40-0EBF-45D7-B14F-FDC615CE3E5F,BCC,phase2,1,177,107,70,B,6
B01DBA40-0EBF-45D7-B14F-FDC615CE3E5F,BCC,phase2,2,52,33,19,B,6
B02D6DFA-91B9-4C7A-9407-E6C232CA13A3,ABC,phase1,1,167,45,122,A,3
B06C4EA3-BF64-463F-9225-A892D51FD637,ACC,phase2,1,87,18,69,A,3
B06C4EA3-BF64-463F-9225-A892D51FD637,ACC,phase2,2,115,17,98,A,3
B06C4EA3-BF64-463F-9225-A892D51FD637,ACC,phase2,3,66,19,47,C,10
B06C4EA3-BF64-463F-9225-A892D51FD637,ACC,phase2,4,32,8,24,C,10
B06C4EA3-BF64-463F-9225-A892D51FD637,ACC,phase2,5,61,13,48,C,10
B06C4EA3-BF64-463F-9225-A892D51FD637,ACC,phase2,6,3,0,3,C,10
B08E5C7E-94B1-4C5E-821B-29EAF0B092CC,BCC,phase1,1,55,13,42,B,6
B08E5C7E-94B1-4C5E-821B-29EAF0B092CC,BCC,phase1,2,20,5,15,B,6
B0B7FDCC-03F9-490F-8666-F8EEB8195922,BCC,phase2,1,107,18,89,B,6
B0B7FDCC-03F9-490F-8666-F8EEB8195922,BCC,phase2,2,79,4,75,B,6
B0B7FDCC-03F9-490F-8666-F8EEB8195922,BCC,phase2,3,54,4,50,C,10
B0B7FDCC-03F9-490F-8666-F8EEB8195922,BCC,phase2,4,36,3,33,C,10
B0C0E07A-FB53-44C9-88BB-EBCE8DDBC624,ABC,phase1,1,165,37,128,A,3
B13AB8D0-DBCD-4005-B615-152F64D655CC,ABC,phase2,1,7,3,4,A,3
B1455691-CE03-465A-87A6-54A4A6A162FF,ACC,phase1,1,30,6,24,A,3
B17B21B1-26AC-4650-A933-A78F240B3EE3,ABC,phase2,1,77,35,42,A,3
B18B2698-9B1B-4CF3-BDEF-FC57B85776EF,ABC,phase1,1,1,0,1,A,3
B18F414A-D17B-48B4-9767-D5E583571682,CCC,phase2,1,19,2,17,C,10
B1C90D28-7626-4A2B-A3F1-3F4136CD2CCF,ABC,phase2,1,39,2,37,A,3
B1C90D28-7626-4A2B-A3F1-3F4136CD2CCF,ABC,phase2,2,10,1,9,A,3
B1C90D28-7626-4A2B-A3F1-3F4136CD2CCF,ABC,phase2,3,3,0,3,B,6
B1C90D28-7626-4A2B-A3F1-3F4136CD2CCF,ABC,phase2,4,0,0,0,B,6
B1C90D28-7626-4A2B-A3F1-3F4136CD2CCF,ABC,phase2,5,9,0,9,C,10
B22A015C-23EE-4306-9CF3-B8633FFF070B,ACC,phase2,1,440,145,295,A,3
B22A015C-23EE-4306-9CF3-B8633FFF070B,ACC,phase2,2,68,26,42,A,3
B2361F68-CAB7-44C6-9FBD-0DA7921FA500,BCC,phase1,1,192,46,146,B,6
B2361F68-CAB7-44C6-9FBD-0DA7921FA500,BCC,phase1,2,100,32,68,B,6
B2361F68-CAB7-44C6-9FBD-0DA7921FA500,BCC,phase1,3,3,1,2,C,10
B2554DDF-EB08-485D-957F-F978777857AD,CCC,phase1,1,300,159,141,C,10
B2554DDF-EB08-485D-957F-F978777857AD,CCC,phase1,2,106,53,53,C,10
B2554DDF-EB08-485D-957F-F978777857AD,CCC,phase1,3,107,49,58,C,10
B2554DDF-EB08-485D-957F-F978777857AD,CCC,phase1,4,81,41,40,C,10
B2554DDF-EB08-485D-957F-F978777857AD,CCC,phase1,5,90,26,64,C,10
B2554DDF-EB08-485D-957F-F978777857AD,CCC,phase1,6,118,43,75,C,10
B2597158-1E20-40AB-B48E-A78CDB74106B,BCC,phase1,1,5,2,3,B,6
B2981B4B-76BC-46AA-8803-D71999EA334D,ACC,phase1,1,1,1,0,A,3
B29F2F47-2739-4463-8FCA-EFB9D902EA13,ABC,phase1,1,74,2,72,A,3
B29F2F47-2739-4463-8FCA-EFB9D902EA13,ABC,phase1,2,94,6,88,A,3
B29F2F47-2739-4463-8FCA-EFB9D902EA13,ABC,phase1,3,93,2,91,B,6
B29F2F47-2739-4463-8FCA-EFB9D902EA13,ABC,phase1,4,55,2,53,B,6
B2B339AC-3CCE-4F6E-B65E-5E29330799D0,CCC,phase2,1,24,2,22,C,10
B2B339AC-3CCE-4F6E-B65E-5E29330799D0,CCC,phase2,2,34,0,34,C,10
B2B339AC-3CCE-4F6E-B65E-5E29330799D0,CCC,phase2,3,15,1,14,C,10
B2CD5E1D-D8CF-4B67-9FD9-437B74DAA11A,BCC,phase2,1,410,136,274,B,6
B2F6C59E-5746-4B0D-B8B1-767047219F0C,ABC,phase1,1,3,0,3,A,3
B3104E10-237B-4F12-A4DE-CB28481E6341,ACC,phase1,1,82,21,61,A,3
B3104E10-237B-4F12-A4DE-CB28481E6341,ACC,phase1,2,17,5,12,A,3
B3435070-160C-49E2-9250-BB652D09FACF,CCC,phase2,1,1,1,0,C,10
B3CF0D11-D87B-446A-B777-D30534402019,BCC,phase1,1,49,5,44,B,6
B3CF0D11-D87B-446A-B777-D30534402019,BCC,phase1,2,59,5,54,B,6
B3CF0D11-D87B-446A-B777-D30534402019,BCC,phase1,3,65,7,58,C,10
B3CF0D11-D87B-446A-B777-D30534402019,BCC,phase1,4,44,1,43,C,10
B3CF0D11-D87B-446A-B777-D30534402019,BCC,phase1,5,55,14,41,C,10
B3CF0D11-D87B-446A-B777-D30534402019,BCC,phase1,6,46,11,35,C,10
B3DEDA27-04BA-48A6-8231-F8000F06AACC,ABC,phase1,1,145,43,102,A,3
B3DEDA27-04BA-48A6-8231-F8000F06AACC,ABC,phase1,2,182,39,143,A,3
B3DEDA27-04BA-48A6-8231-F8000F06AACC,ABC,phase1,3,111,27,84,B,6
B3DEDA27-04BA-48A6-8231-F8000F06AACC,ABC,phase1,4,11,2,9,B,6
B3DEDA27-04BA-48A6-8231-F8000F06AACC,ABC,phase1,5,35,15,20,C,10
B3DEDA27-04BA-48A6-8231-F8000F06AACC,ABC,phase1,6,84,26,58,C,10
B41E01E7-8C08-49EA-BB98-BA630EA61D9B,ABC,phase2,1,1,1,0,A,3
B433D956-5AF6-4C09-8019-215235B816FB,ABC,phase2,1,335,70,265,A,3
B433D956-5AF6-4C09-8019-215235B816FB,ABC,phase2,2,132,27,105,A,3
B433D956-5AF6-4C09-8019-215235B816FB,ABC,phase2,3,147,32,115,B,6
B433D956-5AF6-4C09-8019-215235B816FB,ABC,phase2,4,61,21,40,B,6
B46550F3-9D8A-42B6-A881-2DB0FF348A79,ABC,phase2,1,1,0,1,A,3
B5143A1F-66A3-4F20-8B75-26E15D257001,CCC,phase2,1,76,18,58,C,10
B5143A1F-66A3-4F20-8B75-26E15D257001,CCC,phase2,2,72,15,57,C,10
B5143A1F-66A3-4F20-8B75-26E15D257001,CCC,phase2,3,68,16,52,C,10
B51C1AD9-6FC5-4971-A420-1FD9534633E6,ACC,phase1,1,11,11,0,A,3
B559FB3E-ABA2-4ABF-9E4C-67C9E481C39E,BCC,phase1,1,283,116,167,B,6
B559FB3E-ABA2-4ABF-9E4C-67C9E481C39E,BCC,phase1,2,176,62,114,B,6
B559FB3E-ABA2-4ABF-9E4C-67C9E481C39E,BCC,phase1,3,115,54,61,C,10
B5C35F41-9A27-4EF6-9EE9-479B86F5B142,CCC,phase1,1,426,252,174,C,10
B5C35F41-9A27-4EF6-9EE9-479B86F5B142,CCC,phase1,2,362,156,206,C,10
B5C35F41-9A27-4EF6-9EE9-479B86F5B142,CCC,phase1,3,368,118,250,C,10
B5C35F41-9A27-4EF6-9EE9-479B86F5B142,CCC,phase1,4,401,189,212,C,10
B5C35F41-9A27-4EF6-9EE9-479B86F5B142,CCC,phase1,5,363,135,228,C,10
B5C35F41-9A27-4EF6-9EE9-479B86F5B142,CCC,phase1,6,119,40,79,C,10
B5D1E6FC-DA28-496A-B2D9-A964949B243D,BCC,phase1,1,117,29,88,B,6
B5D1E6FC-DA28-496A-B2D9-A964949B243D,BCC,phase1,2,107,27,80,B,6
B5D1E6FC-DA28-496A-B2D9-A964949B243D,BCC,phase1,3,96,11,85,C,10
B5D1E6FC-DA28-496A-B2D9-A964949B243D,BCC,phase1,4,149,59,90,C,10
B5D1E6FC-DA28-496A-B2D9-A964949B243D,BCC,phase1,5,132,45,87,C,10
B5D1E6FC-DA28-496A-B2D9-A964949B243D,BCC,phase1,6,78,16,62,C,10
B5E65A35-511F-47FD-8D2E-CA62306EB23A,ABC,phase1,1,2,2,0,A,3
B61F4D33-A5DA-45D7-9FD8-71DA4B88F7FE,ABC,phase1,1,69,10,59,A,3
B651FD07-89E9-44AB-A7E1-B6EB8E5CCA1D,ABC,phase2,1,59,15,44,A,3
B651FD07-89E9-44AB-A7E1-B6EB8E5CCA1D,ABC,phase2,2,38,8,30,A,3
B651FD07-89E9-44AB-A7E1-B6EB8E5CCA1D,ABC,phase2,3,29,2,27,B,6
B651FD07-89E9-44AB-A7E1-B6EB8E5CCA1D,ABC,phase2,4,13,2,11,B,6
B651FD07-89E9-44AB-A7E1-B6EB8E5CCA1D,ABC,phase2,5,61,10,51,C,10
B651FD07-89E9-44AB-A7E1-B6EB8E5CCA1D,ABC,phase2,6,10,1,9,C,10
B659CD7C-BF96-482F-B493-944AEFDDEA65,CCC,phase2,1,497,85,412,C,10
B659CD7C-BF96-482F-B493-944AEFDDEA65,CCC,phase2,2,88,24,64,C,10
B659CD7C-BF96-482F-B493-944AEFDDEA65,CCC,phase2,3,56,11,45,C,10
B659CD7C-BF96-482F-B493-944AEFDDEA65,CCC,phase2,4,133,21,112,C,10
B659CD7C-BF96-482F-B493-944AEFDDEA65,CCC,phase2,5,140,32,108,C,10
B659CD7C-BF96-482F-B493-944AEFDDEA65,CCC,phase2,6,65,18,47,C,10
B6882944-6B73-4FF5-B0E2-E463B65EF3A9,CCC,phase1,1,310,72,238,C,10
B6882944-6B73-4FF5-B0E2-E463B65EF3A9,CCC,phase1,2,103,13,90,C,10
B702CB21-2D8B-4A7E-94BF-9FF17D3A32DD,BCC,phase2,1,16,0,16,B,6
B702CB21-2D8B-4A7E-94BF-9FF17D3A32DD,BCC,phase2,2,11,0,11,B,6
B7750990-2183-440C-A383-D636654B4319,CCC,phase1,1,85,29,56,C,10
B7750990-2183-440C-A383-D636654B4319,CCC,phase1,2,72,22,50,C,10
B7750990-2183-440C-A383-D636654B4319,CCC,phase1,3,67,14,53,C,10
B7750990-2183-440C-A383-D636654B4319,CCC,phase1,4,17,6,11,C,10
B7750990-2183-440C-A383-D636654B4319,CCC,phase1,5,19,9,10,C,10
B7750990-2183-440C-A383-D636654B4319,CCC,phase1,6,36,13,23,C,10
B776C0AA-D7D7-4A87-8B21-82FED9DA58F2,CCC,phase1,1,1,1,0,C,10
B781A7EC-07A3-4A3C-A3FA-CC0EDE269B9D,CCC,phase1,1,4,4,0,C,10
B781A7EC-07A3-4A3C-A3FA-CC0EDE269B9D,CCC,phase1,2,1,1,0,C,10
B79D84FB-168C-4D77-AFED-41AE2AA9D609,BCC,phase2,1,156,38,118,B,6
B79D84FB-168C-4D77-AFED-41AE2AA9D609,BCC,phase2,2,146,25,121,B,6
B79D84FB-168C-4D77-AFED-41AE2AA9D609,BCC,phase2,3,191,40,151,C,10
B79D84FB-168C-4D77-AFED-41AE2AA9D609,BCC,phase2,4,136,43,93,C,10
B79D84FB-168C-4D77-AFED-41AE2AA9D609,BCC,phase2,5,137,35,102,C,10
B7ED9709-9F5C-44C9-98CD-02D617EECDB8,ABC,phase1,1,239,46,193,A,3
B7ED9709-9F5C-44C9-98CD-02D617EECDB8,ABC,phase1,2,212,37,175,A,3
B7ED9709-9F5C-44C9-98CD-02D617EECDB8,ABC,phase1,3,232,32,200,B,6
B7ED9709-9F5C-44C9-98CD-02D617EECDB8,ABC,phase1,4,305,41,264,B,6
B7ED9709-9F5C-44C9-98CD-02D617EECDB8,ABC,phase1,5,345,75,270,C,10
B7ED9709-9F5C-44C9-98CD-02D617EECDB8,ABC,phase1,6,226,53,173,C,10
B81416EB-5821-4EAF-906A-B2825DD0CD96,BCC,phase2,1,128,41,87,B,6
B81416EB-5821-4EAF-906A-B2825DD0CD96,BCC,phase2,2,204,28,176,B,6
B81416EB-5821-4EAF-906A-B2825DD0CD96,BCC,phase2,3,381,51,330,C,10
B81416EB-5821-4EAF-906A-B2825DD0CD96,BCC,phase2,4,257,43,214,C,10
B81416EB-5821-4EAF-906A-B2825DD0CD96,BCC,phase2,5,218,20,198,C,10
B81416EB-5821-4EAF-906A-B2825DD0CD96,BCC,phase2,6,188,31,157,C,10
B883F35A-B447-4E4C-A74F-A068B3BB9892,BCC,phase2,1,137,33,104,B,6
B883F35A-B447-4E4C-A74F-A068B3BB9892,BCC,phase2,2,134,35,99,B,6
B883F35A-B447-4E4C-A74F-A068B3BB9892,BCC,phase2,3,163,32,131,C,10
B883F35A-B447-4E4C-A74F-A068B3BB9892,BCC,phase2,4,134,37,97,C,10
B883F35A-B447-4E4C-A74F-A068B3BB9892,BCC,phase2,5,47,10,37,C,10
B8F8DC41-BF45-4766-9C74-0BBBEA492478,ABC,phase1,1,7,2,5,A,3
B8F8DC41-BF45-4766-9C74-0BBBEA492478,ABC,phase1,2,9,2,7,A,3
B8F8DC41-BF45-4766-9C74-0BBBEA492478,ABC,phase1,3,0,0,0,B,6
B8F8DC41-BF45-4766-9C74-0BBBEA492478,ABC,phase1,4,7,1,6,B,6
B8F8DC41-BF45-4766-9C74-0BBBEA492478,ABC,phase1,5,5,0,5,C,10
B8FC8C98-A99C-45E1-A941-83C774BCF89D,ACC,phase2,1,64,10,54,A,3
B94746EB-5343-4F71-B893-8985EED162AB,CCC,phase1,1,189,56,133,C,10
B94746EB-5343-4F71-B893-8985EED162AB,CCC,phase1,2,131,40,91,C,10
B94746EB-5343-4F71-B893-8985EED162AB,CCC,phase1,3,180,62,118,C,10
B94746EB-5343-4F71-B893-8985EED162AB,CCC,phase1,4,99,34,65,C,10
B94746EB-5343-4F71-B893-8985EED162AB,CCC,phase1,5,111,34,77,C,10
B94746EB-5343-4F71-B893-8985EED162AB,CCC,phase1,6,18,6,12,C,10
B9677323-21BB-4AE3-8F4A-E2073FBDF6BD,ABC,phase1,1,512,288,224,A,3
B9677323-21BB-4AE3-8F4A-E2073FBDF6BD,ABC,phase1,2,272,78,194,A,3
B9677323-21BB-4AE3-8F4A-E2073FBDF6BD,ABC,phase1,3,230,45,185,B,6
B9677323-21BB-4AE3-8F4A-E2073FBDF6BD,ABC,phase1,4,399,101,298,B,6
B9677323-21BB-4AE3-8F4A-E2073FBDF6BD,ABC,phase1,5,293,91,202,C,10
B9677323-21BB-4AE3-8F4A-E2073FBDF6BD,ABC,phase1,6,248,102,146,C,10
B96911E7-FF5D-4D0F-A6B7-63350ADF1733,BCC,phase2,1,111,54,57,B,6
B96911E7-FF5D-4D0F-A6B7-63350ADF1733,BCC,phase2,2,43,7,36,B,6
B96911E7-FF5D-4D0F-A6B7-63350ADF1733,BCC,phase2,3,25,0,25,C,10
B96911E7-FF5D-4D0F-A6B7-63350ADF1733,BCC,phase2,4,25,0,25,C,10
B96911E7-FF5D-4D0F-A6B7-63350ADF1733,BCC,phase2,5,2,1,1,C,10
B996B617-8F02-417F-B492-9073600E1AC1,CCC,phase2,1,113,58,55,C,10
B996B617-8F02-417F-B492-9073600E1AC1,CCC,phase2,2,109,43,66,C,10
B996B617-8F02-417F-B492-9073600E1AC1,CCC,phase2,3,59,28,31,C,10
B9E5BC63-F08F-491C-942E-3176A9E2EBB4,BCC,phase1,1,1,1,0,B,6
BA080CF7-9031-4D65-84A0-AF3CC0FDF811,BCC,phase2,1,4,1,3,B,6
BA080CF7-9031-4D65-84A0-AF3CC0FDF811,BCC,phase2,2,27,0,27,B,6
BA080CF7-9031-4D65-84A0-AF3CC0FDF811,BCC,phase2,3,33,0,33,C,10
BA080CF7-9031-4D65-84A0-AF3CC0FDF811,BCC,phase2,4,17,3,14,C,10
BA080CF7-9031-4D65-84A0-AF3CC0FDF811,BCC,phase2,5,3,0,3,C,10
BA080CF7-9031-4D65-84A0-AF3CC0FDF811,BCC,phase2,6,13,1,12,C,10
BA45B707-26A0-4038-B305-7032EAA051E2,CCC,phase1,1,72,22,50,C,10
BA45B707-26A0-4038-B305-7032EAA051E2,CCC,phase1,2,45,16,29,C,10
BA45B707-26A0-4038-B305-7032EAA051E2,CCC,phase1,3,27,7,20,C,10
BA45B707-26A0-4038-B305-7032EAA051E2,CCC,phase1,4,27,17,10,C,10
BA45B707-26A0-4038-B305-7032EAA051E2,CCC,phase1,5,18,13,5,C,10
BAB44892-817F-4F64-A77C-0BAE9D396BFD,BCC,phase1,1,11,2,9,B,6
BAB44892-817F-4F64-A77C-0BAE9D396BFD,BCC,phase1,2,22,4,18,B,6
BAB44892-817F-4F64-A77C-0BAE9D396BFD,BCC,phase1,3,23,3,20,C,10
BAB44892-817F-4F64-A77C-0BAE9D396BFD,BCC,phase1,4,19,3,16,C,10
BAB44892-817F-4F64-A77C-0BAE9D396BFD,BCC,phase1,5,15,1,14,C,10
BAB44892-817F-4F64-A77C-0BAE9D396BFD,BCC,phase1,6,9,0,9,C,10
BAF605E7-19D9-4D9D-806C-6FE20715AE24,ACC,phase1,1,193,59,134,A,3
BAF605E7-19D9-4D9D-806C-6FE20715AE24,ACC,phase1,2,178,44,134,A,3
BAF605E7-19D9-4D9D-806C-6FE20715AE24,ACC,phase1,3,98,61,37,C,10
BAF605E7-19D9-4D9D-806C-6FE20715AE24,ACC,phase1,4,113,59,54,C,10
BAF605E7-19D9-4D9D-806C-6FE20715AE24,ACC,phase1,5,144,79,65,C,10
BAF605E7-19D9-4D9D-806C-6FE20715AE24,ACC,phase1,6,100,45,55,C,10
BB1831DC-1474-4589-95F5-902EDF55C594,BCC,phase1,1,81,19,62,B,6
BB1D0205-9AA2-47EA-B29B-ECEF416D1A44,BCC,phase1,1,44,9,35,B,6
BB57BFF6-F5E7-4FF4-976B-3E5BA7C4CD1E,ABC,phase2,1,12,7,5,A,3
BB83768D-57B7-4D0E-907A-1ACE61B1F76A,CCC,phase1,1,48,18,30,C,10
BB8D4E86-271E-40BF-921C-B93AB7129761,CCC,phase2,1,1,1,0,C,10
BBB1EF11-5CD3-4F6B-92B9-FD76A505B30C,ACC,phase1,1,21,7,14,A,3
BC05EC18-B389-4A53-86BB-EA98A30C77BA,BCC,phase2,1,1,1,0,B,6
BC0FF32C-25CA-4EE2-9B5C-E4B944C31E05,ACC,phase2,1,57,2,55,A,3
BC0FF32C-25CA-4EE2-9B5C-E4B944C31E05,ACC,phase2,2,74,8,66,A,3
BC0FF32C-25CA-4EE2-9B5C-E4B944C31E05,ACC,phase2,3,41,6,35,C,10
BC0FF32C-25CA-4EE2-9B5C-E4B944C31E05,ACC,phase2,4,59,11,48,C,10
BC0FF32C-25CA-4EE2-9B5C-E4B944C31E05,ACC,phase2,5,3,0,3,C,10
BCB5844F-02F9-402B-987B-A01E329FE13D,CCC,phase2,1,131,52,79,C,10
BCB5844F-02F9-402B-987B-A01E329FE13D,CCC,phase2,2,121,60,61,C,10
BCB5844F-02F9-402B-987B-A01E329FE13D,CCC,phase2,3,158,62,96,C,10
BCB5844F-02F9-402B-987B-A01E329FE13D,CCC,phase2,4,199,107,92,C,10
BCB5844F-02F9-402B-987B-A01E329FE13D,CCC,phase2,5,205,89,116,C,10
BCB5844F-02F9-402B-987B-A01E329FE13D,CCC,phase2,6,114,34,80,C,10
BCFAA78F-BD6A-4E4E-8DF1-EEBD5845C59A,BCC,phase1,1,36,10,26,B,6
BD04AC89-AEC7-450C-8311-B194AB34778F,ABC,phase1,1,38,10,28,A,3
BD04AC89-AEC7-450C-8311-B194AB34778F,ABC,phase1,2,9,2,7,A,3
BD04AC89-AEC7-450C-8311-B194AB34778F,ABC,phase1,3,6,3,3,B,6
BD04AC89-AEC7-450C-8311-B194AB34778F,ABC,phase1,4,6,1,5,B,6
BD04AC89-AEC7-450C-8311-B194AB34778F,ABC,phase1,5,23,4,19,C,10
BD04AC89-AEC7-450C-8311-B194AB34778F,ABC,phase1,6,42,33,9,C,10
BD293A67-1A27-4113-9086-590DDD64E6D1,ABC,phase1,1,86,16,70,A,3
BD293A67-1A27-4113-9086-590DDD64E6D1,ABC,phase1,2,76,14,62,A,3
BD293A67-1A27-4113-9086-590DDD64E6D1,ABC,phase1,3,57,4,53,B,6
BD293A67-1A27-4113-9086-590DDD64E6D1,ABC,phase1,4,79,16,63,B,6
BD293A67-1A27-4113-9086-590DDD64E6D1,ABC,phase1,5,79,25,54,C,10
BD293A67-1A27-4113-9086-590DDD64E6D1,ABC,phase1,6,79,22,57,C,10
BD53AC88-4C83-4C14-995F-D89C9D413632,CCC,phase1,1,49,11,38,C,10
BD53AC88-4C83-4C14-995F-D89C9D413632,CCC,phase1,2,56,9,47,C,10
BD53AC88-4C83-4C14-995F-D89C9D413632,CCC,phase1,3,52,3,49,C,10
BD53AC88-4C83-4C14-995F-D89C9D413632,CCC,phase1,4,46,2,44,C,10
BD53AC88-4C83-4C14-995F-D89C9D413632,CCC,phase1,5,38,5,33,C,10
BD53AC88-4C83-4C14-995F-D89C9D413632,CCC,phase1,6,9,0,9,C,10
BD8D944C-ACC7-43B0-83A4-FF76493B4BBB,CCC,phase1,1,4,0,4,C,10
BDA70739-B996-465A-82A4-4CAEB3D00B6D,BCC,phase2,1,55,7,48,B,6
BDA70739-B996-465A-82A4-4CAEB3D00B6D,BCC,phase2,2,18,3,15,B,6
BDB54637-1D27-40E6-8274-5F62C6DA0171,ABC,phase1,1,86,19,67,A,3
BDB54637-1D27-40E6-8274-5F62C6DA0171,ABC,phase1,2,119,24,95,A,3
BDB54637-1D27-40E6-8274-5F62C6DA0171,ABC,phase1,3,117,36,81,B,6
BDB54637-1D27-40E6-8274-5F62C6DA0171,ABC,phase1,4,176,49,127,B,6
BDB54637-1D27-40E6-8274-5F62C6DA0171,ABC,phase1,5,72,36,36,C,10
BDB54637-1D27-40E6-8274-5F62C6DA0171,ABC,phase1,6,46,40,6,C,10
BDC0005C-7F6A-485F-B233-1D175D5E4902,BCC,phase2,1,66,9,57,B,6
BDD6C9BA-965C-4935-B5C0-551C76D8300B,ACC,phase1,1,201,82,119,A,3
BDD6C9BA-965C-4935-B5C0-551C76D8300B,ACC,phase1,2,167,42,125,A,3
BDD6C9BA-965C-4935-B5C0-551C76D8300B,ACC,phase1,3,224,97,127,C,10
BDD6C9BA-965C-4935-B5C0-551C76D8300B,ACC,phase1,4,183,77,106,C,10
BDD6C9BA-965C-4935-B5C0-551C76D8300B,ACC,phase1,5,172,71,101,C,10
BDD6C9BA-965C-4935-B5C0-551C76D8300B,ACC,phase1,6,105,35,70,C,10
BDEBF394-3ACD-4D87-9FE7-BAE626BF0029,ACC,phase1,1,86,5,81,A,3
BDEBF394-3ACD-4D87-9FE7-BAE626BF0029,ACC,phase1,2,91,5,86,A,3
BDEBF394-3ACD-4D87-9FE7-BAE626BF0029,ACC,phase1,3,59,4,55,C,10
BDEBF394-3ACD-4D87-9FE7-BAE626BF0029,ACC,phase1,4,60,3,57,C,10
BDEBF394-3ACD-4D87-9FE7-BAE626BF0029,ACC,phase1,5,43,1,42,C,10
BDEBF394-3ACD-4D87-9FE7-BAE626BF0029,ACC,phase1,6,62,3,59,C,10
BE1CD545-C623-46BF-A206-88DE4559331A,BCC,phase2,1,151,60,91,B,6
BE1CD545-C623-46BF-A206-88DE4559331A,BCC,phase2,2,73,19,54,B,6
BE1CD545-C623-46BF-A206-88DE4559331A,BCC,phase2,3,109,42,67,C,10
BE1CD545-C623-46BF-A206-88DE4559331A,BCC,phase2,4,124,30,94,C,10
BE1CD545-C623-46BF-A206-88DE4559331A,BCC,phase2,5,108,30,78,C,10
BE1CD545-C623-46BF-A206-88DE4559331A,BCC,phase2,6,66,10,56,C,10
BE28C6C5-AB76-48EF-974C-CE15799AB5F7,BCC,phase2,1,35,5,30,B,6
BE28C6C5-AB76-48EF-974C-CE15799AB5F7,BCC,phase2,2,21,2,19,B,6
BE2FF317-B4D8-46F2-BD6A-B8169060329E,CCC,phase2,1,1,0,1,C,10
BE382935-9399-4CCB-9CB4-17129156C80F,CCC,phase1,1,216,60,156,C,10
BE382935-9399-4CCB-9CB4-17129156C80F,CCC,phase1,2,165,42,123,C,10
BE382935-9399-4CCB-9CB4-17129156C80F,CCC,phase1,3,177,43,134,C,10
BE382935-9399-4CCB-9CB4-17129156C80F,CCC,phase1,4,132,32,100,C,10
BE382935-9399-4CCB-9CB4-17129156C80F,CCC,phase1,5,84,25,59,C,10
BE382935-9399-4CCB-9CB4-17129156C80F,CCC,phase1,6,105,16,89,C,10
BE67F803-2892-4209-A4BD-852E4D19275B,ABC,phase1,1,214,59,155,A,3
BE8E20C8-CD59-4F43-929A-81F6FF1CE68D,ABC,phase1,1,105,23,82,A,3
BE8E20C8-CD59-4F43-929A-81F6FF1CE68D,ABC,phase1,2,92,7,85,A,3
BE8E20C8-CD59-4F43-929A-81F6FF1CE68D,ABC,phase1,3,80,5,75,B,6
BE8E20C8-CD59-4F43-929A-81F6FF1CE68D,ABC,phase1,4,107,10,97,B,6
BE8E20C8-CD59-4F43-929A-81F6FF1CE68D,ABC,phase1,5,94,13,81,C,10
BE8E20C8-CD59-4F43-929A-81F6FF1CE68D,ABC,phase1,6,111,21,90,C,10
BEA543A3-EECE-4D7E-8912-45512F70DD86,ACC,phase2,1,6,2,4,A,3
BEB59235-A8AA-494F-B113-43768D970E3C,ABC,phase2,1,40,5,35,A,3
BEDE004A-0BA6-4E5B-A3E7-425F74FCE51C,BCC,phase1,1,60,10,50,B,6
BF314BE4-44B2-4778-A71A-B7434BC76966,ACC,phase1,1,123,12,111,A,3
BF314BE4-44B2-4778-A71A-B7434BC76966,ACC,phase1,2,51,10,41,A,3
BF314BE4-44B2-4778-A71A-B7434BC76966,ACC,phase1,3,67,15,52,C,10
BF314BE4-44B2-4778-A71A-B7434BC76966,ACC,phase1,4,64,16,48,C,10
BF314BE4-44B2-4778-A71A-B7434BC76966,ACC,phase1,5,85,27,58,C,10
BF314BE4-44B2-4778-A71A-B7434BC76966,ACC,phase1,6,50,10,40,C,10
BF809D36-EF55-4A0A-BC81-2AE75D3CC033,CCC,phase1,1,33,13,20,C,10
BF809D36-EF55-4A0A-BC81-2AE75D3CC033,CCC,phase1,2,32,12,20,C,10
BF809D36-EF55-4A0A-BC81-2AE75D3CC033,CCC,phase1,3,34,7,27,C,10
BF809D36-EF55-4A0A-BC81-2AE75D3CC033,CCC,phase1,4,33,8,25,C,10
BF809D36-EF55-4A0A-BC81-2AE75D3CC033,CCC,phase1,5,30,7,23,C,10
BF809D36-EF55-4A0A-BC81-2AE75D3CC033,CCC,phase1,6,25,8,17,C,10
BFA72407-90C5-4CCD-8F3E-61C919215D6C,BCC,phase2,1,189,125,64,B,6
BFC805E2-E181-4415-BBCE-72AC25ADDAC0,BCC,phase1,1,215,47,168,B,6
BFC805E2-E181-4415-BBCE-72AC25ADDAC0,BCC,phase1,2,139,19,120,B,6
BFC805E2-E181-4415-BBCE-72AC25ADDAC0,BCC,phase1,3,101,9,92,C,10
BFD44234-DDF3-4C5C-8455-19A921EF055B,ACC,phase2,1,1,0,1,A,3
BFE71726-11F8-41A6-88DD-B98E8A6B76B6,ACC,phase2,1,79,16,63,A,3
BFE71726-11F8-41A6-88DD-B98E8A6B76B6,ACC,phase2,2,57,4,53,A,3
BFE71726-11F8-41A6-88DD-B98E8A6B76B6,ACC,phase2,3,34,12,22,C,10
BFE71726-11F8-41A6-88DD-B98E8A6B76B6,ACC,phase2,4,36,5,31,C,10
BFE71726-11F8-41A6-88DD-B98E8A6B76B6,ACC,phase2,5,41,7,34,C,10
BFE71726-11F8-41A6-88DD-B98E8A6B76B6,ACC,phase2,6,17,2,15,C,10
C03F0D0F-6F0A-4EC4-93F8-E72249B027F9,ABC,phase2,1,491,60,431,A,3
C03F0D0F-6F0A-4EC4-93F8-E72249B027F9,ABC,phase2,2,509,53,456,A,3
C03F0D0F-6F0A-4EC4-93F8-E72249B027F9,ABC,phase2,3,452,47,405,B,6
C03F0D0F-6F0A-4EC4-93F8-E72249B027F9,ABC,phase2,4,5,0,5,B,6
C06EF00E-44C7-4BDE-80E8-DC28A0C439C5,CCC,phase1,1,168,53,115,C,10
C06EF00E-44C7-4BDE-80E8-DC28A0C439C5,CCC,phase1,2,124,33,91,C,10
C06EF00E-44C7-4BDE-80E8-DC28A0C439C5,CCC,phase1,3,89,29,60,C,10
C06EF00E-44C7-4BDE-80E8-DC28A0C439C5,CCC,phase1,4,119,56,63,C,10
C06EF00E-44C7-4BDE-80E8-DC28A0C439C5,CCC,phase1,5,49,13,36,C,10
C06EF00E-44C7-4BDE-80E8-DC28A0C439C5,CCC,phase1,6,27,11,16,C,10
C0959095-34C9-4EBC-9AF3-75313D1F0656,ABC,phase1,1,324,89,235,A,3
C0A39B95-E668-4558-973A-0BF34FA04031,BCC,phase2,1,7,1,6,B,6
C0A39B95-E668-4558-973A-0BF34FA04031,BCC,phase2,2,11,0,11,B,6
C0A39B95-E668-4558-973A-0BF34FA04031,BCC,phase2,3,27,1,26,C,10
C0A39B95-E668-4558-973A-0BF34FA04031,BCC,phase2,4,8,1,7,C,10
C0A39B95-E668-4558-973A-0BF34FA04031,BCC,phase2,5,15,0,15,C,10
C0A39B95-E668-4558-973A-0BF34FA04031,BCC,phase2,6,2,0,2,C,10
C124C1DA-31B6-4D80-86C9-E62F987A7356,ABC,phase2,1,270,61,209,A,3
C124C1DA-31B6-4D80-86C9-E62F987A7356,ABC,phase2,2,108,23,85,A,3
C124C1DA-31B6-4D80-86C9-E62F987A7356,ABC,phase2,3,62,15,47,B,6
C124C1DA-31B6-4D80-86C9-E62F987A7356,ABC,phase2,4,27,2,25,B,6
C124C1DA-31B6-4D80-86C9-E62F987A7356,ABC,phase2,5,47,10,37,C,10
C124C1DA-31B6-4D80-86C9-E62F987A7356,ABC,phase2,6,24,7,17,C,10
C1BDCC49-1964-484E-BB42-54085EC56A51,ABC,phase2,1,1,1,0,A,3
C1DA3B14-4343-4F09-B047-B617E95A2AF1,CCC,phase1,1,285,101,184,C,10
C1DA3B14-4343-4F09-B047-B617E95A2AF1,CCC,phase1,2,187,19,168,C,10
C1DA3B14-4343-4F09-B047-B617E95A2AF1,CCC,phase1,3,244,29,215,C,10
C1DA3B14-4343-4F09-B047-B617E95A2AF1,CCC,phase1,4,153,13,140,C,10
C1DA3B14-4343-4F09-B047-B617E95A2AF1,CCC,phase1,5,36,7,29,C,10
C1E9D493-867B-40C0-A1F4-7F7A5C5A1FB7,ABC,phase1,1,108,41,67,A,3
C1E9D493-867B-40C0-A1F4-7F7A5C5A1FB7,ABC,phase1,2,44,6,38,A,3
C20214F6-0B3C-4FD3-931A-5599232E31B8,ACC,phase2,1,1,0,1,A,3
C21CAC81-F33A-47D3-8F0B-80B9BAA978B5,ACC,phase1,1,10,3,7,A,3
C21CAC81-F33A-47D3-8F0B-80B9BAA978B5,ACC,phase1,2,18,4,14,A,3
C21CAC81-F33A-47D3-8F0B-80B9BAA978B5,ACC,phase1,3,6,0,6,C,10
C2273632-E8B0-45E6-9030-C2294FA486CD,CCC,phase2,1,87,6,81,C,10
C2273632-E8B0-45E6-9030-C2294FA486CD,CCC,phase2,2,67,7,60,C,10
C2273632-E8B0-45E6-9030-C2294FA486CD,CCC,phase2,3,33,2,31,C,10
C2273632-E8B0-45E6-9030-C2294FA486CD,CCC,phase2,4,9,0,9,C,10
C2273632-E8B0-45E6-9030-C2294FA486CD,CCC,phase2,5,24,2,22,C,10
C2273632-E8B0-45E6-9030-C2294FA486CD,CCC,phase2,6,14,1,13,C,10
C256891C-C6C6-4CB1-871F-F4FC2E44B0E5,BCC,phase1,1,170,79,91,B,6
C256891C-C6C6-4CB1-871F-F4FC2E44B0E5,BCC,phase1,2,42,13,29,B,6
C29D20A5-D8F9-466B-A5E9-6F9DEA0E1F9C,CCC,phase1,1,124,64,60,C,10
C29D20A5-D8F9-466B-A5E9-6F9DEA0E1F9C,CCC,phase1,2,130,65,65,C,10
C29D20A5-D8F9-466B-A5E9-6F9DEA0E1F9C,CCC,phase1,3,90,24,66,C,10
C29D20A5-D8F9-466B-A5E9-6F9DEA0E1F9C,CCC,phase1,4,113,32,81,C,10
C29D20A5-D8F9-466B-A5E9-6F9DEA0E1F9C,CCC,phase1,5,34,6,28,C,10
C29D20A5-D8F9-466B-A5E9-6F9DEA0E1F9C,CCC,phase1,6,14,2,12,C,10
C2AED583-30DF-4D53-A445-A2CA0BB2824F,ACC,phase1,1,1,0,1,A,3
C2D4DB57-AFB1-4558-88CA-0A73DDAF54B5,ACC,phase1,1,66,12,54,A,3
C2D4DB57-AFB1-4558-88CA-0A73DDAF54B5,ACC,phase1,2,46,1,45,A,3
C2D4DB57-AFB1-4558-88CA-0A73DDAF54B5,ACC,phase1,3,37,10,27,C,10
C2D4DB57-AFB1-4558-88CA-0A73DDAF54B5,ACC,phase1,4,58,15,43,C,10
C2D4DB57-AFB1-4558-88CA-0A73DDAF54B5,ACC,phase1,5,56,11,45,C,10
C2D4DB57-AFB1-4558-88CA-0A73DDAF54B5,ACC,phase1,6,16,5,11,C,10
C2F569D4-713F-4AF8-B179-C613E2E055FE,ABC,phase2,1,116,59,57,A,3
C2F569D4-713F-4AF8-B179-C613E2E055FE,ABC,phase2,2,112,60,52,A,3
C2F569D4-713F-4AF8-B179-C613E2E055FE,ABC,phase2,3,89,28,61,B,6
C2F569D4-713F-4AF8-B179-C613E2E055FE,ABC,phase2,4,5,2,3,B,6
C31E7508-D100-49AC-9811-614FAB9E10CD,ACC,phase1,1,30,6,24,A,3
C31E7508-D100-49AC-9811-614FAB9E10CD,ACC,phase1,2,22,3,19,A,3
C31E7508-D100-49AC-9811-614FAB9E10CD,ACC,phase1,3,30,4,26,C,10
C31E7508-D100-49AC-9811-614FAB9E10CD,ACC,phase1,4,24,4,20,C,10
C31E7508-D100-49AC-9811-614FAB9E10CD,ACC,phase1,5,9,2,7,C,10
C34198D9-FF79-4CA9-9EB2-C4B828A1794B,CCC,phase2,1,103,20,83,C,10
C34198D9-FF79-4CA9-9EB2-C4B828A1794B,CCC,phase2,2,8,3,5,C,10
C34198D9-FF79-4CA9-9EB2-C4B828A1794B,CCC,phase2,3,51,8,43,C,10
C34198D9-FF79-4CA9-9EB2-C4B828A1794B,CCC,phase2,4,25,3,22,C,10
C34198D9-FF79-4CA9-9EB2-C4B828A1794B,CCC,phase2,5,49,13,36,C,10
C34CA39C-89C0-4357-8E38-7C23D0985C21,ACC,phase2,1,69,8,61,A,3
C34E9835-C36B-4B75-B172-F27F5CD0EBF6,BCC,phase2,1,1,1,0,B,6
C364B2A8-175B-40B3-9A01-ADFF1101DE37,CCC,phase1,1,17,5,12,C,10
C364B2A8-175B-40B3-9A01-ADFF1101DE37,CCC,phase1,2,21,6,15,C,10
C364B2A8-175B-40B3-9A01-ADFF1101DE37,CCC,phase1,3,20,3,17,C,10
C364B2A8-175B-40B3-9A01-ADFF1101DE37,CCC,phase1,4,14,2,12,C,10
C364B2A8-175B-40B3-9A01-ADFF1101DE37,CCC,phase1,5,10,4,6,C,10
C3733584-1026-417F-B77A-2D112E16AF48,ACC,phase2,1,1,0,1,A,3
C38C7441-848E-4DCD-AFE8-0603508E293A,ABC,phase2,1,175,58,117,A,3
C38D8DFB-3236-4A53-811D-5DDA7DFF1540,CCC,phase2,1,222,107,115,C,10
C38D8DFB-3236-4A53-811D-5DDA7DFF1540,CCC,phase2,2,62,29,33,C,10
C3963D98-4CE1-4E08-BE0F-54717E29A195,ACC,phase2,1,49,3,46,A,3
C3963D98-4CE1-4E08-BE0F-54717E29A195,ACC,phase2,2,51,5,46,A,3
C3963D98-4CE1-4E08-BE0F-54717E29A195,ACC,phase2,3,31,7,24,C,10
C39D9EFD-1232-4C66-8AF4-B053856C0390,BCC,phase1,1,54,30,24,B,6
C450EBBB-B1C2-4143-BB4B-4272D58C80F0,BCC,phase2,1,158,55,103,B,6
C450EBBB-B1C2-4143-BB4B-4272D58C80F0,BCC,phase2,2,172,34,138,B,6
C450EBBB-B1C2-4143-BB4B-4272D58C80F0,BCC,phase2,3,96,38,58,C,10
C450EBBB-B1C2-4143-BB4B-4272D58C80F0,BCC,phase2,4,151,40,111,C,10
C450EBBB-B1C2-4143-BB4B-4272D58C80F0,BCC,phase2,5,205,62,143,C,10
C4837D82-A391-4A01-B4FB-2617F1844302,ACC,phase1,1,502,140,362,A,3
C4837D82-A391-4A01-B4FB-2617F1844302,ACC,phase1,2,333,48,285,A,3
C4837D82-A391-4A01-B4FB-2617F1844302,ACC,phase1,3,185,22,163,C,10
C4837D82-A391-4A01-B4FB-2617F1844302,ACC,phase1,4,214,15,199,C,10
C4837D82-A391-4A01-B4FB-2617F1844302,ACC,phase1,5,154,9,145,C,10
C4837D82-A391-4A01-B4FB-2617F1844302,ACC,phase1,6,192,11,181,C,10
C48D1290-9BED-42E0-8A0B-8AD4CEBA3AF1,BCC,phase2,1,40,2,38,B,6
C48D1290-9BED-42E0-8A0B-8AD4CEBA3AF1,BCC,phase2,2,12,0,12,B,6
C4B19AFD-F1C5-4F3B-B8CA-F953B1CAD421,CCC,phase2,1,4,3,1,C,10
C4DF5C42-916F-433D-9F57-B495C33E35D0,BCC,phase1,1,103,33,70,B,6
C4E4D326-B75A-4B41-837D-66BB7B4E593A,CCC,phase1,1,175,69,106,C,10
C4E4D326-B75A-4B41-837D-66BB7B4E593A,CCC,phase1,2,215,46,169,C,10
C4E4D326-B75A-4B41-837D-66BB7B4E593A,CCC,phase1,3,244,63,181,C,10
C4E4D326-B75A-4B41-837D-66BB7B4E593A,CCC,phase1,4,398,98,300,C,10
C4E4D326-B75A-4B41-837D-66BB7B4E593A,CCC,phase1,5,280,55,225,C,10
C4E4D326-B75A-4B41-837D-66BB7B4E593A,CCC,phase1,6,152,32,120,C,10
C4EA95FA-44F1-4D00-8381-8CD4891D8FBF,CCC,phase2,1,150,54,96,C,10
C4EA95FA-44F1-4D00-8381-8CD4891D8FBF,CCC,phase2,2,47,18,29,C,10
C4EA95FA-44F1-4D00-8381-8CD4891D8FBF,CCC,phase2,3,17,14,3,C,10
C4EA95FA-44F1-4D00-8381-8CD4891D8FBF,CCC,phase2,4,13,11,2,C,10
C4EA95FA-44F1-4D00-8381-8CD4891D8FBF,CCC,phase2,5,10,10,0,C,10
C506A169-A8DF-4BA6-A912-B90452017C47,ABC,phase1,1,206,95,111,A,3
C506A169-A8DF-4BA6-A912-B90452017C47,ABC,phase1,2,130,22,108,A,3
C506A169-A8DF-4BA6-A912-B90452017C47,ABC,phase1,3,84,17,67,B,6
C506A169-A8DF-4BA6-A912-B90452017C47,ABC,phase1,4,71,13,58,B,6
C506A169-A8DF-4BA6-A912-B90452017C47,ABC,phase1,5,64,13,51,C,10
C506A169-A8DF-4BA6-A912-B90452017C47,ABC,phase1,6,66,14,52,C,10
C50B0B30-0C3B-466D-8996-46B03A5A53AA,ABC,phase2,1,166,11,155,A,3
C50B0B30-0C3B-466D-8996-46B03A5A53AA,ABC,phase2,2,136,7,129,A,3
C50B0B30-0C3B-466D-8996-46B03A5A53AA,ABC,phase2,3,132,14,118,B,6
C50B0B30-0C3B-466D-8996-46B03A5A53AA,ABC,phase2,4,145,27,118,B,6
C50B0B30-0C3B-466D-8996-46B03A5A53AA,ABC,phase2,5,187,51,136,C,10
C50B0B30-0C3B-466D-8996-46B03A5A53AA,ABC,phase2,6,70,19,51,C,10
C555E3D2-EBD6-4DD3-A4B1-B51CA760A4E5,CCC,phase1,1,1,0,1,C,10
C57637C0-B7BB-4BEE-ADDB-E225D77A78B0,BCC,phase1,1,51,21,30,B,6
C57637C0-B7BB-4BEE-ADDB-E225D77A78B0,BCC,phase1,2,5,1,4,B,6
C57637C0-B7BB-4BEE-ADDB-E225D77A78B0,BCC,phase1,3,5,2,3,C,10
C57EEEF1-5408-46D8-957C-A338A7087AB3,BCC,phase2,1,1,1,0,B,6
C5BB1806-19B5-4DA4-B48B-87E71CB7F967,ACC,phase1,1,25,13,12,A,3
C5BB1806-19B5-4DA4-B48B-87E71CB7F967,ACC,phase1,2,16,4,12,A,3
C5BB1806-19B5-4DA4-B48B-87E71CB7F967,ACC,phase1,3,19,3,16,C,10
C5BB1806-19B5-4DA4-B48B-87E71CB7F967,ACC,phase1,4,6,2,4,C,10
C5BB1806-19B5-4DA4-B48B-87E71CB7F967,ACC,phase1,5,6,0,6,C,10
C5BB1806-19B5-4DA4-B48B-87E71CB7F967,ACC,phase1,6,11,0,11,C,10
C5E94948-FBD0-4A62-BB0C-E1F7985DB5C3,ABC,phase2,1,341,45,296,A,3
C5E94948-FBD0-4A62-BB0C-E1F7985DB5C3,ABC,phase2,2,344,32,312,A,3
C5E94948-FBD0-4A62-BB0C-E1F7985DB5C3,ABC,phase2,3,298,46,252,B,6
C5E94948-FBD0-4A62-BB0C-E1F7985DB5C3,ABC,phase2,4,331,47,284,B,6
C5E94948-FBD0-4A62-BB0C-E1F7985DB5C3,ABC,phase2,5,350,52,298,C,10
C5E94948-FBD0-4A62-BB0C-E1F7985DB5C3,ABC,phase2,6,281,42,239,C,10
C5F4F4CE-C3EC-4A90-9EBA-0FCA30795D32,ABC,phase2,1,422,128,294,A,3
C5F4F4CE-C3EC-4A90-9EBA-0FCA30795D32,ABC,phase2,2,424,65,359,A,3
C5F4F4CE-C3EC-4A90-9EBA-0FCA30795D32,ABC,phase2,3,598,141,457,B,6
C5F4F4CE-C3EC-4A90-9EBA-0FCA30795D32,ABC,phase2,4,771,169,602,B,6
C5F4F4CE-C3EC-4A90-9EBA-0FCA30795D32,ABC,phase2,5,668,231,437,C,10
C5F4F4CE-C3EC-4A90-9EBA-0FCA30795D32,ABC,phase2,6,508,137,371,C,10
C623FF95-2EF2-49B2-8735-5848D5429EFA,ACC,phase2,1,1,1,0,A,3
C639DA9C-B622-46BB-BE9F-71E43350CAB4,ACC,phase1,1,87,32,55,A,3
C639DA9C-B622-46BB-BE9F-71E43350CAB4,ACC,phase1,2,88,10,78,A,3
C639DA9C-B622-46BB-BE9F-71E43350CAB4,ACC,phase1,3,66,19,47,C,10
C639DA9C-B622-46BB-BE9F-71E43350CAB4,ACC,phase1,4,64,10,54,C,10
C639DA9C-B622-46BB-BE9F-71E43350CAB4,ACC,phase1,5,74,11,63,C,10
C639DA9C-B622-46BB-BE9F-71E43350CAB4,ACC,phase1,6,76,11,65,C,10
C690EC30-52D4-4E37-B3A0-376D43EC5730,ACC,phase1,1,196,88,108,A,3
C690EC30-52D4-4E37-B3A0-376D43EC5730,ACC,phase1,2,104,50,54,A,3
C690EC30-52D4-4E37-B3A0-376D43EC5730,ACC,phase1,3,42,22,20,C,10
C690EC30-52D4-4E37-B3A0-376D43EC5730,ACC,phase1,4,99,34,65,C,10
C690EC30-52D4-4E37-B3A0-376D43EC5730,ACC,phase1,5,57,23,34,C,10
C690EC30-52D4-4E37-B3A0-376D43EC5730,ACC,phase1,6,102,38,64,C,10
C6AFB539-028E-49D5-9F95-B87C328163C6,BCC,phase1,1,88,19,69,B,6
C6AFB539-028E-49D5-9F95-B87C328163C6,BCC,phase1,2,83,14,69,B,6
C6AFB539-028E-49D5-9F95-B87C328163C6,BCC,phase1,3,64,17,47,C,10
C6AFB539-028E-49D5-9F95-B87C328163C6,BCC,phase1,4,56,12,44,C,10
C6AFB539-028E-49D5-9F95-B87C328163C6,BCC,phase1,5,80,25,55,C,10
C6AFB539-028E-49D5-9F95-B87C328163C6,BCC,phase1,6,73,19,54,C,10
C6EAC7F1-E655-4BAA-A5AC-365CA3710CF8,ABC,phase1,1,132,13,119,A,3
C6EAC7F1-E655-4BAA-A5AC-365CA3710CF8,ABC,phase1,2,118,10,108,A,3
C6EAC7F1-E655-4BAA-A5AC-365CA3710CF8,ABC,phase1,3,67,10,57,B,6
C6EAC7F1-E655-4BAA-A5AC-365CA3710CF8,ABC,phase1,4,46,3,43,B,6
C6EAC7F1-E655-4BAA-A5AC-365CA3710CF8,ABC,phase1,5,75,8,67,C,10
C6EAC7F1-E655-4BAA-A5AC-365CA3710CF8,ABC,phase1,6,85,7,78,C,10
C75B02FC-FF77-4D62-B9B9-84D0A5BD13CB,ACC,phase1,1,103,24,79,A,3
C7728E85-0872-4D6C-9D43-277F0DF28527,BCC,phase2,1,121,64,57,B,6
C7728E85-0872-4D6C-9D43-277F0DF28527,BCC,phase2,2,103,49,54,B,6
C7728E85-0872-4D6C-9D43-277F0DF28527,BCC,phase2,3,27,19,8,C,10
C7728E85-0872-4D6C-9D43-277F0DF28527,BCC,phase2,4,5,2,3,C,10
C7728E85-0872-4D6C-9D43-277F0DF28527,BCC,phase2,5,260,93,167,C,10
C7728E85-0872-4D6C-9D43-277F0DF28527,BCC,phase2,6,259,54,205,C,10
C7CC54A7-A420-478F-8127-F3474935C979,BCC,phase1,1,29,5,24,B,6
C7CC54A7-A420-478F-8127-F3474935C979,BCC,phase1,2,18,2,16,B,6
C7CC54A7-A420-478F-8127-F3474935C979,BCC,phase1,3,24,5,19,C,10
C7CC54A7-A420-478F-8127-F3474935C979,BCC,phase1,4,4,0,4,C,10
C7D6B2AB-309F-420E-8094-E6EB54C0E4CC,ABC,phase1,1,135,43,92,A,3
C7D6B2AB-309F-420E-8094-E6EB54C0E4CC,ABC,phase1,2,38,12,26,A,3
C7DA69EA-1F1F-428A-9AE5-4BB959704E04,ABC,phase2,1,81,40,41,A,3
C7DA69EA-1F1F-428A-9AE5-4BB959704E04,ABC,phase2,2,58,10,48,A,3
C7DA69EA-1F1F-428A-9AE5-4BB959704E04,ABC,phase2,3,96,39,57,B,6
C7DA69EA-1F1F-428A-9AE5-4BB959704E04,ABC,phase2,4,46,14,32,B,6
C7DA69EA-1F1F-428A-9AE5-4BB959704E04,ABC,phase2,5,46,8,38,C,10
C7DA69EA-1F1F-428A-9AE5-4BB959704E04,ABC,phase2,6,36,4,32,C,10
C7DDE0E1-15C0-4272-81B0-3C2047CCF0B1,BCC,phase2,1,118,23,95,B,6
C7DDE0E1-15C0-4272-81B0-3C2047CCF0B1,BCC,phase2,2,115,19,96,B,6
C7DDE0E1-15C0-4272-81B0-3C2047CCF0B1,BCC,phase2,3,116,25,91,C,10
C7DDE0E1-15C0-4272-81B0-3C2047CCF0B1,BCC,phase2,4,126,27,99,C,10
C7DDE0E1-15C0-4272-81B0-3C2047CCF0B1,BCC,phase2,5,80,11,69,C,10
C7DDE0E1-15C0-4272-81B0-3C2047CCF0B1,BCC,phase2,6,51,8,43,C,10
C7DED6D9-251C-43B0-824B-04AC9D5D7DA7,ACC,phase1,1,57,18,39,A,3
C7DED6D9-251C-43B0-824B-04AC9D5D7DA7,ACC,phase1,2,22,1,21,A,3
C7DED6D9-251C-43B0-824B-04AC9D5D7DA7,ACC,phase1,3,8,1,7,C,10
C7DED6D9-251C-43B0-824B-04AC9D5D7DA7,ACC,phase1,4,11,1,10,C,10
C7DED6D9-251C-43B0-824B-04AC9D5D7DA7,ACC,phase1,5,14,1,13,C,10
C80044BF-24F8-42ED-80F7-59FA7B4A87AE,ACC,phase2,1,100,10,90,A,3
C80E8D1C-F3D5-47A9-84BF-32CA74696049,ACC,phase1,1,25,0,25,A,3
C80E8D1C-F3D5-47A9-84BF-32CA74696049,ACC,phase1,2,19,1,18,A,3
C80E8D1C-F3D5-47A9-84BF-32CA74696049,ACC,phase1,3,15,1,14,C,10
C80E8D1C-F3D5-47A9-84BF-32CA74696049,ACC,phase1,4,20,1,19,C,10
C80E8D1C-F3D5-47A9-84BF-32CA74696049,ACC,phase1,5,33,3,30,C,10
C80E8D1C-F3D5-47A9-84BF-32CA74696049,ACC,phase1,6,30,2,28,C,10
C829D907-BCBC-4D67-B6C4-71D0A89A153C,CCC,phase1,1,1,0,1,C,10
C847FEC1-7563-45CF-90B5-D4296AE228BE,ACC,phase2,1,285,103,182,A,3
C847FEC1-7563-45CF-90B5-D4296AE228BE,ACC,phase2,2,238,83,155,A,3
C847FEC1-7563-45CF-90B5-D4296AE228BE,ACC,phase2,3,41,27,14,C,10
C8650D97-71B3-4760-B093-8990FF2B8203,CCC,phase2,1,88,32,56,C,10
C8650D97-71B3-4760-B093-8990FF2B8203,CCC,phase2,2,92,21,71,C,10
C8650D97-71B3-4760-B093-8990FF2B8203,CCC,phase2,3,87,23,64,C,10
C8650D97-71B3-4760-B093-8990FF2B8203,CCC,phase2,4,111,28,83,C,10
C8650D97-71B3-4760-B093-8990FF2B8203,CCC,phase2,5,105,25,80,C,10
C8650D97-71B3-4760-B093-8990FF2B8203,CCC,phase2,6,109,31,78,C,10
C8BE84A0-0BD8-4EDD-B180-34A63773C190,BCC,phase2,1,58,11,47,B,6
C8BE84A0-0BD8-4EDD-B180-34A63773C190,BCC,phase2,2,97,23,74,B,6
C8BE84A0-0BD8-4EDD-B180-34A63773C190,BCC,phase2,3,72,12,60,C,10
C8BE84A0-0BD8-4EDD-B180-34A63773C190,BCC,phase2,4,52,11,41,C,10
C8BE84A0-0BD8-4EDD-B180-34A63773C190,BCC,phase2,5,39,10,29,C,10
C8BE84A0-0BD8-4EDD-B180-34A63773C190,BCC,phase2,6,41,5,36,C,10
C8CB2EFE-E768-4F95-991A-AA9CD0E4CFFC,BCC,phase1,1,127,48,79,B,6
C8CB2EFE-E768-4F95-991A-AA9CD0E4CFFC,BCC,phase1,2,62,26,36,B,6
C8CB2EFE-E768-4F95-991A-AA9CD0E4CFFC,BCC,phase1,3,30,10,20,C,10
C8CB2EFE-E768-4F95-991A-AA9CD0E4CFFC,BCC,phase1,4,67,9,58,C,10
C8CB2EFE-E768-4F95-991A-AA9CD0E4CFFC,BCC,phase1,5,84,12,72,C,10
C8CB2EFE-E768-4F95-991A-AA9CD0E4CFFC,BCC,phase1,6,13,5,8,C,10
C8D3C496-AC98-4D6C-B641-8C028CDAA5E6,BCC,phase1,1,57,31,26,B,6
C8DB8040-1468-4713-A4E1-3A16FEACFBA6,BCC,phase1,1,1,1,0,B,6
C8E60AD0-767D-4E58-90D9-232E89055A51,BCC,phase2,1,143,44,99,B,6
C8E60AD0-767D-4E58-90D9-232E89055A51,BCC,phase2,2,141,21,120,B,6
C8E60AD0-767D-4E58-90D9-232E89055A51,BCC,phase2,3,80,11,69,C,10
C8E60AD0-767D-4E58-90D9-232E89055A51,BCC,phase2,4,148,16,132,C,10
C8E60AD0-767D-4E58-90D9-232E89055A51,BCC,phase2,5,153,27,126,C,10
C8E60AD0-767D-4E58-90D9-232E89055A51,BCC,phase2,6,132,32,100,C,10
C9030ACD-4062-4F10-930E-1539659D6C25,BCC,phase2,1,117,19,98,B,6
C9030ACD-4062-4F10-930E-1539659D6C25,BCC,phase2,2,118,12,106,B,6
C9030ACD-4062-4F10-930E-1539659D6C25,BCC,phase2,3,15,4,11,C,10
C93094AC-0E0F-4D44-8924-F7605B134D27,BCC,phase1,1,215,31,184,B,6
C9377A2F-9FF6-47C2-964A-A708857F32F2,ABC,phase2,1,305,21,284,A,3
C9377A2F-9FF6-47C2-964A-A708857F32F2,ABC,phase2,2,87,4,83,A,3
C99C1A8B-97C3-4C99-8A85-B4CBEB4F0A71,BCC,phase1,1,46,8,38,B,6
C99F92F1-BAC0-4262-8513-74B8BEB16F51,ABC,phase1,1,1,0,1,A,3
CA0C5251-1D10-4FA9-99AC-2E76655B4E52,BCC,phase2,1,76,35,41,B,6
CA0C5251-1D10-4FA9-99AC-2E76655B4E52,BCC,phase2,2,23,4,19,B,6
CA366642-B2C7-4321-8E96-F77FBFE8F021,BCC,phase2,1,677,188,489,B,6
CA366642-B2C7-4321-8E96-F77FBFE8F021,BCC,phase2,2,440,123,317,B,6
CA366642-B2C7-4321-8E96-F77FBFE8F021,BCC,phase2,3,418,128,290,C,10
CA366642-B2C7-4321-8E96-F77FBFE8F021,BCC,phase2,4,450,122,328,C,10
CA366642-B2C7-4321-8E96-F77FBFE8F021,BCC,phase2,5,484,146,338,C,10
CA366642-B2C7-4321-8E96-F77FBFE8F021,BCC,phase2,6,298,93,205,C,10
CA716A84-0100-441A-BA8E-0ACDAE4C3A31,ACC,phase2,1,38,23,15,A,3
CA716A84-0100-441A-BA8E-0ACDAE4C3A31,ACC,phase2,2,28,11,17,A,3
CA716A84-0100-441A-BA8E-0ACDAE4C3A31,ACC,phase2,3,30,14,16,C,10
CA716A84-0100-441A-BA8E-0ACDAE4C3A31,ACC,phase2,4,16,10,6,C,10
CA716A84-0100-441A-BA8E-0ACDAE4C3A31,ACC,phase2,5,1,0,1,C,10
CA8639B6-107C-4C8D-8A6C-E1692976C69E,ACC,phase2,1,1,1,0,A,3
CADD6498-6462-48AA-910A-465C863B52EF,BCC,phase2,1,1,1,0,B,6
CAEB421E-356B-49CA-9A8F-E65B5A2F6182,BCC,phase2,1,29,17,12,B,6
CAEB421E-356B-49CA-9A8F-E65B5A2F6182,BCC,phase2,2,58,13,45,B,6
CAEB421E-356B-49CA-9A8F-E65B5A2F6182,BCC,phase2,3,94,13,81,C,10
CAEB421E-356B-49CA-9A8F-E65B5A2F6182,BCC,phase2,4,85,21,64,C,10
CAEB421E-356B-49CA-9A8F-E65B5A2F6182,BCC,phase2,5,159,52,107,C,10
CAEB421E-356B-49CA-9A8F-E65B5A2F6182,BCC,phase2,6,119,31,88,C,10
CB4034A3-9578-4FA2-BC61-B7E0E406E022,ABC,phase1,1,3,2,1,A,3
CC4AEA20-62CD-47F6-99B9-4828C090739C,CCC,phase1,1,204,62,142,C,10
CC4AEA20-62CD-47F6-99B9-4828C090739C,CCC,phase1,2,181,45,136,C,10
CC4AEA20-62CD-47F6-99B9-4828C090739C,CCC,phase1,3,114,26,88,C,10
CC4AEA20-62CD-47F6-99B9-4828C090739C,CCC,phase1,4,81,19,62,C,10
CC4AEA20-62CD-47F6-99B9-4828C090739C,CCC,phase1,5,60,10,50,C,10
CC92C4DE-54D3-464A-85B5-496C72E7F220,BCC,phase1,1,106,27,79,B,6
CC92C4DE-54D3-464A-85B5-496C72E7F220,BCC,phase1,2,106,39,67,B,6
CC92C4DE-54D3-464A-85B5-496C72E7F220,BCC,phase1,3,57,14,43,C,10
CC92C4DE-54D3-464A-85B5-496C72E7F220,BCC,phase1,4,86,23,63,C,10
CC92C4DE-54D3-464A-85B5-496C72E7F220,BCC,phase1,5,100,22,78,C,10
CC92C4DE-54D3-464A-85B5-496C72E7F220,BCC,phase1,6,51,13,38,C,10
CCBE7820-75A6-427F-A6B6-2A8DF074D5F8,ABC,phase2,1,105,22,83,A,3
CCBE7820-75A6-427F-A6B6-2A8DF074D5F8,ABC,phase2,2,81,7,74,A,3
CCBE7820-75A6-427F-A6B6-2A8DF074D5F8,ABC,phase2,3,104,12,92,B,6
CCBE7820-75A6-427F-A6B6-2A8DF074D5F8,ABC,phase2,4,95,5,90,B,6
CCBE7820-75A6-427F-A6B6-2A8DF074D5F8,ABC,phase2,5,114,12,102,C,10
CCBE7820-75A6-427F-A6B6-2A8DF074D5F8,ABC,phase2,6,68,6,62,C,10
CCFEA76D-34AB-4BAA-854E-5DE4BE4F2B74,ABC,phase2,1,102,5,97,A,3
CCFEA76D-34AB-4BAA-854E-5DE4BE4F2B74,ABC,phase2,2,9,0,9,A,3
CCFEA76D-34AB-4BAA-854E-5DE4BE4F2B74,ABC,phase2,3,0,0,0,B,6
CCFEA76D-34AB-4BAA-854E-5DE4BE4F2B74,ABC,phase2,4,10,2,8,B,6
CCFEA76D-34AB-4BAA-854E-5DE4BE4F2B74,ABC,phase2,5,13,3,10,C,10
CCFEA76D-34AB-4BAA-854E-5DE4BE4F2B74,ABC,phase2,6,13,3,10,C,10
CD0BA60B-2C2D-424D-AF03-5BB3C607443B,ACC,phase2,1,34,10,24,A,3
CD0BA60B-2C2D-424D-AF03-5BB3C607443B,ACC,phase2,2,3,0,3,A,3
CD0BA60B-2C2D-424D-AF03-5BB3C607443B,ACC,phase2,3,160,33,127,C,10
CD0BA60B-2C2D-424D-AF03-5BB3C607443B,ACC,phase2,4,114,28,86,C,10
CD2F1C7C-B9CF-4DC2-9DEF-31872E37CB58,ABC,phase2,1,556,279,277,A,3
CD2F1C7C-B9CF-4DC2-9DEF-31872E37CB58,ABC,phase2,2,417,175,242,A,3
CD3307F2-FC76-44FA-917F-A7C7485686FA,CCC,phase1,1,45,24,21,C,10
CD3B7F39-B673-40F4-BCF2-DB421C564F52,ACC,phase1,1,374,37,337,A,3
CD3B7F39-B673-40F4-BCF2-DB421C564F52,ACC,phase1,2,684,33,651,A,3
CD3B7F39-B673-40F4-BCF2-DB421C564F52,ACC,phase1,3,594,97,497,C,10
CD3B7F39-B673-40F4-BCF2-DB421C564F52,ACC,phase1,4,563,89,474,C,10
CD3B7F39-B673-40F4-BCF2-DB421C564F52,ACC,phase1,5,510,90,420,C,10
CD3B7F39-B673-40F4-BCF2-DB421C564F52,ACC,phase1,6,387,96,291,C,10
CD6E601E-F6AA-48D7-B78D-7D3F3F516017,CCC,phase2,1,7,5,2,C,10
CD6E601E-F6AA-48D7-B78D-7D3F3F516017,CCC,phase2,2,7,5,2,C,10
CD6E601E-F6AA-48D7-B78D-7D3F3F516017,CCC,phase2,3,4,1,3,C,10
CD6E601E-F6AA-48D7-B78D-7D3F3F516017,CCC,phase2,4,1,0,1,C,10
CD6E601E-F6AA-48D7-B78D-7D3F3F516017,CCC,phase2,5,4,1,3,C,10
CD6E601E-F6AA-48D7-B78D-7D3F3F516017,CCC,phase2,6,1,1,0,C,10
CD71C2E6-4F27-4752-870A-113E2C09BB45,ABC,phase2,1,138,19,119,A,3
CD71C2E6-4F27-4752-870A-113E2C09BB45,ABC,phase2,2,97,5,92,A,3
CD71C2E6-4F27-4752-870A-113E2C09BB45,ABC,phase2,3,110,10,100,B,6
CD71C2E6-4F27-4752-870A-113E2C09BB45,ABC,phase2,4,67,4,63,B,6
CD71C2E6-4F27-4752-870A-113E2C09BB45,ABC,phase2,5,93,21,72,C,10
CD71C2E6-4F27-4752-870A-113E2C09BB45,ABC,phase2,6,66,7,59,C,10
CD7CA803-D845-49CA-9111-105D1922A9A4,BCC,phase1,1,316,78,238,B,6
CD7CA803-D845-49CA-9111-105D1922A9A4,BCC,phase1,2,208,57,151,B,6
CD7CA803-D845-49CA-9111-105D1922A9A4,BCC,phase1,3,204,67,137,C,10
CD7CA803-D845-49CA-9111-105D1922A9A4,BCC,phase1,4,205,52,153,C,10
CD7CA803-D845-49CA-9111-105D1922A9A4,BCC,phase1,5,86,29,57,C,10
CD851AC5-A4C2-463B-BC4C-B20CC40FDB2B,BCC,phase2,1,4,1,3,B,6
CE9B29DC-7185-46F3-8628-644C7AEEA824,CCC,phase2,1,151,60,91,C,10
CEB4B5F9-4699-43B2-BAE2-DC26FB7F5116,ABC,phase1,1,45,9,36,A,3
CEB4B5F9-4699-43B2-BAE2-DC26FB7F5116,ABC,phase1,2,91,11,80,A,3
CEB4B5F9-4699-43B2-BAE2-DC26FB7F5116,ABC,phase1,3,147,27,120,B,6
CEB4B5F9-4699-43B2-BAE2-DC26FB7F5116,ABC,phase1,4,174,40,134,B,6
CEB4B5F9-4699-43B2-BAE2-DC26FB7F5116,ABC,phase1,5,74,22,52,C,10
CEB82D28-BB8B-41EB-8127-8DBB5F7D7189,ACC,phase1,1,126,40,86,A,3
CEB82D28-BB8B-41EB-8127-8DBB5F7D7189,ACC,phase1,2,133,39,94,A,3
CEB82D28-BB8B-41EB-8127-8DBB5F7D7189,ACC,phase1,3,65,29,36,C,10
CF039DEB-48CE-4D8D-A01F-ECD280A0DE59,ABC,phase1,1,5,4,1,A,3
CF0916D3-91C9-433A-90D7-FFDF3C926005,BCC,phase2,1,1,1,0,B,6
CF12B046-CC53-4D31-83D1-CE98503939BF,CCC,phase2,1,114,61,53,C,10
CF12B046-CC53-4D31-83D1-CE98503939BF,CCC,phase2,2,96,40,56,C,10
CF12B046-CC53-4D31-83D1-CE98503939BF,CCC,phase2,3,27,8,19,C,10
CF12B046-CC53-4D31-83D1-CE98503939BF,CCC,phase2,4,55,17,38,C,10
CF12B046-CC53-4D31-83D1-CE98503939BF,CCC,phase2,5,65,15,50,C,10
CF12B046-CC53-4D31-83D1-CE98503939BF,CCC,phase2,6,56,15,41,C,10
CF2F2DDB-BBC0-4971-B0EE-EB961BF1BADB,BCC,phase1,1,2,1,1,B,6
CF445D75-F4C2-47FE-B681-6E93528BC4A2,CCC,phase1,1,205,128,77,C,10
CF445D75-F4C2-47FE-B681-6E93528BC4A2,CCC,phase1,2,146,63,83,C,10
CF445D75-F4C2-47FE-B681-6E93528BC4A2,CCC,phase1,3,110,44,66,C,10
CF445D75-F4C2-47FE-B681-6E93528BC4A2,CCC,phase1,4,131,29,102,C,10
CF445D75-F4C2-47FE-B681-6E93528BC4A2,CCC,phase1,5,113,26,87,C,10
CF445D75-F4C2-47FE-B681-6E93528BC4A2,CCC,phase1,6,91,10,81,C,10
CF5F61D3-E5AE-4C10-9E2A-133017E88934,ABC,phase2,1,15,8,7,A,3
CF85F2C3-7DD0-4902-80D6-8E0A5CEB6F53,BCC,phase2,1,71,3,68,B,6
CF85F2C3-7DD0-4902-80D6-8E0A5CEB6F53,BCC,phase2,2,19,3,16,B,6
CF85F2C3-7DD0-4902-80D6-8E0A5CEB6F53,BCC,phase2,3,5,1,4,C,10
CF98289D-9A34-4EBA-A9AC-340199B6CCA4,BCC,phase1,1,44,7,37,B,6
CF98289D-9A34-4EBA-A9AC-340199B6CCA4,BCC,phase1,2,61,5,56,B,6
CF98289D-9A34-4EBA-A9AC-340199B6CCA4,BCC,phase1,3,41,0,41,C,10
CF98289D-9A34-4EBA-A9AC-340199B6CCA4,BCC,phase1,4,78,9,69,C,10
CF98289D-9A34-4EBA-A9AC-340199B6CCA4,BCC,phase1,5,106,10,96,C,10
CF98289D-9A34-4EBA-A9AC-340199B6CCA4,BCC,phase1,6,103,5,98,C,10
CFA441CB-3880-49F2-B8E9-D7515EAA17EB,ACC,phase2,1,284,79,205,A,3
CFA441CB-3880-49F2-B8E9-D7515EAA17EB,ACC,phase2,2,108,14,94,A,3
D0080531-6E21-4266-A491-F275CC84AC85,ACC,phase2,1,76,10,66,A,3
D0080531-6E21-4266-A491-F275CC84AC85,ACC,phase2,2,64,7,57,A,3
D0080531-6E21-4266-A491-F275CC84AC85,ACC,phase2,3,11,3,8,C,10
D00E416C-8C8E-4BB1-BF07-F4222C8BC4C2,ACC,phase2,1,62,13,49,A,3
D00E416C-8C8E-4BB1-BF07-F4222C8BC4C2,ACC,phase2,2,76,13,63,A,3
D00E416C-8C8E-4BB1-BF07-F4222C8BC4C2,ACC,phase2,3,48,12,36,C,10
D0359333-D653-4BC9-8BC6-CCD04C236B04,CCC,phase1,1,1,0,1,C,10
D08EEC9C-60A0-4A8A-BEAB-22DE4F2ADE94,ACC,phase2,1,1,0,1,A,3
D093585B-C626-4F49-A609-286BA811F928,BCC,phase2,1,231,45,186,B,6
D093585B-C626-4F49-A609-286BA811F928,BCC,phase2,2,207,26,181,B,6
D093585B-C626-4F49-A609-286BA811F928,BCC,phase2,3,106,12,94,C,10
D0D331B4-8CA3-46D3-9BEE-9586C71870B0,BCC,phase1,1,2,2,0,B,6
D0DBD177-78FD-410A-96FF-708340E11BC7,ACC,phase2,1,106,15,91,A,3
D0DBD177-78FD-410A-96FF-708340E11BC7,ACC,phase2,2,170,8,162,A,3
D11B286E-D70F-489D-9774-831C67420440,ACC,phase1,1,766,276,490,A,3
D11B286E-D70F-489D-9774-831C67420440,ACC,phase1,2,450,140,310,A,3
D11B286E-D70F-489D-9774-831C67420440,ACC,phase1,3,494,225,269,C,10
D11B286E-D70F-489D-9774-831C67420440,ACC,phase1,4,606,286,320,C,10
D11B286E-D70F-489D-9774-831C67420440,ACC,phase1,5,459,221,238,C,10
D11B286E-D70F-489D-9774-831C67420440,ACC,phase1,6,392,161,231,C,10
D11BA4AB-2847-46ED-869B-0563FB1C89C8,CCC,phase2,1,147,124,23,C,10
D11BA4AB-2847-46ED-869B-0563FB1C89C8,CCC,phase2,2,109,48,61,C,10
D11BA4AB-2847-46ED-869B-0563FB1C89C8,CCC,phase2,3,271,118,153,C,10
D11BA4AB-2847-46ED-869B-0563FB1C89C8,CCC,phase2,4,169,78,91,C,10
D11BA4AB-2847-46ED-869B-0563FB1C89C8,CCC,phase2,5,318,83,235,C,10
D11BA4AB-2847-46ED-869B-0563FB1C89C8,CCC,phase2,6,108,28,80,C,10
D184A496-37E8-420E-9DA8-01E8BC88DD6F,BCC,phase2,1,1,1,0,B,6
D19BA870-712A-402D-AF30-2DCCD3345038,CCC,phase2,1,1,0,1,C,10
D1AE39D2-A917-47D5-B0C3-DF633732C83E,CCC,phase2,1,77,9,68,C,10
D1AE39D2-A917-47D5-B0C3-DF633732C83E,CCC,phase2,2,17,2,15,C,10
D27338C8-D067-4063-92C9-666502D33830,ABC,phase1,1,49,19,30,A,3
D27338C8-D067-4063-92C9-666502D33830,ABC,phase1,2,107,23,84,A,3
D27338C8-D067-4063-92C9-666502D33830,ABC,phase1,3,106,24,82,B,6
D27338C8-D067-4063-92C9-666502D33830,ABC,phase1,4,129,21,108,B,6
D27338C8-D067-4063-92C9-666502D33830,ABC,phase1,5,100,22,78,C,10
D27338C8-D067-4063-92C9-666502D33830,ABC,phase1,6,55,10,45,C,10
D2D9ECCF-8D78-45C2-A58E-58CF8A8E19E9,BCC,phase1,1,19,6,13,B,6
D2DD6494-4656-4050-9E51-A32ABC9832C4,ACC,phase1,1,59,15,44,A,3
D2DD6494-4656-4050-9E51-A32ABC9832C4,ACC,phase1,2,79,16,63,A,3
D2DD6494-4656-4050-9E51-A32ABC9832C4,ACC,phase1,3,60,13,47,C,10
D2DD6494-4656-4050-9E51-A32ABC9832C4,ACC,phase1,4,41,8,33,C,10
D2DD6494-4656-4050-9E51-A32ABC9832C4,ACC,phase1,5,50,30,20,C,10
D2DD6494-4656-4050-9E51-A32ABC9832C4,ACC,phase1,6,20,8,12,C,10
D3029488-C36D-4F9A-AA9D-99A539802EA0,BCC,phase1,1,60,28,32,B,6
D3029488-C36D-4F9A-AA9D-99A539802EA0,BCC,phase1,2,52,11,41,B,6
D3029488-C36D-4F9A-AA9D-99A539802EA0,BCC,phase1,3,35,9,26,C,10
D3029488-C36D-4F9A-AA9D-99A539802EA0,BCC,phase1,4,37,9,28,C,10
D3029488-C36D-4F9A-AA9D-99A539802EA0,BCC,phase1,5,41,8,33,C,10
D3029488-C36D-4F9A-AA9D-99A539802EA0,BCC,phase1,6,3,0,3,C,10
D3292673-D012-41BF-AC0E-33DAD83199C7,CCC,phase1,1,34,7,27,C,10
D3292673-D012-41BF-AC0E-33DAD83199C7,CCC,phase1,2,23,0,23,C,10
D3292673-D012-41BF-AC0E-33DAD83199C7,CCC,phase1,3,9,0,9,C,10
D3292673-D012-41BF-AC0E-33DAD83199C7,CCC,phase1,4,10,1,9,C,10
D3292673-D012-41BF-AC0E-33DAD83199C7,CCC,phase1,5,5,1,4,C,10
D3292673-D012-41BF-AC0E-33DAD83199C7,CCC,phase1,6,1,0,1,C,10
D3414FBD-2094-410B-A77B-AE7E42B3CE1A,CCC,phase1,1,105,81,24,C,10
D34BC93E-C021-4D4D-B64A-C0837314B8C9,BCC,phase1,1,61,32,29,B,6
D34BC93E-C021-4D4D-B64A-C0837314B8C9,BCC,phase1,2,58,19,39,B,6
D34BC93E-C021-4D4D-B64A-C0837314B8C9,BCC,phase1,3,52,16,36,C,10
D34BC93E-C021-4D4D-B64A-C0837314B8C9,BCC,phase1,4,40,13,27,C,10
D34BC93E-C021-4D4D-B64A-C0837314B8C9,BCC,phase1,5,3,1,2,C,10
D35CA539-1B1B-46B7-924C-AD48A55E607B,ACC,phase2,1,74,13,61,A,3
D37CF9D3-BC99-4FE1-A3FE-7A813FD1EDAE,CCC,phase2,1,219,108,111,C,10
D3BEFBDB-21F6-4D6F-A4E3-024841496B43,CCC,phase1,1,262,118,144,C,10
D3BEFBDB-21F6-4D6F-A4E3-024841496B43,CCC,phase1,2,101,43,58,C,10
D3BEFBDB-21F6-4D6F-A4E3-024841496B43,CCC,phase1,3,120,28,92,C,10
D3BEFBDB-21F6-4D6F-A4E3-024841496B43,CCC,phase1,4,69,20,49,C,10
D3BEFBDB-21F6-4D6F-A4E3-024841496B43,CCC,phase1,5,82,16,66,C,10
D3BEFBDB-21F6-4D6F-A4E3-024841496B43,CCC,phase1,6,56,11,45,C,10
D3DCD467-92BA-48D0-BA01-6126A58845EE,ACC,phase1,1,90,24,66,A,3
D3DCD467-92BA-48D0-BA01-6126A58845EE,ACC,phase1,2,0,0,0,A,3
D3DCD467-92BA-48D0-BA01-6126A58845EE,ACC,phase1,3,21,4,17,C,10
D3E23B6F-943A-4971-8E94-BF0AA9819091,CCC,phase2,1,294,203,91,C,10
D3E23B6F-943A-4971-8E94-BF0AA9819091,CCC,phase2,2,150,109,41,C,10
D3E23B6F-943A-4971-8E94-BF0AA9819091,CCC,phase2,3,15,5,10,C,10
D41E3047-FA3F-4E2F-A3BC-3762C7E6DA9D,ABC,phase2,1,394,48,346,A,3
D41E3047-FA3F-4E2F-A3BC-3762C7E6DA9D,ABC,phase2,2,316,41,275,A,3
D41E3047-FA3F-4E2F-A3BC-3762C7E6DA9D,ABC,phase2,3,317,50,267,B,6
D41E3047-FA3F-4E2F-A3BC-3762C7E6DA9D,ABC,phase2,4,146,10,136,B,6
D41E3047-FA3F-4E2F-A3BC-3762C7E6DA9D,ABC,phase2,5,47,12,35,C,10
D4D4E27B-E174-4829-BC2C-2A245CE75673,ABC,phase2,1,26,2,24,A,3
D4D4E27B-E174-4829-BC2C-2A245CE75673,ABC,phase2,2,38,2,36,A,3
D4D4E27B-E174-4829-BC2C-2A245CE75673,ABC,phase2,3,37,3,34,B,6
D4D4E27B-E174-4829-BC2C-2A245CE75673,ABC,phase2,4,41,0,41,B,6
D4D4E27B-E174-4829-BC2C-2A245CE75673,ABC,phase2,5,43,1,42,C,10
D4D4E27B-E174-4829-BC2C-2A245CE75673,ABC,phase2,6,20,0,20,C,10
D4EE2AB2-BC76-4FC1-AB15-1426DDBF9025,ABC,phase1,1,141,24,117,A,3
D4EE2AB2-BC76-4FC1-AB15-1426DDBF9025,ABC,phase1,2,139,21,118,A,3
D54FAFD6-0D4D-4DFC-8DFE-813BF7EC3ACC,ABC,phase2,1,2,0,2,A,3
D57F2679-A83D-4657-86EA-367A9349CF13,ABC,phase1,1,34,2,32,A,3
D57F2679-A83D-4657-86EA-367A9349CF13,ABC,phase1,2,33,3,30,A,3
D57F2679-A83D-4657-86EA-367A9349CF13,ABC,phase1,3,13,2,11,B,6
D5AF9D26-EDA5-4A5E-86B7-5C5C809F212E,BCC,phase1,1,570,131,439,B,6
D5AF9D26-EDA5-4A5E-86B7-5C5C809F212E,BCC,phase1,2,455,77,378,B,6
D5AF9D26-EDA5-4A5E-86B7-5C5C809F212E,BCC,phase1,3,485,132,353,C,10
D5AF9D26-EDA5-4A5E-86B7-5C5C809F212E,BCC,phase1,4,453,124,329,C,10
D5AF9D26-EDA5-4A5E-86B7-5C5C809F212E,BCC,phase1,5,296,78,218,C,10
D5AF9D26-EDA5-4A5E-86B7-5C5C809F212E,BCC,phase1,6,301,75,226,C,10
D5D7E72A-F6ED-4247-978E-56FB9C1170E6,CCC,phase2,1,84,42,42,C,10
D5D7E72A-F6ED-4247-978E-56FB9C1170E6,CCC,phase2,2,61,30,31,C,10
D5D7E72A-F6ED-4247-978E-56FB9C1170E6,CCC,phase2,3,51,23,28,C,10
D5E2FDE5-6519-496A-B0DA-BCF01915B9F3,ACC,phase1,1,54,12,42,A,3
D5EAE4FD-4276-4E1A-9380-1CC58011FC51,ACC,phase2,1,29,12,17,A,3
D5EAE4FD-4276-4E1A-9380-1CC58011FC51,ACC,phase2,2,29,9,20,A,3
D5EAE4FD-4276-4E1A-9380-1CC58011FC51,ACC,phase2,3,31,9,22,C,10
D5EAE4FD-4276-4E1A-9380-1CC58011FC51,ACC,phase2,4,17,5,12,C,10
D5EAE4FD-4276-4E1A-9380-1CC58011FC51,ACC,phase2,5,24,8,16,C,10
D5EAE4FD-4276-4E1A-9380-1CC58011FC51,ACC,phase2,6,4,1,3,C,10
D61221C3-56D0-490F-90FF-0874D12F0391,ACC,phase1,1,61,9,52,A,3
D61221C3-56D0-490F-90FF-0874D12F0391,ACC,phase1,2,29,2,27,A,3
D63DE871-A62B-4B8B-87EF-05764482280E,ACC,phase2,1,4,2,2,A,3
D63DE871-A62B-4B8B-87EF-05764482280E,ACC,phase2,2,42,17,25,A,3
D63DE871-A62B-4B8B-87EF-05764482280E,ACC,phase2,3,26,4,22,C,10
D63DE871-A62B-4B8B-87EF-05764482280E,ACC,phase2,4,33,6,27,C,10
D63DE871-A62B-4B8B-87EF-05764482280E,ACC,phase2,5,36,8,28,C,10
D6554E81-37AF-452D-B9EB-555A7E7C881D,ABC,phase2,1,1,1,0,A,3
D6D5E341-A5A4-404A-B752-F66E4CF6D376,CCC,phase1,1,1,0,1,C,10
D6DA6D48-FD73-4C5E-B8F4-8D820005B455,BCC,phase2,1,1,0,1,B,6
D6DACE0B-5C4A-4AC2-ABA5-49D0867B8B11,ACC,phase1,1,177,68,109,A,3
D6DACE0B-5C4A-4AC2-ABA5-49D0867B8B11,ACC,phase1,2,129,37,92,A,3
D6DACE0B-5C4A-4AC2-ABA5-49D0867B8B11,ACC,phase1,3,192,87,105,C,10
D6DACE0B-5C4A-4AC2-ABA5-49D0867B8B11,ACC,phase1,4,223,89,134,C,10
D6DACE0B-5C4A-4AC2-ABA5-49D0867B8B11,ACC,phase1,5,183,85,98,C,10
D6DACE0B-5C4A-4AC2-ABA5-49D0867B8B11,ACC,phase1,6,245,129,116,C,10
D7084342-F04B-4FAD-A78D-5EAADCEA5C6F,ACC,phase1,1,298,75,223,A,3
D72237F9-9971-4A2C-B010-A4E5DC683251,BCC,phase1,1,1,0,1,B,6
D726A961-5090-402A-9718-BD599A169960,BCC,phase1,1,151,21,130,B,6
D726A961-5090-402A-9718-BD599A169960,BCC,phase1,2,121,16,105,B,6
D726A961-5090-402A-9718-BD599A169960,BCC,phase1,3,113,27,86,C,10
D726A961-5090-402A-9718-BD599A169960,BCC,phase1,4,88,23,65,C,10
D726A961-5090-402A-9718-BD599A169960,BCC,phase1,5,95,13,82,C,10
D726A961-5090-402A-9718-BD599A169960,BCC,phase1,6,146,39,107,C,10
D7515E42-8C78-4B11-9A5F-1868BB0FFAF6,ABC,phase2,1,112,15,97,A,3
D7515E42-8C78-4B11-9A5F-1868BB0FFAF6,ABC,phase2,2,133,10,123,A,3
D7515E42-8C78-4B11-9A5F-1868BB0FFAF6,ABC,phase2,3,130,21,109,B,6
D7515E42-8C78-4B11-9A5F-1868BB0FFAF6,ABC,phase2,4,129,20,109,B,6
D7515E42-8C78-4B11-9A5F-1868BB0FFAF6,ABC,phase2,5,154,39,115,C,10
D7515E42-8C78-4B11-9A5F-1868BB0FFAF6,ABC,phase2,6,32,7,25,C,10
D76216EC-A646-4CDF-9DD2-91B42770C3B6,ACC,phase1,1,14,3,11,A,3
D76216EC-A646-4CDF-9DD2-91B42770C3B6,ACC,phase1,2,10,1,9,A,3
D76216EC-A646-4CDF-9DD2-91B42770C3B6,ACC,phase1,3,4,1,3,C,10
D76216EC-A646-4CDF-9DD2-91B42770C3B6,ACC,phase1,4,2,0,2,C,10
D76216EC-A646-4CDF-9DD2-91B42770C3B6,ACC,phase1,5,6,3,3,C,10
D77B98E5-D52C-4B98-B954-A7B51A7FFA6E,ACC,phase2,1,94,15,79,A,3
D7B135A1-4CB6-4876-982C-4420007DBFE9,ACC,phase1,1,96,30,66,A,3
D7B135A1-4CB6-4876-982C-4420007DBFE9,ACC,phase1,2,113,21,92,A,3
D7B135A1-4CB6-4876-982C-4420007DBFE9,ACC,phase1,3,115,35,80,C,10
D7B135A1-4CB6-4876-982C-4420007DBFE9,ACC,phase1,4,97,12,85,C,10
D7B4E92F-C199-4280-A405-50C21169512B,ACC,phase1,1,1,0,1,A,3
D7C3C6E7-BB9B-46D8-B93F-E90CF6E1DADD,CCC,phase1,1,82,28,54,C,10
D7C3C6E7-BB9B-46D8-B93F-E90CF6E1DADD,CCC,phase1,2,63,11,52,C,10
D7C3C6E7-BB9B-46D8-B93F-E90CF6E1DADD,CCC,phase1,3,78,18,60,C,10
D7C3C6E7-BB9B-46D8-B93F-E90CF6E1DADD,CCC,phase1,4,25,1,24,C,10
D7ECA3DA-B42F-4AC7-99D7-D547CAB04F7A,CCC,phase1,1,99,29,70,C,10
D7ECA3DA-B42F-4AC7-99D7-D547CAB04F7A,CCC,phase1,2,71,20,51,C,10
D7ECA3DA-B42F-4AC7-99D7-D547CAB04F7A,CCC,phase1,3,21,6,15,C,10
D80AFF65-FA6E-4A73-B2FB-DF35756679D8,CCC,phase1,1,38,23,15,C,10
D80AFF65-FA6E-4A73-B2FB-DF35756679D8,CCC,phase1,2,11,3,8,C,10
D80AFF65-FA6E-4A73-B2FB-DF35756679D8,CCC,phase1,3,113,33,80,C,10
D80AFF65-FA6E-4A73-B2FB-DF35756679D8,CCC,phase1,4,101,24,77,C,10
D80AFF65-FA6E-4A73-B2FB-DF35756679D8,CCC,phase1,5,75,32,43,C,10
D80AFF65-FA6E-4A73-B2FB-DF35756679D8,CCC,phase1,6,24,2,22,C,10
D8259C2C-900F-44BC-AC28-8E21C96B0D00,ABC,phase1,1,214,37,177,A,3
D8259C2C-900F-44BC-AC28-8E21C96B0D00,ABC,phase1,2,145,19,126,A,3
D8259C2C-900F-44BC-AC28-8E21C96B0D00,ABC,phase1,3,233,40,193,B,6
D8259C2C-900F-44BC-AC28-8E21C96B0D00,ABC,phase1,4,121,25,96,B,6
D8259C2C-900F-44BC-AC28-8E21C96B0D00,ABC,phase1,5,118,30,88,C,10
D8259C2C-900F-44BC-AC28-8E21C96B0D00,ABC,phase1,6,99,20,79,C,10
D8402C18-C750-4133-BD50-FE5765EDD2FE,CCC,phase1,1,1,1,0,C,10
D8768A5B-DECD-4AB8-8C49-65C2FCD21AFB,CCC,phase1,1,282,86,196,C,10
D8768A5B-DECD-4AB8-8C49-65C2FCD21AFB,CCC,phase1,2,234,53,181,C,10
D8768A5B-DECD-4AB8-8C49-65C2FCD21AFB,CCC,phase1,3,118,18,100,C,10
D8768A5B-DECD-4AB8-8C49-65C2FCD21AFB,CCC,phase1,4,129,21,108,C,10
D8768A5B-DECD-4AB8-8C49-65C2FCD21AFB,CCC,phase1,5,193,57,136,C,10
D8768A5B-DECD-4AB8-8C49-65C2FCD21AFB,CCC,phase1,6,67,13,54,C,10
D88E5D70-45D8-4298-B1F3-ADE60277C57B,BCC,phase2,1,364,103,261,B,6
D89138C1-2D22-4975-821F-678643276168,BCC,phase1,1,194,30,164,B,6
D89138C1-2D22-4975-821F-678643276168,BCC,phase1,2,231,55,176,B,6
D89138C1-2D22-4975-821F-678643276168,BCC,phase1,3,272,122,150,C,10
D89138C1-2D22-4975-821F-678643276168,BCC,phase1,4,530,347,183,C,10
D89138C1-2D22-4975-821F-678643276168,BCC,phase1,5,353,198,155,C,10
D89138C1-2D22-4975-821F-678643276168,BCC,phase1,6,199,116,83,C,10
D8BF8B86-5ECD-48F1-BEDA-C49D83AEB8D1,BCC,phase2,1,11,2,9,B,6
D8BF8B86-5ECD-48F1-BEDA-C49D83AEB8D1,BCC,phase2,2,2,1,1,B,6
D8BF8B86-5ECD-48F1-BEDA-C49D83AEB8D1,BCC,phase2,3,2,0,2,C,10
D8BF8B86-5ECD-48F1-BEDA-C49D83AEB8D1,BCC,phase2,4,15,3,12,C,10
D8BF8B86-5ECD-48F1-BEDA-C49D83AEB8D1,BCC,phase2,5,9,3,6,C,10
D8D3BCBB-C884-431B-8BC3-B3BC044096DB,ABC,phase2,1,4,4,0,A,3
D8FD9700-B4DA-455F-96CF-A31D7F8AD43B,BCC,phase1,1,109,48,61,B,6
D8FD9700-B4DA-455F-96CF-A31D7F8AD43B,BCC,phase1,2,228,73,155,B,6
D8FD9700-B4DA-455F-96CF-A31D7F8AD43B,BCC,phase1,3,217,79,138,C,10
D8FD9700-B4DA-455F-96CF-A31D7F8AD43B,BCC,phase1,4,189,68,121,C,10
D8FD9700-B4DA-455F-96CF-A31D7F8AD43B,BCC,phase1,5,218,75,143,C,10
D8FD9700-B4DA-455F-96CF-A31D7F8AD43B,BCC,phase1,6,294,136,158,C,10
D8FDB24C-8822-438B-9D40-3EDA658FB0C3,BCC,phase1,1,1,0,1,B,6
D916F96F-6FDC-465F-9384-6B610AFEDB2A,ABC,phase1,1,8,3,5,A,3
D91C2E38-D920-4508-BED5-646F89A99F20,ABC,phase1,1,256,64,192,A,3
D965143B-396A-42D2-9954-873DF1E4C091,CCC,phase1,1,129,60,69,C,10
D965143B-396A-42D2-9954-873DF1E4C091,CCC,phase1,2,69,31,38,C,10
D965143B-396A-42D2-9954-873DF1E4C091,CCC,phase1,3,224,124,100,C,10
D965143B-396A-42D2-9954-873DF1E4C091,CCC,phase1,4,190,97,93,C,10
D96EE66F-3F06-4A29-8C1A-3C4C1B6CF778,ACC,phase1,1,99,28,71,A,3
D96EE66F-3F06-4A29-8C1A-3C4C1B6CF778,ACC,phase1,2,97,9,88,A,3
D96EE66F-3F06-4A29-8C1A-3C4C1B6CF778,ACC,phase1,3,76,19,57,C,10
D96EE66F-3F06-4A29-8C1A-3C4C1B6CF778,ACC,phase1,4,81,30,51,C,10
D96EE66F-3F06-4A29-8C1A-3C4C1B6CF778,ACC,phase1,5,64,10,54,C,10
D96EE66F-3F06-4A29-8C1A-3C4C1B6CF778,ACC,phase1,6,82,21,61,C,10
D99680A1-24A0-41C7-820B-8AE697813388,ACC,phase1,1,125,38,87,A,3
D99680A1-24A0-41C7-820B-8AE697813388,ACC,phase1,2,94,17,77,A,3
D9DB34BC-0AEE-4109-8B8E-4737589E8A3D,CCC,phase2,1,76,36,40,C,10
D9E73ED3-9516-4866-A356-4CE3FAA8C526,ABC,phase1,1,303,115,188,A,3
D9E73ED3-9516-4866-A356-4CE3FAA8C526,ABC,phase1,2,455,175,280,A,3
D9E73ED3-9516-4866-A356-4CE3FAA8C526,ABC,phase1,3,534,264,270,B,6
D9E73ED3-9516-4866-A356-4CE3FAA8C526,ABC,phase1,4,561,294,267,B,6
D9E73ED3-9516-4866-A356-4CE3FAA8C526,ABC,phase1,5,502,246,256,C,10
D9E73ED3-9516-4866-A356-4CE3FAA8C526,ABC,phase1,6,459,241,218,C,10
DA827118-FC07-45B9-8395-91A39E316684,ABC,phase2,1,175,69,106,A,3
DA827118-FC07-45B9-8395-91A39E316684,ABC,phase2,2,143,40,103,A,3
DA827118-FC07-45B9-8395-91A39E316684,ABC,phase2,3,205,36,169,B,6
DA827118-FC07-45B9-8395-91A39E316684,ABC,phase2,4,231,59,172,B,6
DA827118-FC07-45B9-8395-91A39E316684,ABC,phase2,5,118,23,95,C,10
DA827118-FC07-45B9-8395-91A39E316684,ABC,phase2,6,70,10,60,C,10
DA8E9CFC-4F1A-4835-B914-0A89B163A4E4,ABC,phase2,1,178,70,108,A,3
DA8E9CFC-4F1A-4835-B914-0A89B163A4E4,ABC,phase2,2,124,22,102,A,3
DA8E9CFC-4F1A-4835-B914-0A89B163A4E4,ABC,phase2,3,135,27,108,B,6
DA8E9CFC-4F1A-4835-B914-0A89B163A4E4,ABC,phase2,4,113,22,91,B,6
DA8E9CFC-4F1A-4835-B914-0A89B163A4E4,ABC,phase2,5,83,28,55,C,10
DA8EE792-7ED0-4A5D-9394-A3B042B84D1B,ACC,phase2,1,179,35,144,A,3
DA8EE792-7ED0-4A5D-9394-A3B042B84D1B,ACC,phase2,2,182,37,145,A,3
DA8EE792-7ED0-4A5D-9394-A3B042B84D1B,ACC,phase2,3,130,35,95,C,10
DA8EE792-7ED0-4A5D-9394-A3B042B84D1B,ACC,phase2,4,171,43,128,C,10
DA8EE792-7ED0-4A5D-9394-A3B042B84D1B,ACC,phase2,5,120,30,90,C,10
DA8EE792-7ED0-4A5D-9394-A3B042B84D1B,ACC,phase2,6,118,34,84,C,10
DA92AE6B-D178-4110-A1D5-941DDC5EDA9D,ACC,phase2,1,1,0,1,A,3
DB473573-E4AF-4154-A131-46D30BC1937F,BCC,phase1,1,156,31,125,B,6
DB473573-E4AF-4154-A131-46D30BC1937F,BCC,phase1,2,121,27,94,B,6
DB473573-E4AF-4154-A131-46D30BC1937F,BCC,phase1,3,126,17,109,C,10
DB473573-E4AF-4154-A131-46D30BC1937F,BCC,phase1,4,62,5,57,C,10
DB473573-E4AF-4154-A131-46D30BC1937F,BCC,phase1,5,60,7,53,C,10
DB473573-E4AF-4154-A131-46D30BC1937F,BCC,phase1,6,61,7,54,C,10
DB4AF9DD-17D1-48BF-A1D3-86B3AD46A1D8,ABC,phase1,1,72,34,38,A,3
DB4AF9DD-17D1-48BF-A1D3-86B3AD46A1D8,ABC,phase1,2,72,32,40,A,3
DB4AF9DD-17D1-48BF-A1D3-86B3AD46A1D8,ABC,phase1,3,68,24,44,B,6
DB4AF9DD-17D1-48BF-A1D3-86B3AD46A1D8,ABC,phase1,4,56,17,39,B,6
DB4AF9DD-17D1-48BF-A1D3-86B3AD46A1D8,ABC,phase1,5,58,13,45,C,10
DB4AF9DD-17D1-48BF-A1D3-86B3AD46A1D8,ABC,phase1,6,57,18,39,C,10
DB8FB0EE-A106-403F-A1AE-E88A76F33419,CCC,phase2,1,23,6,17,C,10
DBB7294D-0FC8-46FA-876F-F68365FC6EC1,ACC,phase2,1,195,47,148,A,3
DBB7294D-0FC8-46FA-876F-F68365FC6EC1,ACC,phase2,2,214,53,161,A,3
DBB7294D-0FC8-46FA-876F-F68365FC6EC1,ACC,phase2,3,178,29,149,C,10
DBB7294D-0FC8-46FA-876F-F68365FC6EC1,ACC,phase2,4,162,33,129,C,10
DBB7294D-0FC8-46FA-876F-F68365FC6EC1,ACC,phase2,5,50,15,35,C,10
DBB7294D-0FC8-46FA-876F-F68365FC6EC1,ACC,phase2,6,57,32,25,C,10
DC462F90-FF62-4DFE-BF89-19007422A409,ACC,phase1,1,11,4,7,A,3
DC5926A0-7E85-483F-8A7E-21979DD398B2,BCC,phase2,1,237,169,68,B,6
DC5926A0-7E85-483F-8A7E-21979DD398B2,BCC,phase2,2,293,140,153,B,6
DC5926A0-7E85-483F-8A7E-21979DD398B2,BCC,phase2,3,61,39,22,C,10
DC7624A6-7029-4987-BB2E-DC63951C8B4F,ABC,phase2,1,235,162,73,A,3
DC7624A6-7029-4987-BB2E-DC63951C8B4F,ABC,phase2,2,97,55,42,A,3
DC7624A6-7029-4987-BB2E-DC63951C8B4F,ABC,phase2,3,76,28,48,B,6
DC7624A6-7029-4987-BB2E-DC63951C8B4F,ABC,phase2,4,201,96,105,B,6
DC7624A6-7029-4987-BB2E-DC63951C8B4F,ABC,phase2,5,128,67,61,C,10
DC7624A6-7029-4987-BB2E-DC63951C8B4F,ABC,phase2,6,172,126,46,C,10
DCBC21A5-73ED-4F06-87B2-91B98B103875,CCC,phase1,1,205,114,91,C,10
DCBC21A5-73ED-4F06-87B2-91B98B103875,CCC,phase1,2,310,135,175,C,10
DCBC21A5-73ED-4F06-87B2-91B98B103875,CCC,phase1,3,149,71,78,C,10
DCBC21A5-73ED-4F06-87B2-91B98B103875,CCC,phase1,4,12,3,9,C,10
DD14E05A-4203-4605-ABFA-A640A495D2DC,BCC,phase2,1,69,24,45,B,6
DD14E05A-4203-4605-ABFA-A640A495D2DC,BCC,phase2,2,70,18,52,B,6
DD14E05A-4203-4605-ABFA-A640A495D2DC,BCC,phase2,3,48,11,37,C,10
DD14E05A-4203-4605-ABFA-A640A495D2DC,BCC,phase2,4,48,14,34,C,10
DD14E05A-4203-4605-ABFA-A640A495D2DC,BCC,phase2,5,38,15,23,C,10
DD14E05A-4203-4605-ABFA-A640A495D2DC,BCC,phase2,6,23,7,16,C,10
DD2E0E4E-F2EF-4A69-84C9-79D0EF1D7AE3,ABC,phase1,1,1,1,0,A,3
DD62215C-420C-4AC0-9323-030FC0988899,ACC,phase1,1,243,43,200,A,3
DD62215C-420C-4AC0-9323-030FC0988899,ACC,phase1,2,244,50,194,A,3
DD62215C-420C-4AC0-9323-030FC0988899,ACC,phase1,3,250,90,160,C,10
DD62215C-420C-4AC0-9323-030FC0988899,ACC,phase1,4,238,83,155,C,10
DD62215C-420C-4AC0-9323-030FC0988899,ACC,phase1,5,199,44,155,C,10
DD62215C-420C-4AC0-9323-030FC0988899,ACC,phase1,6,90,29,61,C,10
DD7D5587-8E77-45E6-A4A4-50D49F1F27C9,CCC,phase1,1,117,28,89,C,10
DD84046C-BF97-4183-85DC-1F29398B5506,ACC,phase1,1,138,29,109,A,3
DD84046C-BF97-4183-85DC-1F29398B5506,ACC,phase1,2,139,12,127,A,3
DD84046C-BF97-4183-85DC-1F29398B5506,ACC,phase1,3,118,14,104,C,10
DD84046C-BF97-4183-85DC-1F29398B5506,ACC,phase1,4,122,13,109,C,10
DD84046C-BF97-4183-85DC-1F29398B5506,ACC,phase1,5,109,10,99,C,10
DD84046C-BF97-4183-85DC-1F29398B5506,ACC,phase1,6,126,10,116,C,10
DDA51E7F-7653-4989-9DCF-A8B6993A8555,BCC,phase2,1,34,6,28,B,6
DDB49159-5D59-48A7-A445-45FE5CED4EAA,BCC,phase2,1,1,1,0,B,6
DDCEBBEF-78F3-4B68-B20B-629EAC7B8399,ABC,phase2,1,154,63,91,A,3
DDCEBBEF-78F3-4B68-B20B-629EAC7B8399,ABC,phase2,2,122,48,74,A,3
DDCEBBEF-78F3-4B68-B20B-629EAC7B8399,ABC,phase2,3,99,25,74,B,6
DDCEBBEF-78F3-4B68-B20B-629EAC7B8399,ABC,phase2,4,77,21,56,B,6
DDE57D5D-CEF2-4838-9033-B694FA7F859E,ACC,phase1,1,246,98,148,A,3
DDE57D5D-CEF2-4838-9033-B694FA7F859E,ACC,phase1,2,208,68,140,A,3
DDE57D5D-CEF2-4838-9033-B694FA7F859E,ACC,phase1,3,212,52,160,C,10
DDE57D5D-CEF2-4838-9033-B694FA7F859E,ACC,phase1,4,146,23,123,C,10
DDF74611-8EBD-4163-A6EA-F0CB3216325F,ACC,phase2,1,30,4,26,A,3
DDF74611-8EBD-4163-A6EA-F0CB3216325F,ACC,phase2,2,47,0,47,A,3
DDF74611-8EBD-4163-A6EA-F0CB3216325F,ACC,phase2,3,29,1,28,C,10
DDF92660-F12D-4008-8D62-DDEF096C237F,ACC,phase2,1,287,83,204,A,3
DDF92660-F12D-4008-8D62-DDEF096C237F,ACC,phase2,2,116,23,93,A,3
DDF92660-F12D-4008-8D62-DDEF096C237F,ACC,phase2,3,111,28,83,C,10
DDF92660-F12D-4008-8D62-DDEF096C237F,ACC,phase2,4,143,40,103,C,10
DDF92660-F12D-4008-8D62-DDEF096C237F,ACC,phase2,5,75,19,56,C,10
DE7D1751-F4B4-4CE2-9BE3-DC72D16B0254,ABC,phase2,1,23,2,21,A,3
DE7D1751-F4B4-4CE2-9BE3-DC72D16B0254,ABC,phase2,2,1,0,1,A,3
DE94FD0E-26A4-44F6-803F-F98D0EE3610A,BCC,phase2,1,301,83,218,B,6
DE94FD0E-26A4-44F6-803F-F98D0EE3610A,BCC,phase2,2,172,27,145,B,6
DE94FD0E-26A4-44F6-803F-F98D0EE3610A,BCC,phase2,3,161,9,152,C,10
DE94FD0E-26A4-44F6-803F-F98D0EE3610A,BCC,phase2,4,143,10,133,C,10
DE94FD0E-26A4-44F6-803F-F98D0EE3610A,BCC,phase2,5,137,14,123,C,10
DE94FD0E-26A4-44F6-803F-F98D0EE3610A,BCC,phase2,6,93,11,82,C,10
DEA11890-963E-4D5D-9534-854096D55413,BCC,phase2,1,1,1,0,B,6
DEBB8280-3AAD-48A0-AAC4-1F16D850DAD4,BCC,phase2,1,1,0,1,B,6
DEEDE264-979B-4C5B-9C7C-41D3152B6E2A,BCC,phase2,1,294,86,208,B,6
DEEDE264-979B-4C5B-9C7C-41D3152B6E2A,BCC,phase2,2,72,13,59,B,6
DF25FEBC-4A5A-466A-B808-9B1CB0733F1A,ACC,phase2,1,4,1,3,A,3
DF25FEBC-4A5A-466A-B808-9B1CB0733F1A,ACC,phase2,2,4,0,4,A,3
DF25FEBC-4A5A-466A-B808-9B1CB0733F1A,ACC,phase2,3,9,1,8,C,10
DF25FEBC-4A5A-466A-B808-9B1CB0733F1A,ACC,phase2,4,4,1,3,C,10
DF25FEBC-4A5A-466A-B808-9B1CB0733F1A,ACC,phase2,5,4,0,4,C,10
DF25FEBC-4A5A-466A-B808-9B1CB0733F1A,ACC,phase2,6,5,0,5,C,10
DF32FAC5-323F-4294-A858-C7F74DFB7925,BCC,phase2,1,50,16,34,B,6
DF32FAC5-323F-4294-A858-C7F74DFB7925,BCC,phase2,2,3,0,3,B,6
DF5D9DE3-BF17-419F-AE8F-D2704C51F8D8,BCC,phase1,1,169,52,117,B,6
DF5D9DE3-BF17-419F-AE8F-D2704C51F8D8,BCC,phase1,2,2,0,2,B,6
DF5D9DE3-BF17-419F-AE8F-D2704C51F8D8,BCC,phase1,3,2,0,2,C,10
DF5D9DE3-BF17-419F-AE8F-D2704C51F8D8,BCC,phase1,4,4,2,2,C,10
DF722471-E38F-41B1-BC8C-93F0D14C8583,ACC,phase2,1,111,51,60,A,3
DF722471-E38F-41B1-BC8C-93F0D14C8583,ACC,phase2,2,178,43,135,A,3
DF722471-E38F-41B1-BC8C-93F0D14C8583,ACC,phase2,3,160,29,131,C,10
DF722471-E38F-41B1-BC8C-93F0D14C8583,ACC,phase2,4,58,14,44,C,10
DF7D41BF-12A3-4D67-96B6-1E397296B483,ACC,phase1,1,134,6,128,A,3
DFC369DD-9385-482C-9D2D-FBBEEF95C225,BCC,phase1,1,76,2,74,B,6
DFC369DD-9385-482C-9D2D-FBBEEF95C225,BCC,phase1,2,63,4,59,B,6
DFC369DD-9385-482C-9D2D-FBBEEF95C225,BCC,phase1,3,85,11,74,C,10
DFC369DD-9385-482C-9D2D-FBBEEF95C225,BCC,phase1,4,77,9,68,C,10
DFC369DD-9385-482C-9D2D-FBBEEF95C225,BCC,phase1,5,3,0,3,C,10
DFE2FCDB-DB81-4FEB-928D-3FA55388ED34,ACC,phase2,1,43,11,32,A,3
DFF97FA6-6553-4E22-9EC4-58E3DEB767F5,BCC,phase1,1,10,3,7,B,6
E0187D5E-D5CC-4B33-B10D-959A37A2C8B2,BCC,phase2,1,105,9,96,B,6
E0187D5E-D5CC-4B33-B10D-959A37A2C8B2,BCC,phase2,2,89,5,84,B,6
E0187D5E-D5CC-4B33-B10D-959A37A2C8B2,BCC,phase2,3,73,9,64,C,10
E0187D5E-D5CC-4B33-B10D-959A37A2C8B2,BCC,phase2,4,41,10,31,C,10
E0187D5E-D5CC-4B33-B10D-959A37A2C8B2,BCC,phase2,5,42,5,37,C,10
E0187D5E-D5CC-4B33-B10D-959A37A2C8B2,BCC,phase2,6,20,3,17,C,10
E03C5915-0AA8-4A86-96B7-E36ABA3041EE,CCC,phase2,1,81,27,54,C,10
E03C5915-0AA8-4A86-96B7-E36ABA3041EE,CCC,phase2,2,55,22,33,C,10
E03C5915-0AA8-4A86-96B7-E36ABA3041EE,CCC,phase2,3,56,17,39,C,10
E06EE336-867B-4625-B6FD-FDADDFBCB269,ABC,phase2,1,8,5,3,A,3
E077A70F-26DE-4586-B63B-DAFD827A285C,CCC,phase1,1,47,14,33,C,10
E077A70F-26DE-4586-B63B-DAFD827A285C,CCC,phase1,2,62,15,47,C,10
E077A70F-26DE-4586-B63B-DAFD827A285C,CCC,phase1,3,43,13,30,C,10
E077A70F-26DE-4586-B63B-DAFD827A285C,CCC,phase1,4,44,12,32,C,10
E077A70F-26DE-4586-B63B-DAFD827A285C,CCC,phase1,5,35,14,21,C,10
E077A70F-26DE-4586-B63B-DAFD827A285C,CCC,phase1,6,40,10,30,C,10
E0918A77-B4B7-4639-86D9-62442C3325CD,BCC,phase2,1,134,83,51,B,6
E0918A77-B4B7-4639-86D9-62442C3325CD,BCC,phase2,2,115,56,59,B,6
E0918A77-B4B7-4639-86D9-62442C3325CD,BCC,phase2,3,83,44,39,C,10
E0918A77-B4B7-4639-86D9-62442C3325CD,BCC,phase2,4,146,79,67,C,10
E0918A77-B4B7-4639-86D9-62442C3325CD,BCC,phase2,5,48,31,17,C,10
E094E232-6A52-4801-9309-85FDAD2B4361,ACC,phase1,1,86,35,51,A,3
E094E232-6A52-4801-9309-85FDAD2B4361,ACC,phase1,2,41,5,36,A,3
E0963CB5-DB9B-47D5-82F6-C619A3BB2690,ABC,phase1,1,291,162,129,A,3
E0963CB5-DB9B-47D5-82F6-C619A3BB2690,ABC,phase1,2,406,85,321,A,3
E0963CB5-DB9B-47D5-82F6-C619A3BB2690,ABC,phase1,3,130,30,100,B,6
E0A91F03-189A-488B-8A70-91F0CC536B5D,CCC,phase1,1,5,0,5,C,10
E0A91F03-189A-488B-8A70-91F0CC536B5D,CCC,phase1,2,3,1,2,C,10
E0A91F03-189A-488B-8A70-91F0CC536B5D,CCC,phase1,3,0,0,0,C,10
E0A91F03-189A-488B-8A70-91F0CC536B5D,CCC,phase1,4,20,6,14,C,10
E0A91F03-189A-488B-8A70-91F0CC536B5D,CCC,phase1,5,4,0,4,C,10
E0C72719-A658-42F9-A146-B7F92FB2D4BE,BCC,phase1,1,1,1,0,B,6
E0E43C06-36B5-4841-8703-8AA6798D1581,BCC,phase2,1,103,38,65,B,6
E0E43C06-36B5-4841-8703-8AA6798D1581,BCC,phase2,2,70,22,48,B,6
E0E43C06-36B5-4841-8703-8AA6798D1581,BCC,phase2,3,20,6,14,C,10
E18D4FF9-E01E-4BD5-B554-A0470C3A9BA6,BCC,phase1,1,52,19,33,B,6
E18D4FF9-E01E-4BD5-B554-A0470C3A9BA6,BCC,phase1,2,29,4,25,B,6
E18D4FF9-E01E-4BD5-B554-A0470C3A9BA6,BCC,phase1,3,31,5,26,C,10
E18D4FF9-E01E-4BD5-B554-A0470C3A9BA6,BCC,phase1,4,10,1,9,C,10
E18D4FF9-E01E-4BD5-B554-A0470C3A9BA6,BCC,phase1,5,2,0,2,C,10
E1965D2B-B72B-4502-8F65-68E0C976448D,ACC,phase1,1,86,13,73,A,3
E1E83176-990F-4CB5-A961-92E63CECBE5D,CCC,phase1,1,100,26,74,C,10
E1E83176-990F-4CB5-A961-92E63CECBE5D,CCC,phase1,2,81,8,73,C,10
E1E83176-990F-4CB5-A961-92E63CECBE5D,CCC,phase1,3,84,18,66,C,10
E1E83176-990F-4CB5-A961-92E63CECBE5D,CCC,phase1,4,71,14,57,C,10
E1E83176-990F-4CB5-A961-92E63CECBE5D,CCC,phase1,5,64,15,49,C,10
E1E83176-990F-4CB5-A961-92E63CECBE5D,CCC,phase1,6,82,15,67,C,10
E1FF9D4F-9E84-4F60-8EE8-E2CA4327AEF9,BCC,phase1,1,137,34,103,B,6
E1FF9D4F-9E84-4F60-8EE8-E2CA4327AEF9,BCC,phase1,2,131,29,102,B,6
E1FF9D4F-9E84-4F60-8EE8-E2CA4327AEF9,BCC,phase1,3,89,12,77,C,10
E1FF9D4F-9E84-4F60-8EE8-E2CA4327AEF9,BCC,phase1,4,118,20,98,C,10
E1FF9D4F-9E84-4F60-8EE8-E2CA4327AEF9,BCC,phase1,5,121,9,112,C,10
E1FF9D4F-9E84-4F60-8EE8-E2CA4327AEF9,BCC,phase1,6,110,13,97,C,10
E205B971-192D-478C-A482-5C63CE63B5A4,BCC,phase2,1,1,0,1,B,6
E21C8C9A-3F24-4CEA-BD8F-C62A2399EC82,BCC,phase2,1,33,20,13,B,6
E21C8C9A-3F24-4CEA-BD8F-C62A2399EC82,BCC,phase2,2,29,9,20,B,6
E21C8C9A-3F24-4CEA-BD8F-C62A2399EC82,BCC,phase2,3,38,14,24,C,10
E21C8C9A-3F24-4CEA-BD8F-C62A2399EC82,BCC,phase2,4,12,3,9,C,10
E21C8C9A-3F24-4CEA-BD8F-C62A2399EC82,BCC,phase2,5,52,11,41,C,10
E21C8C9A-3F24-4CEA-BD8F-C62A2399EC82,BCC,phase2,6,29,7,22,C,10
E24E3387-3F45-4222-8360-AD515912A266,CCC,phase2,1,44,17,27,C,10
E24E3387-3F45-4222-8360-AD515912A266,CCC,phase2,2,32,7,25,C,10
E24E3387-3F45-4222-8360-AD515912A266,CCC,phase2,3,51,13,38,C,10
E24E3387-3F45-4222-8360-AD515912A266,CCC,phase2,4,11,4,7,C,10
E2632242-1770-49A8-8F7A-EE3934EB89AE,ACC,phase2,1,18,1,17,A,3
E2B26451-9754-42D5-9AB0-CB0B8096E9A7,ACC,phase2,1,42,9,33,A,3
E2C1D07E-0014-4A79-928A-982FAE3B8F51,ACC,phase1,1,1,0,1,A,3
E2D11250-AD9E-4996-96B1-5DF28213443D,BCC,phase2,1,176,57,119,B,6
E2D11250-AD9E-4996-96B1-5DF28213443D,BCC,phase2,2,228,42,186,B,6
E2D11250-AD9E-4996-96B1-5DF28213443D,BCC,phase2,3,217,24,193,C,10
E2D11250-AD9E-4996-96B1-5DF28213443D,BCC,phase2,4,178,15,163,C,10
E2D11250-AD9E-4996-96B1-5DF28213443D,BCC,phase2,5,132,13,119,C,10
E2D11250-AD9E-4996-96B1-5DF28213443D,BCC,phase2,6,88,19,69,C,10
E2D5D0CE-48AB-4023-BBF5-E47B61729E09,ACC,phase1,1,249,69,180,A,3
E2E7BA5B-08EF-406A-AE23-AD7C15BE2EE1,CCC,phase2,1,162,79,83,C,10
E2E7BA5B-08EF-406A-AE23-AD7C15BE2EE1,CCC,phase2,2,192,57,135,C,10
E2E7BA5B-08EF-406A-AE23-AD7C15BE2EE1,CCC,phase2,3,173,49,124,C,10
E2E7BA5B-08EF-406A-AE23-AD7C15BE2EE1,CCC,phase2,4,174,49,125,C,10
E2E7BA5B-08EF-406A-AE23-AD7C15BE2EE1,CCC,phase2,5,128,25,103,C,10
E2E7BA5B-08EF-406A-AE23-AD7C15BE2EE1,CCC,phase2,6,38,5,33,C,10
E2F3EEF6-A147-4CE8-A099-46D6E3840FD2,BCC,phase2,1,19,3,16,B,6
E2F3EEF6-A147-4CE8-A099-46D6E3840FD2,BCC,phase2,2,24,1,23,B,6
E30A8FC2-C9F9-41C0-946B-CFBDFE74F762,BCC,phase1,1,81,10,71,B,6
E30A8FC2-C9F9-41C0-946B-CFBDFE74F762,BCC,phase1,2,41,3,38,B,6
E30A8FC2-C9F9-41C0-946B-CFBDFE74F762,BCC,phase1,3,73,4,69,C,10
E30A8FC2-C9F9-41C0-946B-CFBDFE74F762,BCC,phase1,4,52,5,47,C,10
E30A8FC2-C9F9-41C0-946B-CFBDFE74F762,BCC,phase1,5,64,13,51,C,10
E30A8FC2-C9F9-41C0-946B-CFBDFE74F762,BCC,phase1,6,45,8,37,C,10
E33EDFB8-7478-41D4-B419-38B88952C642,CCC,phase2,1,99,39,60,C,10
E33EDFB8-7478-41D4-B419-38B88952C642,CCC,phase2,2,61,12,49,C,10
E33EDFB8-7478-41D4-B419-38B88952C642,CCC,phase2,3,50,15,35,C,10
E33EDFB8-7478-41D4-B419-38B88952C642,CCC,phase2,4,64,18,46,C,10
E33EDFB8-7478-41D4-B419-38B88952C642,CCC,phase2,5,2,1,1,C,10
E367C033-077F-434B-BC2A-0D469AFDE1C1,BCC,phase2,1,10,1,9,B,6
E367C033-077F-434B-BC2A-0D469AFDE1C1,BCC,phase2,2,5,0,5,B,6
E367C033-077F-434B-BC2A-0D469AFDE1C1,BCC,phase2,3,9,1,8,C,10
E367C033-077F-434B-BC2A-0D469AFDE1C1,BCC,phase2,4,2,0,2,C,10
E381308B-DE50-4D5C-B49F-C47D59D98577,ACC,phase1,1,249,43,206,A,3
E381308B-DE50-4D5C-B49F-C47D59D98577,ACC,phase1,2,234,33,201,A,3
E381308B-DE50-4D5C-B49F-C47D59D98577,ACC,phase1,3,154,22,132,C,10
E381308B-DE50-4D5C-B49F-C47D59D98577,ACC,phase1,4,119,27,92,C,10
E3891A00-5C44-4619-BB49-1E79A86C40E4,ABC,phase2,1,40,3,37,A,3
E3891A00-5C44-4619-BB49-1E79A86C40E4,ABC,phase2,2,23,3,20,A,3
E3B7E658-22B7-41C8-BD04-BB18C0520FC4,ACC,phase2,1,54,10,44,A,3
E3B7E658-22B7-41C8-BD04-BB18C0520FC4,ACC,phase2,2,51,21,30,A,3
E3B7E658-22B7-41C8-BD04-BB18C0520FC4,ACC,phase2,3,15,5,10,C,10
E43BA330-9287-4EDF-A017-E4B80C160E50,ABC,phase2,1,131,42,89,A,3
E43BA330-9287-4EDF-A017-E4B80C160E50,ABC,phase2,2,129,28,101,A,3
E43BA330-9287-4EDF-A017-E4B80C160E50,ABC,phase2,3,75,28,47,B,6
E43BA330-9287-4EDF-A017-E4B80C160E50,ABC,phase2,4,99,38,61,B,6
E43BA330-9287-4EDF-A017-E4B80C160E50,ABC,phase2,5,64,33,31,C,10
E43BA330-9287-4EDF-A017-E4B80C160E50,ABC,phase2,6,58,13,45,C,10
E43CA5FF-C75C-4AFC-BB6E-882836AB09F2,BCC,phase1,1,103,23,80,B,6
E43CA5FF-C75C-4AFC-BB6E-882836AB09F2,BCC,phase1,2,94,21,73,B,6
E43CA5FF-C75C-4AFC-BB6E-882836AB09F2,BCC,phase1,3,124,25,99,C,10
E43CA5FF-C75C-4AFC-BB6E-882836AB09F2,BCC,phase1,4,104,14,90,C,10
E43CA5FF-C75C-4AFC-BB6E-882836AB09F2,BCC,phase1,5,124,17,107,C,10
E43CA5FF-C75C-4AFC-BB6E-882836AB09F2,BCC,phase1,6,59,8,51,C,10
E4CE841A-09D0-4F14-9C6D-D568A4BDEDCD,BCC,phase2,1,74,9,65,B,6
E4F3AA43-23BE-429A-A498-38624B2F9623,BCC,phase2,1,63,16,47,B,6
E4F3AA43-23BE-429A-A498-38624B2F9623,BCC,phase2,2,34,10,24,B,6
E5485BA1-404C-4B4C-8DC4-ABE7CDC159A7,BCC,phase2,1,1,0,1,B,6
E5699BC1-3848-432B-BDBD-05DE2334B9A5,ABC,phase2,1,159,29,130,A,3
E5699BC1-3848-432B-BDBD-05DE2334B9A5,ABC,phase2,2,170,35,135,A,3
E5699BC1-3848-432B-BDBD-05DE2334B9A5,ABC,phase2,3,130,30,100,B,6
E5699BC1-3848-432B-BDBD-05DE2334B9A5,ABC,phase2,4,90,16,74,B,6
E5699BC1-3848-432B-BDBD-05DE2334B9A5,ABC,phase2,5,63,10,53,C,10
E5699BC1-3848-432B-BDBD-05DE2334B9A5,ABC,phase2,6,34,10,24,C,10
E598C04B-192B-4813-928A-1E94CE1FCD64,ACC,phase1,1,1,1,0,A,3
E5CC0FC0-6CDC-421A-8ABC-97C44A1E36CD,CCC,phase1,1,61,9,52,C,10
E5D33A45-035B-40C7-9F5A-317F81A3F6BE,ABC,phase1,1,1,1,0,A,3
E60EC3C9-41A0-4052-900A-46E66F9385A4,BCC,phase2,1,20,5,15,B,6
E60EC3C9-41A0-4052-900A-46E66F9385A4,BCC,phase2,2,26,11,15,B,6
E6196999-42BF-420C-8F25-5F8DB3EF1711,CCC,phase1,1,1,1,0,C,10
E636FFB9-4DB8-4DF9-8C77-485958E5D137,CCC,phase2,1,15,1,14,C,10
E636FFB9-4DB8-4DF9-8C77-485958E5D137,CCC,phase2,2,8,2,6,C,10
E636FFB9-4DB8-4DF9-8C77-485958E5D137,CCC,phase2,3,3,2,1,C,10
E636FFB9-4DB8-4DF9-8C77-485958E5D137,CCC,phase2,4,20,7,13,C,10
E636FFB9-4DB8-4DF9-8C77-485958E5D137,CCC,phase2,5,16,3,13,C,10
E636FFB9-4DB8-4DF9-8C77-485958E5D137,CCC,phase2,6,130,35,95,C,10
E637392F-9142-4AB0-80DA-BA5724B5AA80,BCC,phase2,1,23,8,15,B,6
E637392F-9142-4AB0-80DA-BA5724B5AA80,BCC,phase2,2,26,6,20,B,6
E637392F-9142-4AB0-80DA-BA5724B5AA80,BCC,phase2,3,25,6,19,C,10
E637392F-9142-4AB0-80DA-BA5724B5AA80,BCC,phase2,4,14,3,11,C,10
E637392F-9142-4AB0-80DA-BA5724B5AA80,BCC,phase2,5,18,2,16,C,10
E637392F-9142-4AB0-80DA-BA5724B5AA80,BCC,phase2,6,3,0,3,C,10
E647D4DB-5485-4F5F-A522-FC19C8F443B0,ABC,phase1,1,131,29,102,A,3
E647D4DB-5485-4F5F-A522-FC19C8F443B0,ABC,phase1,2,94,9,85,A,3
E647D4DB-5485-4F5F-A522-FC19C8F443B0,ABC,phase1,3,58,9,49,B,6
E647D4DB-5485-4F5F-A522-FC19C8F443B0,ABC,phase1,4,69,13,56,B,6
E647D4DB-5485-4F5F-A522-FC19C8F443B0,ABC,phase1,5,73,21,52,C,10
E647D4DB-5485-4F5F-A522-FC19C8F443B0,ABC,phase1,6,30,11,19,C,10
E69307F6-25BE-4E01-B8A4-013DCAC51F4A,BCC,phase1,1,100,12,88,B,6
E69307F6-25BE-4E01-B8A4-013DCAC51F4A,BCC,phase1,2,46,5,41,B,6
E69307F6-25BE-4E01-B8A4-013DCAC51F4A,BCC,phase1,3,17,4,13,C,10
E69307F6-25BE-4E01-B8A4-013DCAC51F4A,BCC,phase1,4,23,4,19,C,10
E69307F6-25BE-4E01-B8A4-013DCAC51F4A,BCC,phase1,5,8,1,7,C,10
E6B675D9-77C9-43D0-8C5B-BE1496A63D87,CCC,phase2,1,143,56,87,C,10
E6B675D9-77C9-43D0-8C5B-BE1496A63D87,CCC,phase2,2,28,6,22,C,10
E6F4C8EA-172A-4FB3-BE64-D1B97541807E,CCC,phase2,1,1,0,1,C,10
E70D7013-F672-4E17-9C68-4FC62820E7C8,CCC,phase1,1,39,16,23,C,10
E70D7013-F672-4E17-9C68-4FC62820E7C8,CCC,phase1,2,39,3,36,C,10
E70D7013-F672-4E17-9C68-4FC62820E7C8,CCC,phase1,3,25,4,21,C,10
E70D7013-F672-4E17-9C68-4FC62820E7C8,CCC,phase1,4,60,16,44,C,10
E70D7013-F672-4E17-9C68-4FC62820E7C8,CCC,phase1,5,40,5,35,C,10
E70D7013-F672-4E17-9C68-4FC62820E7C8,CCC,phase1,6,29,5,24,C,10
E71816C6-7BE2-43F8-89BE-EC9B9C6C00BE,ABC,phase1,1,96,32,64,A,3
E7338972-F98C-428B-9196-6E0CEDDF1AA6,ABC,phase2,1,9,2,7,A,3
E7571663-5478-450A-83C7-83D45D096958,CCC,phase2,1,110,40,70,C,10
E7A950E8-F1CA-4143-BCEC-7A69287BA6DC,ABC,phase1,1,243,87,156,A,3
E7A950E8-F1CA-4143-BCEC-7A69287BA6DC,ABC,phase1,2,159,35,124,A,3
E7A950E8-F1CA-4143-BCEC-7A69287BA6DC,ABC,phase1,3,168,39,129,B,6
E7A950E8-F1CA-4143-BCEC-7A69287BA6DC,ABC,phase1,4,127,29,98,B,6
E7A950E8-F1CA-4143-BCEC-7A69287BA6DC,ABC,phase1,5,107,15,92,C,10
E7A950E8-F1CA-4143-BCEC-7A69287BA6DC,ABC,phase1,6,153,32,121,C,10
E7A96CCE-CA51-4629-AB6F-C9CEBC827C5C,CCC,phase2,1,74,19,55,C,10
E7A96CCE-CA51-4629-AB6F-C9CEBC827C5C,CCC,phase2,2,99,32,67,C,10
E7A96CCE-CA51-4629-AB6F-C9CEBC827C5C,CCC,phase2,3,81,17,64,C,10
E7A96CCE-CA51-4629-AB6F-C9CEBC827C5C,CCC,phase2,4,72,13,59,C,10
E7A96CCE-CA51-4629-AB6F-C9CEBC827C5C,CCC,phase2,5,27,11,16,C,10
E7A96CCE-CA51-4629-AB6F-C9CEBC827C5C,CCC,phase2,6,20,7,13,C,10
E7ABD455-C0E1-42F1-8E01-F88D3795C9C3,BCC,phase1,1,1,1,0,B,6
E7C94A1C-F997-4D5D-9560-A8193D906326,CCC,phase1,1,155,51,104,C,10
E7C94A1C-F997-4D5D-9560-A8193D906326,CCC,phase1,2,148,28,120,C,10
E7C94A1C-F997-4D5D-9560-A8193D906326,CCC,phase1,3,20,4,16,C,10
E7CDE597-C76B-486D-921E-ECAE76268E8C,BCC,phase1,1,214,52,162,B,6
E7CDE597-C76B-486D-921E-ECAE76268E8C,BCC,phase1,2,204,40,164,B,6
E7CDE597-C76B-486D-921E-ECAE76268E8C,BCC,phase1,3,245,38,207,C,10
E7CDE597-C76B-486D-921E-ECAE76268E8C,BCC,phase1,4,260,46,214,C,10
E7CDE597-C76B-486D-921E-ECAE76268E8C,BCC,phase1,5,177,28,149,C,10
E7E16642-DF6A-4405-91E9-88618956275D,ACC,phase2,1,218,46,172,A,3
E7E16642-DF6A-4405-91E9-88618956275D,ACC,phase2,2,173,34,139,A,3
E7FFE448-7A53-46C2-A0F1-B5C0BCA8FD36,CCC,phase2,1,102,30,72,C,10
E7FFE448-7A53-46C2-A0F1-B5C0BCA8FD36,CCC,phase2,2,19,6,13,C,10
E80EF906-BC9B-48B9-981D-DDAEB485C803,CCC,phase2,1,89,42,47,C,10
E80EF906-BC9B-48B9-981D-DDAEB485C803,CCC,phase2,2,78,21,57,C,10
E80EF906-BC9B-48B9-981D-DDAEB485C803,CCC,phase2,3,169,65,104,C,10
E80EF906-BC9B-48B9-981D-DDAEB485C803,CCC,phase2,4,149,40,109,C,10
E80EF906-BC9B-48B9-981D-DDAEB485C803,CCC,phase2,5,136,40,96,C,10
E80EF906-BC9B-48B9-981D-DDAEB485C803,CCC,phase2,6,73,13,60,C,10
E8288E25-1FFE-47B0-8576-E671B0741F4D,CCC,phase2,1,1,0,1,C,10
E85BC00A-06C2-4751-896B-489F2717A061,CCC,phase1,1,210,67,143,C,10
E862A714-9AED-44EC-A444-1C3A0073736A,CCC,phase1,1,234,62,172,C,10
E862A714-9AED-44EC-A444-1C3A0073736A,CCC,phase1,2,89,26,63,C,10
E862A714-9AED-44EC-A444-1C3A0073736A,CCC,phase1,3,159,38,121,C,10
E862A714-9AED-44EC-A444-1C3A0073736A,CCC,phase1,4,106,21,85,C,10
E862A714-9AED-44EC-A444-1C3A0073736A,CCC,phase1,5,118,27,91,C,10
E862A714-9AED-44EC-A444-1C3A0073736A,CCC,phase1,6,81,17,64,C,10
E8792EC2-00BB-4A60-8381-2CEDB1FD5E0E,ACC,phase2,1,290,139,151,A,3
E8792EC2-00BB-4A60-8381-2CEDB1FD5E0E,ACC,phase2,2,164,45,119,A,3
E8792EC2-00BB-4A60-8381-2CEDB1FD5E0E,ACC,phase2,3,306,72,234,C,10
E8792EC2-00BB-4A60-8381-2CEDB1FD5E0E,ACC,phase2,4,291,53,238,C,10
E8792EC2-00BB-4A60-8381-2CEDB1FD5E0E,ACC,phase2,5,23,3,20,C,10
E88FA493-5079-40B5-92E3-6D8CF9AE4476,ACC,phase1,1,54,17,37,A,3
E88FA493-5079-40B5-92E3-6D8CF9AE4476,ACC,phase1,2,67,13,54,A,3
E88FA493-5079-40B5-92E3-6D8CF9AE4476,ACC,phase1,3,64,24,40,C,10
E88FA493-5079-40B5-92E3-6D8CF9AE4476,ACC,phase1,4,26,9,17,C,10
E88FA493-5079-40B5-92E3-6D8CF9AE4476,ACC,phase1,5,45,8,37,C,10
E88FA493-5079-40B5-92E3-6D8CF9AE4476,ACC,phase1,6,39,12,27,C,10
E8ABBC70-2942-4249-9A8A-D6D28E069D24,ACC,phase2,1,139,39,100,A,3
E8ABBC70-2942-4249-9A8A-D6D28E069D24,ACC,phase2,2,247,32,215,A,3
E8ABBC70-2942-4249-9A8A-D6D28E069D24,ACC,phase2,3,16,1,15,C,10
E8ADEEEB-F0E9-49D5-BB29-3D8C11A36032,CCC,phase2,1,28,19,9,C,10
E8ADEEEB-F0E9-49D5-BB29-3D8C11A36032,CCC,phase2,2,0,0,0,C,10
E8ADEEEB-F0E9-49D5-BB29-3D8C11A36032,CCC,phase2,3,0,0,0,C,10
E8ADEEEB-F0E9-49D5-BB29-3D8C11A36032,CCC,phase2,4,19,8,11,C,10
E8FF9558-C11C-406F-BCBC-6FD77EFE6037,CCC,phase2,1,108,29,79,C,10
E8FF9558-C11C-406F-BCBC-6FD77EFE6037,CCC,phase2,2,130,49,81,C,10
E8FF9558-C11C-406F-BCBC-6FD77EFE6037,CCC,phase2,3,111,38,73,C,10
E8FF9558-C11C-406F-BCBC-6FD77EFE6037,CCC,phase2,4,110,35,75,C,10
E8FF9558-C11C-406F-BCBC-6FD77EFE6037,CCC,phase2,5,178,35,143,C,10
E8FF9558-C11C-406F-BCBC-6FD77EFE6037,CCC,phase2,6,131,20,111,C,10
E905588F-DB6A-4FEC-A2D2-B22FC9848A23,ABC,phase2,1,15,5,10,A,3
E905588F-DB6A-4FEC-A2D2-B22FC9848A23,ABC,phase2,2,12,2,10,A,3
E905588F-DB6A-4FEC-A2D2-B22FC9848A23,ABC,phase2,3,9,2,7,B,6
E905588F-DB6A-4FEC-A2D2-B22FC9848A23,ABC,phase2,4,7,2,5,B,6
E905588F-DB6A-4FEC-A2D2-B22FC9848A23,ABC,phase2,5,14,0,14,C,10
E905588F-DB6A-4FEC-A2D2-B22FC9848A23,ABC,phase2,6,17,2,15,C,10
E94A5107-031F-4B37-A1C7-F1D21D581A97,BCC,phase1,1,377,303,74,B,6
E94A5107-031F-4B37-A1C7-F1D21D581A97,BCC,phase1,2,101,23,78,B,6
E94A5107-031F-4B37-A1C7-F1D21D581A97,BCC,phase1,3,60,10,50,C,10
E94A5107-031F-4B37-A1C7-F1D21D581A97,BCC,phase1,4,92,26,66,C,10
E94A5107-031F-4B37-A1C7-F1D21D581A97,BCC,phase1,5,282,205,77,C,10
E94A5107-031F-4B37-A1C7-F1D21D581A97,BCC,phase1,6,268,156,112,C,10
E972A06D-0E2F-447A-9B50-E134391FD46E,BCC,phase1,1,248,148,100,B,6
E972A06D-0E2F-447A-9B50-E134391FD46E,BCC,phase1,2,217,114,103,B,6
E972A06D-0E2F-447A-9B50-E134391FD46E,BCC,phase1,3,220,108,112,C,10
E972A06D-0E2F-447A-9B50-E134391FD46E,BCC,phase1,4,193,72,121,C,10
E972A06D-0E2F-447A-9B50-E134391FD46E,BCC,phase1,5,223,68,155,C,10
E972A06D-0E2F-447A-9B50-E134391FD46E,BCC,phase1,6,168,45,123,C,10
E990200B-C57C-4654-95B7-85C846C507EC,CCC,phase2,1,6,2,4,C,10
E990200B-C57C-4654-95B7-85C846C507EC,CCC,phase2,2,12,3,9,C,10
E990200B-C57C-4654-95B7-85C846C507EC,CCC,phase2,3,13,2,11,C,10
E990200B-C57C-4654-95B7-85C846C507EC,CCC,phase2,4,40,1,39,C,10
E990200B-C57C-4654-95B7-85C846C507EC,CCC,phase2,5,44,5,39,C,10
EA048116-4D22-485E-8B98-074769AD27DD,BCC,phase2,1,1,1,0,B,6
EA6E113A-F9BE-4E9E-93DD-35B4956069C7,ABC,phase1,1,163,40,123,A,3
EA6E113A-F9BE-4E9E-93DD-35B4956069C7,ABC,phase1,2,84,17,67,A,3
EA6E113A-F9BE-4E9E-93DD-35B4956069C7,ABC,phase1,3,111,22,89,B,6
EA6E113A-F9BE-4E9E-93DD-35B4956069C7,ABC,phase1,4,116,22,94,B,6
EA6E113A-F9BE-4E9E-93DD-35B4956069C7,ABC,phase1,5,88,29,59,C,10
EA6E113A-F9BE-4E9E-93DD-35B4956069C7,ABC,phase1,6,76,19,57,C,10
EAAD033D-0AD7-4B50-9391-86B507B36F34,ABC,phase2,1,413,118,295,A,3
EAAD033D-0AD7-4B50-9391-86B507B36F34,ABC,phase2,2,287,75,212,A,3
EAAD033D-0AD7-4B50-9391-86B507B36F34,ABC,phase2,3,186,46,140,B,6
EAB3AB52-DCD1-4D29-B1FE-E7AF40F5B072,ACC,phase1,1,112,26,86,A,3
EAB3AB52-DCD1-4D29-B1FE-E7AF40F5B072,ACC,phase1,2,103,14,89,A,3
EAB3AB52-DCD1-4D29-B1FE-E7AF40F5B072,ACC,phase1,3,95,25,70,C,10
EAB3AB52-DCD1-4D29-B1FE-E7AF40F5B072,ACC,phase1,4,96,26,70,C,10
EAB3AB52-DCD1-4D29-B1FE-E7AF40F5B072,ACC,phase1,5,37,9,28,C,10
EAB3AB52-DCD1-4D29-B1FE-E7AF40F5B072,ACC,phase1,6,50,14,36,C,10
EB1D25E6-0F52-491A-8C42-133EB53CFFB9,ACC,phase2,1,135,49,86,A,3
EB1D25E6-0F52-491A-8C42-133EB53CFFB9,ACC,phase2,2,125,17,108,A,3
EB1FB64B-8A6F-4305-97B1-5D782CCE6566,ABC,phase1,1,129,43,86,A,3
EB1FB64B-8A6F-4305-97B1-5D782CCE6566,ABC,phase1,2,93,25,68,A,3
EB1FB64B-8A6F-4305-97B1-5D782CCE6566,ABC,phase1,3,48,16,32,B,6
EB1FB64B-8A6F-4305-97B1-5D782CCE6566,ABC,phase1,4,54,9,45,B,6
EB1FB64B-8A6F-4305-97B1-5D782CCE6566,ABC,phase1,5,89,14,75,C,10
EB1FB64B-8A6F-4305-97B1-5D782CCE6566,ABC,phase1,6,47,9,38,C,10
EB201F42-91B4-4BB0-957A-7819617F8637,ABC,phase2,1,38,15,23,A,3
EB2F6067-7066-4E82-8BF0-F52759DD508F,CCC,phase2,1,257,69,188,C,10
EB2F6067-7066-4E82-8BF0-F52759DD508F,CCC,phase2,2,225,38,187,C,10
EB2F6067-7066-4E82-8BF0-F52759DD508F,CCC,phase2,3,214,62,152,C,10
EB2F6067-7066-4E82-8BF0-F52759DD508F,CCC,phase2,4,195,45,150,C,10
EB2F6067-7066-4E82-8BF0-F52759DD508F,CCC,phase2,5,222,62,160,C,10
EB2F6067-7066-4E82-8BF0-F52759DD508F,CCC,phase2,6,212,53,159,C,10
EB359E35-8D35-4A90-834B-0285B958817B,CCC,phase2,1,31,7,24,C,10
EB359E35-8D35-4A90-834B-0285B958817B,CCC,phase2,2,40,6,34,C,10
EB359E35-8D35-4A90-834B-0285B958817B,CCC,phase2,3,39,7,32,C,10
EB359E35-8D35-4A90-834B-0285B958817B,CCC,phase2,4,14,0,14,C,10
EB449C63-D6DA-435C-A32C-613168CA69E9,ACC,phase1,1,61,18,43,A,3
EB449C63-D6DA-435C-A32C-613168CA69E9,ACC,phase1,2,50,5,45,A,3
EB449C63-D6DA-435C-A32C-613168CA69E9,ACC,phase1,3,55,7,48,C,10
EB449C63-D6DA-435C-A32C-613168CA69E9,ACC,phase1,4,51,7,44,C,10
EB449C63-D6DA-435C-A32C-613168CA69E9,ACC,phase1,5,10,3,7,C,10
EB7FD320-D889-442F-87AC-D9CF452F4A31,BCC,phase1,1,89,47,42,B,6
EB9572CA-2B85-4CA6-9E2A-E2087389E0A2,ABC,phase1,1,1,1,0,A,3
EBF1EE68-8728-4A7C-A6FA-827C6192FCA1,ABC,phase2,1,158,30,128,A,3
EBF1EE68-8728-4A7C-A6FA-827C6192FCA1,ABC,phase2,2,70,7,63,A,3
EBF1EE68-8728-4A7C-A6FA-827C6192FCA1,ABC,phase2,3,17,1,16,B,6
EBF4106D-8C37-4B9D-963A-A49DA8C4D39C,BCC,phase2,1,1,1,0,B,6
EC53982F-8E17-433F-9CE4-DB17E8848017,ACC,phase2,1,5,0,5,A,3
EC5E512A-8A9A-4273-A4D2-6CD9BDB028A4,ABC,phase2,1,2,0,2,A,3
EC63F973-094C-42DD-90B3-B68D81E76524,ABC,phase1,1,1,1,0,A,3
EC879C08-73E6-4EC9-955E-0A7E474AB0BB,CCC,phase2,1,1,1,0,C,10
ECB02743-DFAD-4A3A-9219-2E5CFC13BA0D,CCC,phase2,1,319,192,127,C,10
ECB02743-DFAD-4A3A-9219-2E5CFC13BA0D,CCC,phase2,2,215,118,97,C,10
ECB02743-DFAD-4A3A-9219-2E5CFC13BA0D,CCC,phase2,3,187,101,86,C,10
ECB02743-DFAD-4A3A-9219-2E5CFC13BA0D,CCC,phase2,4,202,130,72,C,10
ECB02743-DFAD-4A3A-9219-2E5CFC13BA0D,CCC,phase2,5,257,152,105,C,10
ECB02743-DFAD-4A3A-9219-2E5CFC13BA0D,CCC,phase2,6,148,71,77,C,10
ECF2E190-6D52-4950-BBD3-E2BEC46B5C72,ABC,phase2,1,79,22,57,A,3
ECF55C1F-1866-4F1A-BCCB-F5669D80E9C7,BCC,phase1,1,246,61,185,B,6
ECF55C1F-1866-4F1A-BCCB-F5669D80E9C7,BCC,phase1,2,31,8,23,B,6
ED0E8D6B-DA5C-4BBF-BC65-207E27A749C1,CCC,phase1,1,6,6,0,C,10
ED1A5CA1-A8E6-41E6-B9AC-9EAA5C74D379,CCC,phase2,1,24,0,24,C,10
ED384A4B-4016-435D-A531-AC085629DEC9,ABC,phase2,1,273,106,167,A,3
ED384A4B-4016-435D-A531-AC085629DEC9,ABC,phase2,2,283,71,212,A,3
ED384A4B-4016-435D-A531-AC085629DEC9,ABC,phase2,3,404,95,309,B,6
ED384A4B-4016-435D-A531-AC085629DEC9,ABC,phase2,4,359,88,271,B,6
ED384A4B-4016-435D-A531-AC085629DEC9,ABC,phase2,5,239,90,149,C,10
ED384A4B-4016-435D-A531-AC085629DEC9,ABC,phase2,6,304,112,192,C,10
ED59BBC2-B520-400C-8BF8-D4A1AD2B813C,BCC,phase1,1,200,104,96,B,6
ED59BBC2-B520-400C-8BF8-D4A1AD2B813C,BCC,phase1,2,138,74,64,B,6
ED59BBC2-B520-400C-8BF8-D4A1AD2B813C,BCC,phase1,3,97,38,59,C,10
ED59BBC2-B520-400C-8BF8-D4A1AD2B813C,BCC,phase1,4,133,58,75,C,10
ED59BBC2-B520-400C-8BF8-D4A1AD2B813C,BCC,phase1,5,89,40,49,C,10
ED59BBC2-B520-400C-8BF8-D4A1AD2B813C,BCC,phase1,6,69,22,47,C,10
ED7F08D2-C49E-4124-85F4-5C8A99856ADF,ABC,phase2,1,275,62,213,A,3
ED7F08D2-C49E-4124-85F4-5C8A99856ADF,ABC,phase2,2,275,27,248,A,3
ED7F08D2-C49E-4124-85F4-5C8A99856ADF,ABC,phase2,3,22,2,20,B,6
EDA32944-83E0-419E-A056-14B846AAC577,ABC,phase2,1,65,22,43,A,3
EDA32944-83E0-419E-A056-14B846AAC577,ABC,phase2,2,38,9,29,A,3
EDA32944-83E0-419E-A056-14B846AAC577,ABC,phase2,3,56,20,36,B,6
EDA32944-83E0-419E-A056-14B846AAC577,ABC,phase2,4,91,27,64,B,6
EDA32944-83E0-419E-A056-14B846AAC577,ABC,phase2,5,65,17,48,C,10
EDA32944-83E0-419E-A056-14B846AAC577,ABC,phase2,6,30,7,23,C,10
EDC6598C-B1AB-4D27-A6ED-9CFBBD9FCDDD,CCC,phase1,1,131,45,86,C,10
EDC6598C-B1AB-4D27-A6ED-9CFBBD9FCDDD,CCC,phase1,2,160,42,118,C,10
EDC6598C-B1AB-4D27-A6ED-9CFBBD9FCDDD,CCC,phase1,3,180,44,136,C,10
EDC6598C-B1AB-4D27-A6ED-9CFBBD9FCDDD,CCC,phase1,4,142,34,108,C,10
EDC6598C-B1AB-4D27-A6ED-9CFBBD9FCDDD,CCC,phase1,5,77,12,65,C,10
EDC6598C-B1AB-4D27-A6ED-9CFBBD9FCDDD,CCC,phase1,6,96,17,79,C,10
EE120F42-0FA5-46FD-8C78-148B5FCD3A30,BCC,phase1,1,1,0,1,B,6
EE5791A7-1694-495F-8EDA-59D9A0EC52E2,ACC,phase2,1,130,34,96,A,3
EE5791A7-1694-495F-8EDA-59D9A0EC52E2,ACC,phase2,2,179,42,137,A,3
EE5791A7-1694-495F-8EDA-59D9A0EC52E2,ACC,phase2,3,198,62,136,C,10
EE5791A7-1694-495F-8EDA-59D9A0EC52E2,ACC,phase2,4,8,1,7,C,10
EEA9C4E0-218F-4875-B4C4-6213DAF08014,CCC,phase1,1,106,55,51,C,10
EEA9C4E0-218F-4875-B4C4-6213DAF08014,CCC,phase1,2,78,36,42,C,10
EEA9C4E0-218F-4875-B4C4-6213DAF08014,CCC,phase1,3,59,27,32,C,10
EEA9C4E0-218F-4875-B4C4-6213DAF08014,CCC,phase1,4,48,26,22,C,10
EEA9C4E0-218F-4875-B4C4-6213DAF08014,CCC,phase1,5,45,31,14,C,10
EEA9C4E0-218F-4875-B4C4-6213DAF08014,CCC,phase1,6,42,29,13,C,10
EEEA5125-45AF-4C61-83EA-DF57C780C4B7,ABC,phase2,1,182,43,139,A,3
EEEA5125-45AF-4C61-83EA-DF57C780C4B7,ABC,phase2,2,219,61,158,A,3
EEEA5125-45AF-4C61-83EA-DF57C780C4B7,ABC,phase2,3,223,72,151,B,6
EF22EDB5-FA61-4687-ACB8-BEA3441349E5,ABC,phase2,1,30,12,18,A,3
EF22EDB5-FA61-4687-ACB8-BEA3441349E5,ABC,phase2,2,14,3,11,A,3
EF22EDB5-FA61-4687-ACB8-BEA3441349E5,ABC,phase2,3,15,5,10,B,6
EF22EDB5-FA61-4687-ACB8-BEA3441349E5,ABC,phase2,4,10,2,8,B,6
EF22EDB5-FA61-4687-ACB8-BEA3441349E5,ABC,phase2,5,9,0,9,C,10
EF22EDB5-FA61-4687-ACB8-BEA3441349E5,ABC,phase2,6,10,2,8,C,10
EF3A340C-5BE4-49A7-958C-B846D92E391B,BCC,phase1,1,75,6,69,B,6
EF3A340C-5BE4-49A7-958C-B846D92E391B,BCC,phase1,2,53,5,48,B,6
EF3A340C-5BE4-49A7-958C-B846D92E391B,BCC,phase1,3,34,1,33,C,10
EF3A340C-5BE4-49A7-958C-B846D92E391B,BCC,phase1,4,4,0,4,C,10
EF3A340C-5BE4-49A7-958C-B846D92E391B,BCC,phase1,5,6,0,6,C,10
EF3D93AE-7930-4EDD-9F4B-FD824CB5C196,CCC,phase1,1,203,56,147,C,10
EF3D93AE-7930-4EDD-9F4B-FD824CB5C196,CCC,phase1,2,140,25,115,C,10
EF3D93AE-7930-4EDD-9F4B-FD824CB5C196,CCC,phase1,3,111,24,87,C,10
EF3D93AE-7930-4EDD-9F4B-FD824CB5C196,CCC,phase1,4,74,21,53,C,10
EF3D93AE-7930-4EDD-9F4B-FD824CB5C196,CCC,phase1,5,79,13,66,C,10
EF3D93AE-7930-4EDD-9F4B-FD824CB5C196,CCC,phase1,6,28,5,23,C,10
EF599199-1BBF-489D-A92C-F3E2276B8A3E,BCC,phase1,1,231,37,194,B,6
EF5AE5AB-CF97-4DAD-B6DE-CA5F30F382E1,CCC,phase1,1,390,105,285,C,10
EF5AE5AB-CF97-4DAD-B6DE-CA5F30F382E1,CCC,phase1,2,290,60,230,C,10
EF5AE5AB-CF97-4DAD-B6DE-CA5F30F382E1,CCC,phase1,3,244,63,181,C,10
EF5AE5AB-CF97-4DAD-B6DE-CA5F30F382E1,CCC,phase1,4,323,86,237,C,10
EF5AE5AB-CF97-4DAD-B6DE-CA5F30F382E1,CCC,phase1,5,205,75,130,C,10
EF5AE5AB-CF97-4DAD-B6DE-CA5F30F382E1,CCC,phase1,6,212,33,179,C,10
EF5B927F-B809-4201-AC77-4A9E81F6E552,ACC,phase2,1,86,40,46,A,3
EF5B927F-B809-4201-AC77-4A9E81F6E552,ACC,phase2,2,83,10,73,A,3
EF5B927F-B809-4201-AC77-4A9E81F6E552,ACC,phase2,3,32,18,14,C,10
EF5B927F-B809-4201-AC77-4A9E81F6E552,ACC,phase2,4,32,17,15,C,10
EF5B927F-B809-4201-AC77-4A9E81F6E552,ACC,phase2,5,14,4,10,C,10
EF5B927F-B809-4201-AC77-4A9E81F6E552,ACC,phase2,6,8,4,4,C,10
EFB38A5A-7098-4F80-A7AC-B7572576CD27,CCC,phase2,1,34,11,23,C,10
EFB38A5A-7098-4F80-A7AC-B7572576CD27,CCC,phase2,2,10,5,5,C,10
EFB38A5A-7098-4F80-A7AC-B7572576CD27,CCC,phase2,3,17,6,11,C,10
F020BF03-95B0-4287-8DA1-071B34E0E2DB,BCC,phase2,1,58,20,38,B,6
F020BF03-95B0-4287-8DA1-071B34E0E2DB,BCC,phase2,2,135,17,118,B,6
F020BF03-95B0-4287-8DA1-071B34E0E2DB,BCC,phase2,3,101,17,84,C,10
F020BF03-95B0-4287-8DA1-071B34E0E2DB,BCC,phase2,4,95,18,77,C,10
F020BF03-95B0-4287-8DA1-071B34E0E2DB,BCC,phase2,5,74,13,61,C,10
F020BF03-95B0-4287-8DA1-071B34E0E2DB,BCC,phase2,6,90,22,68,C,10
F05EA73D-296A-4690-8500-786AE778CE27,ACC,phase1,1,78,22,56,A,3
F05EA73D-296A-4690-8500-786AE778CE27,ACC,phase1,2,73,17,56,A,3
F05EA73D-296A-4690-8500-786AE778CE27,ACC,phase1,3,82,29,53,C,10
F05EA73D-296A-4690-8500-786AE778CE27,ACC,phase1,4,35,6,29,C,10
F05EA73D-296A-4690-8500-786AE778CE27,ACC,phase1,5,56,18,38,C,10
F05EA73D-296A-4690-8500-786AE778CE27,ACC,phase1,6,35,6,29,C,10
F07AF57F-37C8-4CC9-B9AB-DEAA846E7CB8,ACC,phase1,1,281,135,146,A,3
F07AF57F-37C8-4CC9-B9AB-DEAA846E7CB8,ACC,phase1,2,389,135,254,A,3
F07AF57F-37C8-4CC9-B9AB-DEAA846E7CB8,ACC,phase1,3,244,140,104,C,10
F07AF57F-37C8-4CC9-B9AB-DEAA846E7CB8,ACC,phase1,4,91,46,45,C,10
F07AF57F-37C8-4CC9-B9AB-DEAA846E7CB8,ACC,phase1,5,140,78,62,C,10
F07AF57F-37C8-4CC9-B9AB-DEAA846E7CB8,ACC,phase1,6,120,44,76,C,10
F09C12D3-235C-4664-AF38-5947A66DD99A,ACC,phase2,1,2,0,2,A,3
F09C12D3-235C-4664-AF38-5947A66DD99A,ACC,phase2,2,0,0,0,A,3
F09C12D3-235C-4664-AF38-5947A66DD99A,ACC,phase2,3,7,1,6,C,10
F09C12D3-235C-4664-AF38-5947A66DD99A,ACC,phase2,4,6,0,6,C,10
F09C12D3-235C-4664-AF38-5947A66DD99A,ACC,phase2,5,1,0,1,C,10
F09C12D3-235C-4664-AF38-5947A66DD99A,ACC,phase2,6,1,0,1,C,10
F0CACFA1-E010-4A9D-8132-61189DAEB17C,ABC,phase2,1,86,6,80,A,3
F0CACFA1-E010-4A9D-8132-61189DAEB17C,ABC,phase2,2,67,4,63,A,3
F0CACFA1-E010-4A9D-8132-61189DAEB17C,ABC,phase2,3,76,3,73,B,6
F0CACFA1-E010-4A9D-8132-61189DAEB17C,ABC,phase2,4,34,2,32,B,6
F0D9E2B6-9310-4E17-AE7F-D7C7C32A2CC5,CCC,phase1,1,109,41,68,C,10
F0D9E2B6-9310-4E17-AE7F-D7C7C32A2CC5,CCC,phase1,2,105,26,79,C,10
F0D9E2B6-9310-4E17-AE7F-D7C7C32A2CC5,CCC,phase1,3,94,24,70,C,10
F0D9E2B6-9310-4E17-AE7F-D7C7C32A2CC5,CCC,phase1,4,53,10,43,C,10
F0D9E2B6-9310-4E17-AE7F-D7C7C32A2CC5,CCC,phase1,5,35,6,29,C,10
F0D9E2B6-9310-4E17-AE7F-D7C7C32A2CC5,CCC,phase1,6,95,26,69,C,10
F0DDEDEA-2201-4084-B65A-FA21D8D21249,CCC,phase2,1,44,13,31,C,10
F0DDEDEA-2201-4084-B65A-FA21D8D21249,CCC,phase2,2,58,15,43,C,10
F0DDEDEA-2201-4084-B65A-FA21D8D21249,CCC,phase2,3,55,10,45,C,10
F0DDEDEA-2201-4084-B65A-FA21D8D21249,CCC,phase2,4,14,1,13,C,10
F0DDEDEA-2201-4084-B65A-FA21D8D21249,CCC,phase2,5,14,1,13,C,10
F0DDEDEA-2201-4084-B65A-FA21D8D21249,CCC,phase2,6,12,0,12,C,10
F1356D17-C28B-42B8-B7F0-6EE5BE85BB60,ABC,phase1,1,393,268,125,A,3
F1356D17-C28B-42B8-B7F0-6EE5BE85BB60,ABC,phase1,2,434,281,153,A,3
F1356D17-C28B-42B8-B7F0-6EE5BE85BB60,ABC,phase1,3,438,340,98,B,6
F1356D17-C28B-42B8-B7F0-6EE5BE85BB60,ABC,phase1,4,18,14,4,B,6
F1394C19-5B3C-4A85-BB92-E9DA03E52DE1,CCC,phase2,1,1,1,0,C,10
F159E8FB-7B16-41F7-9831-2E23873F12B7,ABC,phase1,1,13,5,8,A,3
F159E8FB-7B16-41F7-9831-2E23873F12B7,ABC,phase1,2,2,0,2,A,3
F159E8FB-7B16-41F7-9831-2E23873F12B7,ABC,phase1,3,0,0,0,B,6
F159E8FB-7B16-41F7-9831-2E23873F12B7,ABC,phase1,4,0,0,0,B,6
F159E8FB-7B16-41F7-9831-2E23873F12B7,ABC,phase1,5,2,0,2,C,10
F173894F-6126-42B4-8314-A159A7F6C0EC,CCC,phase1,1,159,46,113,C,10
F173894F-6126-42B4-8314-A159A7F6C0EC,CCC,phase1,2,135,32,103,C,10
F173894F-6126-42B4-8314-A159A7F6C0EC,CCC,phase1,3,167,27,140,C,10
F173894F-6126-42B4-8314-A159A7F6C0EC,CCC,phase1,4,75,17,58,C,10
F1C44393-7CCD-4C99-9BA8-503AEF25B84C,CCC,phase1,1,1,0,1,C,10
F1D96255-5E58-454C-AB2C-C5F38B739E70,CCC,phase2,1,1,1,0,C,10
F1DE6C11-604D-4E95-A2A6-47E668474038,CCC,phase1,1,68,6,62,C,10
F1DE6C11-604D-4E95-A2A6-47E668474038,CCC,phase1,2,87,10,77,C,10
F1DE6C11-604D-4E95-A2A6-47E668474038,CCC,phase1,3,69,8,61,C,10
F1DE6C11-604D-4E95-A2A6-47E668474038,CCC,phase1,4,68,12,56,C,10
F1DE6C11-604D-4E95-A2A6-47E668474038,CCC,phase1,5,53,3,50,C,10
F1DE6C11-604D-4E95-A2A6-47E668474038,CCC,phase1,6,48,6,42,C,10
F1ECC111-E01F-48F7-9669-781899B6933D,ABC,phase1,1,152,19,133,A,3
F1ECC111-E01F-48F7-9669-781899B6933D,ABC,phase1,2,118,10,108,A,3
F1ECC111-E01F-48F7-9669-781899B6933D,ABC,phase1,3,99,14,85,B,6
F1ECC111-E01F-48F7-9669-781899B6933D,ABC,phase1,4,73,10,63,B,6
F1ECC111-E01F-48F7-9669-781899B6933D,ABC,phase1,5,93,13,80,C,10
F1ECC111-E01F-48F7-9669-781899B6933D,ABC,phase1,6,83,12,71,C,10
F20B671D-E40A-419D-9A2B-04A76E939A32,CCC,phase1,1,23,2,21,C,10
F20B671D-E40A-419D-9A2B-04A76E939A32,CCC,phase1,2,22,2,20,C,10
F20B671D-E40A-419D-9A2B-04A76E939A32,CCC,phase1,3,29,4,25,C,10
F20B671D-E40A-419D-9A2B-04A76E939A32,CCC,phase1,4,5,0,5,C,10
F2109743-E194-4A7E-ADA0-5CC83CF12110,ACC,phase2,1,39,16,23,A,3
F2109743-E194-4A7E-ADA0-5CC83CF12110,ACC,phase2,2,40,17,23,A,3
F2109743-E194-4A7E-ADA0-5CC83CF12110,ACC,phase2,3,28,10,18,C,10
F2109743-E194-4A7E-ADA0-5CC83CF12110,ACC,phase2,4,36,13,23,C,10
F2109743-E194-4A7E-ADA0-5CC83CF12110,ACC,phase2,5,22,4,18,C,10
F2109743-E194-4A7E-ADA0-5CC83CF12110,ACC,phase2,6,21,8,13,C,10
F21C3B5A-D529-4209-B592-76182FB7CB7B,BCC,phase2,1,55,15,40,B,6
F21C3B5A-D529-4209-B592-76182FB7CB7B,BCC,phase2,2,44,4,40,B,6
F21C3B5A-D529-4209-B592-76182FB7CB7B,BCC,phase2,3,4,0,4,C,10
F227C264-2BE4-40A8-8D21-415E20D38A2A,BCC,phase2,1,6,6,0,B,6
F25C970A-559E-4872-AA44-BC3589DABD9C,ACC,phase1,1,252,97,155,A,3
F25C970A-559E-4872-AA44-BC3589DABD9C,ACC,phase1,2,132,35,97,A,3
F25C970A-559E-4872-AA44-BC3589DABD9C,ACC,phase1,3,114,42,72,C,10
F25C970A-559E-4872-AA44-BC3589DABD9C,ACC,phase1,4,182,71,111,C,10
F25C970A-559E-4872-AA44-BC3589DABD9C,ACC,phase1,5,233,75,158,C,10
F25C970A-559E-4872-AA44-BC3589DABD9C,ACC,phase1,6,36,11,25,C,10
F2675EBC-0EDF-490E-8EC4-F29E4537A6AE,CCC,phase1,1,10,4,6,C,10
F2675EBC-0EDF-490E-8EC4-F29E4537A6AE,CCC,phase1,2,5,1,4,C,10
F2675EBC-0EDF-490E-8EC4-F29E4537A6AE,CCC,phase1,3,1,0,1,C,10
F2675EBC-0EDF-490E-8EC4-F29E4537A6AE,CCC,phase1,4,3,1,2,C,10
F2675EBC-0EDF-490E-8EC4-F29E4537A6AE,CCC,phase1,5,5,1,4,C,10
F26B9D85-18DB-48CF-914C-510BC8BA1B75,ACC,phase2,1,166,58,108,A,3
F26B9D85-18DB-48CF-914C-510BC8BA1B75,ACC,phase2,2,103,27,76,A,3
F26B9D85-18DB-48CF-914C-510BC8BA1B75,ACC,phase2,3,110,26,84,C,10
F26B9D85-18DB-48CF-914C-510BC8BA1B75,ACC,phase2,4,96,21,75,C,10
F26B9D85-18DB-48CF-914C-510BC8BA1B75,ACC,phase2,5,88,18,70,C,10
F26B9D85-18DB-48CF-914C-510BC8BA1B75,ACC,phase2,6,75,22,53,C,10
F2DC6184-D447-4B7B-A09A-25552F94F684,BCC,phase2,1,108,14,94,B,6
F2DC6184-D447-4B7B-A09A-25552F94F684,BCC,phase2,2,104,8,96,B,6
F2DC6184-D447-4B7B-A09A-25552F94F684,BCC,phase2,3,18,4,14,C,10
F2F4EF0C-11EE-441C-B3EC-646B588A4D55,BCC,phase1,1,103,24,79,B,6
F2F4EF0C-11EE-441C-B3EC-646B588A4D55,BCC,phase1,2,57,14,43,B,6
F2F4EF0C-11EE-441C-B3EC-646B588A4D55,BCC,phase1,3,19,3,16,C,10
F2F4EF0C-11EE-441C-B3EC-646B588A4D55,BCC,phase1,4,43,8,35,C,10
F2F4EF0C-11EE-441C-B3EC-646B588A4D55,BCC,phase1,5,43,8,35,C,10
F2F4EF0C-11EE-441C-B3EC-646B588A4D55,BCC,phase1,6,31,9,22,C,10
F33CAEEF-F65C-4E07-ABF4-523F259C52DD,ACC,phase1,1,226,112,114,A,3
F33CAEEF-F65C-4E07-ABF4-523F259C52DD,ACC,phase1,2,125,97,28,A,3
F33CAEEF-F65C-4E07-ABF4-523F259C52DD,ACC,phase1,3,143,123,20,C,10
F33CAEEF-F65C-4E07-ABF4-523F259C52DD,ACC,phase1,4,133,132,1,C,10
F33CAEEF-F65C-4E07-ABF4-523F259C52DD,ACC,phase1,5,136,133,3,C,10
F33CAEEF-F65C-4E07-ABF4-523F259C52DD,ACC,phase1,6,125,125,0,C,10
F34CE454-28BC-4667-A1E0-68C79B69A1AC,CCC,phase2,1,1,0,1,C,10
F3703F9E-913E-4FDC-9F39-C81771FB9CDD,BCC,phase2,1,1,0,1,B,6
F37A3ECE-76E6-4D33-88DC-D74F97D360D5,ABC,phase2,1,13,11,2,A,3
F38E34B3-EDD9-425C-9A44-1DE5561E956D,CCC,phase1,1,152,47,105,C,10
F38E34B3-EDD9-425C-9A44-1DE5561E956D,CCC,phase1,2,13,2,11,C,10
F3BA1588-51F3-49C4-8D44-C6FE1244F7BD,CCC,phase2,1,49,16,33,C,10
F3C1E91D-9D2C-468C-A3BA-6BD53275EE32,ACC,phase1,1,199,69,130,A,3
F3C1E91D-9D2C-468C-A3BA-6BD53275EE32,ACC,phase1,2,176,38,138,A,3
F3C1E91D-9D2C-468C-A3BA-6BD53275EE32,ACC,phase1,3,125,32,93,C,10
F3E1B95A-AFDD-4A25-85C2-9E8AF490734C,CCC,phase1,1,34,15,19,C,10
F3E1B95A-AFDD-4A25-85C2-9E8AF490734C,CCC,phase1,2,23,7,16,C,10
F3E1B95A-AFDD-4A25-85C2-9E8AF490734C,CCC,phase1,3,37,9,28,C,10
F3E1B95A-AFDD-4A25-85C2-9E8AF490734C,CCC,phase1,4,34,7,27,C,10
F3E1B95A-AFDD-4A25-85C2-9E8AF490734C,CCC,phase1,5,34,8,26,C,10
F3E1B95A-AFDD-4A25-85C2-9E8AF490734C,CCC,phase1,6,4,2,2,C,10
F4573330-0EB2-4D9B-B5CE-FF8AAFADD623,ACC,phase1,1,5,2,3,A,3
F45B1903-C5D8-469C-A16E-955D491737A9,ABC,phase2,1,121,40,81,A,3
F45B1903-C5D8-469C-A16E-955D491737A9,ABC,phase2,2,141,42,99,A,3
F499743C-EF62-4573-9FAA-ED0A22E303CE,CCC,phase2,1,1,0,1,C,10
F49E516B-8729-4E53-9824-FC43A63B7A2A,ABC,phase1,1,15,4,11,A,3
F4C6DC5C-BA3E-477A-AACB-5B7073D9E011,BCC,phase1,1,23,6,17,B,6
F4C6DC5C-BA3E-477A-AACB-5B7073D9E011,BCC,phase1,2,31,6,25,B,6
F4C6DC5C-BA3E-477A-AACB-5B7073D9E011,BCC,phase1,3,33,8,25,C,10
F4C6DC5C-BA3E-477A-AACB-5B7073D9E011,BCC,phase1,4,42,7,35,C,10
F4C6DC5C-BA3E-477A-AACB-5B7073D9E011,BCC,phase1,5,40,7,33,C,10
F4C6DC5C-BA3E-477A-AACB-5B7073D9E011,BCC,phase1,6,19,3,16,C,10
F4E63378-72F1-4336-96AF-75B00832BA62,ACC,phase1,1,153,23,130,A,3
F4E63378-72F1-4336-96AF-75B00832BA62,ACC,phase1,2,180,39,141,A,3
F4E63378-72F1-4336-96AF-75B00832BA62,ACC,phase1,3,127,29,98,C,10
F4E63378-72F1-4336-96AF-75B00832BA62,ACC,phase1,4,148,25,123,C,10
F4E63378-72F1-4336-96AF-75B00832BA62,ACC,phase1,5,211,26,185,C,10
F4E63378-72F1-4336-96AF-75B00832BA62,ACC,phase1,6,57,6,51,C,10
F4EA7435-69C7-4F38-B063-827BE0B9B93D,ACC,phase2,1,157,38,119,A,3
F4EA7435-69C7-4F38-B063-827BE0B9B93D,ACC,phase2,2,151,25,126,A,3
F4EA7435-69C7-4F38-B063-827BE0B9B93D,ACC,phase2,3,23,7,16,C,10
F51924B6-D0A0-4AB3-BB65-E88599CBFBDD,ACC,phase1,1,33,28,5,A,3
F51924B6-D0A0-4AB3-BB65-E88599CBFBDD,ACC,phase1,2,64,33,31,A,3
F51924B6-D0A0-4AB3-BB65-E88599CBFBDD,ACC,phase1,3,51,32,19,C,10
F51924B6-D0A0-4AB3-BB65-E88599CBFBDD,ACC,phase1,4,76,42,34,C,10
F51924B6-D0A0-4AB3-BB65-E88599CBFBDD,ACC,phase1,5,51,29,22,C,10
F51924B6-D0A0-4AB3-BB65-E88599CBFBDD,ACC,phase1,6,29,14,15,C,10
F531A250-B30C-461B-BFC9-9FD5E193FB2C,CCC,phase1,1,2,0,2,C,10
F531A250-B30C-461B-BFC9-9FD5E193FB2C,CCC,phase1,2,1,0,1,C,10
F531A250-B30C-461B-BFC9-9FD5E193FB2C,CCC,phase1,3,3,1,2,C,10
F531A250-B30C-461B-BFC9-9FD5E193FB2C,CCC,phase1,4,1,0,1,C,10
F531A250-B30C-461B-BFC9-9FD5E193FB2C,CCC,phase1,5,1,0,1,C,10
F5685018-B9E8-4294-B458-146E5D960241,BCC,phase2,1,180,31,149,B,6
F5685018-B9E8-4294-B458-146E5D960241,BCC,phase2,2,81,8,73,B,6
F5685018-B9E8-4294-B458-146E5D960241,BCC,phase2,3,94,14,80,C,10
F5685018-B9E8-4294-B458-146E5D960241,BCC,phase2,4,12,2,10,C,10
F5ACE0E1-3A20-46C0-B69A-F229531BB59E,ABC,phase2,1,74,7,67,A,3
F5ACE0E1-3A20-46C0-B69A-F229531BB59E,ABC,phase2,2,154,8,146,A,3
F5ACE0E1-3A20-46C0-B69A-F229531BB59E,ABC,phase2,3,224,18,206,B,6
F5ACE0E1-3A20-46C0-B69A-F229531BB59E,ABC,phase2,4,199,13,186,B,6
F5ACE0E1-3A20-46C0-B69A-F229531BB59E,ABC,phase2,5,193,21,172,C,10
F5ACE0E1-3A20-46C0-B69A-F229531BB59E,ABC,phase2,6,113,18,95,C,10
F5D36618-CF2E-4C90-8994-D09DE1B1FF63,BCC,phase2,1,1,1,0,B,6
F5FE6CB2-2BD1-4DCA-A86F-A5366155AD0B,ACC,phase1,1,1,0,1,A,3
F6045778-F374-4CE3-AC71-0BE4E3261F11,BCC,phase2,1,476,205,271,B,6
F6045778-F374-4CE3-AC71-0BE4E3261F11,BCC,phase2,2,404,131,273,B,6
F6045778-F374-4CE3-AC71-0BE4E3261F11,BCC,phase2,3,371,127,244,C,10
F6045778-F374-4CE3-AC71-0BE4E3261F11,BCC,phase2,4,350,115,235,C,10
F6045778-F374-4CE3-AC71-0BE4E3261F11,BCC,phase2,5,281,93,188,C,10
F6045778-F374-4CE3-AC71-0BE4E3261F11,BCC,phase2,6,308,107,201,C,10
F628D8F4-CE42-4ADF-8444-6AF2765104EF,ABC,phase1,1,119,59,60,A,3
F628D8F4-CE42-4ADF-8444-6AF2765104EF,ABC,phase1,2,148,36,112,A,3
F628D8F4-CE42-4ADF-8444-6AF2765104EF,ABC,phase1,3,84,21,63,B,6
F628D8F4-CE42-4ADF-8444-6AF2765104EF,ABC,phase1,4,81,17,64,B,6
F628D8F4-CE42-4ADF-8444-6AF2765104EF,ABC,phase1,5,113,41,72,C,10
F628D8F4-CE42-4ADF-8444-6AF2765104EF,ABC,phase1,6,95,29,66,C,10
F6AF3E74-C608-4CA8-8307-F2BFFA8D59AB,BCC,phase2,1,163,85,78,B,6
F6AF3E74-C608-4CA8-8307-F2BFFA8D59AB,BCC,phase2,2,182,76,106,B,6
F6AF3E74-C608-4CA8-8307-F2BFFA8D59AB,BCC,phase2,3,63,36,27,C,10
F6F6B74B-D33C-49B9-A8CD-6C85FFF59F75,ACC,phase1,1,1,1,0,A,3
F7224423-D9D2-4E36-8D03-BCAABF0E54C2,BCC,phase1,1,28,15,13,B,6
F7224423-D9D2-4E36-8D03-BCAABF0E54C2,BCC,phase1,2,1,1,0,B,6
F72D083A-518A-47E7-B18D-6DA502F05BF3,CCC,phase2,1,2,2,0,C,10
F74D99CF-325E-40EA-85E5-A059C3DD8FD9,ACC,phase1,1,174,162,12,A,3
F74D99CF-325E-40EA-85E5-A059C3DD8FD9,ACC,phase1,2,84,72,12,A,3
F74D99CF-325E-40EA-85E5-A059C3DD8FD9,ACC,phase1,3,43,34,9,C,10
F74D99CF-325E-40EA-85E5-A059C3DD8FD9,ACC,phase1,4,51,34,17,C,10
F74D99CF-325E-40EA-85E5-A059C3DD8FD9,ACC,phase1,5,46,39,7,C,10
F74D99CF-325E-40EA-85E5-A059C3DD8FD9,ACC,phase1,6,44,36,8,C,10
F7904C06-D824-4AE6-A189-1A306792F409,BCC,phase1,1,82,20,62,B,6
F7904C06-D824-4AE6-A189-1A306792F409,BCC,phase1,2,65,8,57,B,6
F7904C06-D824-4AE6-A189-1A306792F409,BCC,phase1,3,52,16,36,C,10
F7904C06-D824-4AE6-A189-1A306792F409,BCC,phase1,4,47,16,31,C,10
F7904C06-D824-4AE6-A189-1A306792F409,BCC,phase1,5,47,15,32,C,10
F7904C06-D824-4AE6-A189-1A306792F409,BCC,phase1,6,56,11,45,C,10
F79306EA-D86D-46F4-A729-895CBDB43257,ABC,phase2,1,2,1,1,A,3
F79CADC1-7645-4FEE-8E13-01DC6BBC4676,CCC,phase1,1,20,3,17,C,10
F7C81A87-282E-4453-BAA8-B3D2A78E2EBE,ABC,phase1,1,76,41,35,A,3
F7C81A87-282E-4453-BAA8-B3D2A78E2EBE,ABC,phase1,2,63,27,36,A,3
F7C81A87-282E-4453-BAA8-B3D2A78E2EBE,ABC,phase1,3,74,29,45,B,6
F7C81A87-282E-4453-BAA8-B3D2A78E2EBE,ABC,phase1,4,44,13,31,B,6
F7C81A87-282E-4453-BAA8-B3D2A78E2EBE,ABC,phase1,5,70,36,34,C,10
F7C81A87-282E-4453-BAA8-B3D2A78E2EBE,ABC,phase1,6,43,11,32,C,10
F7DF4D8F-57B5-4AF0-BFCC-6E2067396087,ABC,phase2,1,282,121,161,A,3
F7DF4D8F-57B5-4AF0-BFCC-6E2067396087,ABC,phase2,2,170,74,96,A,3
F7DF4D8F-57B5-4AF0-BFCC-6E2067396087,ABC,phase2,3,76,30,46,B,6
F7E81D89-FB96-40B7-90BE-4CD6F6B650A3,BCC,phase2,1,231,73,158,B,6
F7E81D89-FB96-40B7-90BE-4CD6F6B650A3,BCC,phase2,2,197,35,162,B,6
F7E81D89-FB96-40B7-90BE-4CD6F6B650A3,BCC,phase2,3,88,20,68,C,10
F7FCC3A9-F09C-4775-9CE2-E243CBA9E272,CCC,phase2,1,79,11,68,C,10
F7FCC3A9-F09C-4775-9CE2-E243CBA9E272,CCC,phase2,2,70,11,59,C,10
F7FCC3A9-F09C-4775-9CE2-E243CBA9E272,CCC,phase2,3,48,5,43,C,10
F8208597-5ECE-4ADB-85C5-9DC39491BFF8,BCC,phase2,1,459,237,222,B,6
F8208597-5ECE-4ADB-85C5-9DC39491BFF8,BCC,phase2,2,450,233,217,B,6
F8208597-5ECE-4ADB-85C5-9DC39491BFF8,BCC,phase2,3,433,274,159,C,10
F8208597-5ECE-4ADB-85C5-9DC39491BFF8,BCC,phase2,4,401,241,160,C,10
F8208597-5ECE-4ADB-85C5-9DC39491BFF8,BCC,phase2,5,376,208,168,C,10
F8208597-5ECE-4ADB-85C5-9DC39491BFF8,BCC,phase2,6,363,197,166,C,10
F86F9BD0-60CD-4024-9A20-E6FD1F365959,CCC,phase2,1,78,19,59,C,10
F86F9BD0-60CD-4024-9A20-E6FD1F365959,CCC,phase2,2,94,10,84,C,10
F86F9BD0-60CD-4024-9A20-E6FD1F365959,CCC,phase2,3,53,10,43,C,10
F86F9BD0-60CD-4024-9A20-E6FD1F365959,CCC,phase2,4,86,8,78,C,10
F86F9BD0-60CD-4024-9A20-E6FD1F365959,CCC,phase2,5,60,4,56,C,10
F86F9BD0-60CD-4024-9A20-E6FD1F365959,CCC,phase2,6,10,4,6,C,10
F89C50FB-899B-4007-8818-B976E66B045A,BCC,phase1,1,129,43,86,B,6
F89C50FB-899B-4007-8818-B976E66B045A,BCC,phase1,2,121,36,85,B,6
F89C50FB-899B-4007-8818-B976E66B045A,BCC,phase1,3,37,14,23,C,10
F8A6BF7B-DBFF-48E9-A9FF-484E434E3EE7,BCC,phase1,1,92,16,76,B,6
F8A6BF7B-DBFF-48E9-A9FF-484E434E3EE7,BCC,phase1,2,8,0,8,B,6
F8A6BF7B-DBFF-48E9-A9FF-484E434E3EE7,BCC,phase1,3,7,1,6,C,10
F8A6BF7B-DBFF-48E9-A9FF-484E434E3EE7,BCC,phase1,4,7,1,6,C,10
F8A6BF7B-DBFF-48E9-A9FF-484E434E3EE7,BCC,phase1,5,19,1,18,C,10
F8A6BF7B-DBFF-48E9-A9FF-484E434E3EE7,BCC,phase1,6,13,1,12,C,10
F8AF4C2F-6826-4473-BCDA-9EEFEB63FD90,ACC,phase1,1,268,31,237,A,3
F8AF4C2F-6826-4473-BCDA-9EEFEB63FD90,ACC,phase1,2,121,21,100,A,3
F8BF243E-6157-4B88-86FD-70B72645613A,ABC,phase1,1,8,6,2,A,3
F8CA9261-5679-4C03-A36E-A7BCB0178DD3,ABC,phase1,1,142,56,86,A,3
F9142D10-ED63-47F6-9915-A4DE3D853E5B,CCC,phase2,1,40,11,29,C,10
F9142D10-ED63-47F6-9915-A4DE3D853E5B,CCC,phase2,2,35,8,27,C,10
F9142D10-ED63-47F6-9915-A4DE3D853E5B,CCC,phase2,3,17,4,13,C,10
F9142D10-ED63-47F6-9915-A4DE3D853E5B,CCC,phase2,4,29,12,17,C,10
F9142D10-ED63-47F6-9915-A4DE3D853E5B,CCC,phase2,5,17,3,14,C,10
F9142D10-ED63-47F6-9915-A4DE3D853E5B,CCC,phase2,6,16,3,13,C,10
F9655593-8FFF-41A9-A24C-0A4CDBF6D928,BCC,phase2,1,37,11,26,B,6
F9655593-8FFF-41A9-A24C-0A4CDBF6D928,BCC,phase2,2,22,4,18,B,6
F984FD4E-269A-4366-8B1F-EAC91C9ED38C,BCC,phase2,1,3,0,3,B,6
F9A86E32-99B2-4D63-A420-9C56D6C95F14,CCC,phase1,1,342,150,192,C,10
F9A86E32-99B2-4D63-A420-9C56D6C95F14,CCC,phase1,2,223,98,125,C,10
F9A86E32-99B2-4D63-A420-9C56D6C95F14,CCC,phase1,3,184,55,129,C,10
F9A86E32-99B2-4D63-A420-9C56D6C95F14,CCC,phase1,4,124,32,92,C,10
F9A86E32-99B2-4D63-A420-9C56D6C95F14,CCC,phase1,5,170,53,117,C,10
F9A86E32-99B2-4D63-A420-9C56D6C95F14,CCC,phase1,6,166,61,105,C,10
F9EB437B-B39D-49BF-A601-4E8AA7DAD675,CCC,phase2,1,1,1,0,C,10
FA131D95-7E57-47F9-A9DA-C38FA6167464,BCC,phase1,1,118,31,87,B,6
FA131D95-7E57-47F9-A9DA-C38FA6167464,BCC,phase1,2,93,13,80,B,6
FA131D95-7E57-47F9-A9DA-C38FA6167464,BCC,phase1,3,14,5,9,C,10
FA3B21FF-DCBA-438D-BAC4-D6E677CEB80C,BCC,phase1,1,1,0,1,B,6
FA4C01F4-C88F-4AD5-B874-1A3F8D7F3689,BCC,phase2,1,76,8,68,B,6
FA4C01F4-C88F-4AD5-B874-1A3F8D7F3689,BCC,phase2,2,71,3,68,B,6
FAA4FB8F-5923-4802-B46C-022390D34478,ACC,phase1,1,55,21,34,A,3
FAA4FB8F-5923-4802-B46C-022390D34478,ACC,phase1,2,24,2,22,A,3
FAA4FB8F-5923-4802-B46C-022390D34478,ACC,phase1,3,17,2,15,C,10
FAC95D86-25B0-478E-B42E-169D262CE663,BCC,phase1,1,80,27,53,B,6
FAC95D86-25B0-478E-B42E-169D262CE663,BCC,phase1,2,58,21,37,B,6
FAC95D86-25B0-478E-B42E-169D262CE663,BCC,phase1,3,69,24,45,C,10
FAC95D86-25B0-478E-B42E-169D262CE663,BCC,phase1,4,87,22,65,C,10
FAC95D86-25B0-478E-B42E-169D262CE663,BCC,phase1,5,64,21,43,C,10
FAC95D86-25B0-478E-B42E-169D262CE663,BCC,phase1,6,42,12,30,C,10
FB2C16F0-7DAF-4580-B6E6-C9FED4B01413,ACC,phase2,1,50,14,36,A,3
FB45653B-51E6-4B84-AA65-907E9724DD1A,ABC,phase2,1,1,0,1,A,3
FB548529-FCF6-43AE-8196-FB7A5C8128CD,ABC,phase1,1,98,9,89,A,3
FB6301CD-E4E2-4321-AC3D-9E9BEC55BD51,BCC,phase2,1,7,1,6,B,6
FB6301CD-E4E2-4321-AC3D-9E9BEC55BD51,BCC,phase2,2,23,1,22,B,6
FB6301CD-E4E2-4321-AC3D-9E9BEC55BD51,BCC,phase2,3,14,1,13,C,10
FB6301CD-E4E2-4321-AC3D-9E9BEC55BD51,BCC,phase2,4,23,3,20,C,10
FB6301CD-E4E2-4321-AC3D-9E9BEC55BD51,BCC,phase2,5,7,1,6,C,10
FB783F34-4C81-4B18-808F-08989F5CA4F1,ACC,phase2,1,16,2,14,A,3
FB783F34-4C81-4B18-808F-08989F5CA4F1,ACC,phase2,2,13,0,13,A,3
FBD1E531-D749-43F9-98D5-402926C01AE7,ABC,phase1,1,5,1,4,A,3
FBD1E531-D749-43F9-98D5-402926C01AE7,ABC,phase1,2,0,0,0,A,3
FBD1E531-D749-43F9-98D5-402926C01AE7,ABC,phase1,3,1,1,0,B,6
FBD1E531-D749-43F9-98D5-402926C01AE7,ABC,phase1,4,0,0,0,B,6
FBD1E531-D749-43F9-98D5-402926C01AE7,ABC,phase1,5,3,0,3,C,10
FBD1E531-D749-43F9-98D5-402926C01AE7,ABC,phase1,6,2,1,1,C,10
FBD5EE37-FF09-4B06-80ED-10D4C2C72A0D,CCC,phase1,1,134,45,89,C,10
FBD5EE37-FF09-4B06-80ED-10D4C2C72A0D,CCC,phase1,2,63,20,43,C,10
FBD5EE37-FF09-4B06-80ED-10D4C2C72A0D,CCC,phase1,3,20,3,17,C,10
FBD5EE37-FF09-4B06-80ED-10D4C2C72A0D,CCC,phase1,4,20,4,16,C,10
FBDAFD90-718E-4D3A-847D-5C30103481D3,BCC,phase2,1,80,35,45,B,6
FBDAFD90-718E-4D3A-847D-5C30103481D3,BCC,phase2,2,43,11,32,B,6
FBDAFD90-718E-4D3A-847D-5C30103481D3,BCC,phase2,3,64,18,46,C,10
FBDAFD90-718E-4D3A-847D-5C30103481D3,BCC,phase2,4,42,11,31,C,10
FBDAFD90-718E-4D3A-847D-5C30103481D3,BCC,phase2,5,44,8,36,C,10
FBDAFD90-718E-4D3A-847D-5C30103481D3,BCC,phase2,6,60,11,49,C,10
FC3DD363-DD65-4F73-ACD2-E243B10EF13C,ACC,phase2,1,1,0,1,A,3
FC528CB1-A4BE-48E8-9E36-D49D11841770,CCC,phase2,1,11,7,4,C,10
FC528CB1-A4BE-48E8-9E36-D49D11841770,CCC,phase2,2,16,8,8,C,10
FC528CB1-A4BE-48E8-9E36-D49D11841770,CCC,phase2,3,14,7,7,C,10
FC528CB1-A4BE-48E8-9E36-D49D11841770,CCC,phase2,4,19,12,7,C,10
FC528CB1-A4BE-48E8-9E36-D49D11841770,CCC,phase2,5,6,3,3,C,10
FC528CB1-A4BE-48E8-9E36-D49D11841770,CCC,phase2,6,13,9,4,C,10
FC6BA8A0-8600-45C9-AF22-EE3D4345DE2E,ACC,phase1,1,279,13,266,A,3
FC6BA8A0-8600-45C9-AF22-EE3D4345DE2E,ACC,phase1,2,255,10,245,A,3
FC6BA8A0-8600-45C9-AF22-EE3D4345DE2E,ACC,phase1,3,168,20,148,C,10
FC6BA8A0-8600-45C9-AF22-EE3D4345DE2E,ACC,phase1,4,277,36,241,C,10
FC6BA8A0-8600-45C9-AF22-EE3D4345DE2E,ACC,phase1,5,30,3,27,C,10
FC7FFAAB-DFEC-47E2-A61D-FDCB3DF94568,ACC,phase1,1,14,5,9,A,3
FCEA7130-DD64-4B58-A4BB-F9BEC1E57761,ABC,phase1,1,1,1,0,A,3
FD017127-68BB-4C4C-9E50-F1FBC1EE05B4,ABC,phase1,1,1,0,1,A,3
FD02CEAF-FAAD-4EC1-B6D0-671721E67675,CCC,phase1,1,1,0,1,C,10
FD5A67DB-D2D8-4C41-AFD2-A9614044081C,BCC,phase1,1,16,9,7,B,6
FD5A67DB-D2D8-4C41-AFD2-A9614044081C,BCC,phase1,2,19,11,8,B,6
FD5A67DB-D2D8-4C41-AFD2-A9614044081C,BCC,phase1,3,28,9,19,C,10
FD5A67DB-D2D8-4C41-AFD2-A9614044081C,BCC,phase1,4,36,11,25,C,10
FDAAE5B5-3FA8-4ABF-95F9-036050F30BEA,BCC,phase2,1,1,0,1,B,6
FDB00776-109F-4163-8C7A-D9F979CE8DB1,ABC,phase1,1,1,0,1,A,3
FDBC2306-E968-449E-B61F-AE3526E0CE68,BCC,phase2,1,181,39,142,B,6
FDBC2306-E968-449E-B61F-AE3526E0CE68,BCC,phase2,2,71,14,57,B,6
FDBC2306-E968-449E-B61F-AE3526E0CE68,BCC,phase2,3,50,10,40,C,10
FDBC2306-E968-449E-B61F-AE3526E0CE68,BCC,phase2,4,67,17,50,C,10
FDBC2306-E968-449E-B61F-AE3526E0CE68,BCC,phase2,5,44,7,37,C,10
FDDE76EC-7053-4814-AC74-03D1DF6066A4,BCC,phase1,1,169,49,120,B,6
FDDE76EC-7053-4814-AC74-03D1DF6066A4,BCC,phase1,2,136,20,116,B,6
FDDE76EC-7053-4814-AC74-03D1DF6066A4,BCC,phase1,3,105,21,84,C,10
FE52CA71-BF8C-4138-A05A-90786B66A810,ABC,phase2,1,122,30,92,A,3
FE7E6FCD-E6CA-4823-86F1-CC641F7A578C,ABC,phase1,1,1,0,1,A,3
FE982687-E703-4945-8E8D-9C55C6D57ACD,BCC,phase2,1,97,29,68,B,6
FE982687-E703-4945-8E8D-9C55C6D57ACD,BCC,phase2,2,57,11,46,B,6
FEBB74C9-2A05-4570-8E23-B66EE1867A0C,ACC,phase2,1,81,11,70,A,3
FEBB74C9-2A05-4570-8E23-B66EE1867A0C,ACC,phase2,2,46,10,36,A,3
FECD6497-11BC-4830-8241-190169702CF8,CCC,phase2,1,44,30,14,C,10
FEF4B205-704F-45EA-95DE-82A0E6561374,CCC,phase2,1,117,32,85,C,10
FEF4B205-704F-45EA-95DE-82A0E6561374,CCC,phase2,2,167,30,137,C,10
FEF4B205-704F-45EA-95DE-82A0E6561374,CCC,phase2,3,121,13,108,C,10
FEF4B205-704F-45EA-95DE-82A0E6561374,CCC,phase2,4,17,2,15,C,10
FF04B4A0-E5F2-41DB-953C-69C9C1E70850,CCC,phase1,1,86,61,25,C,10
FF04B4A0-E5F2-41DB-953C-69C9C1E70850,CCC,phase1,2,38,23,15,C,10
FF04B4A0-E5F2-41DB-953C-69C9C1E70850,CCC,phase1,3,2,1,1,C,10
FF04B4A0-E5F2-41DB-953C-69C9C1E70850,CCC,phase1,4,6,5,1,C,10
FF04B4A0-E5F2-41DB-953C-69C9C1E70850,CCC,phase1,5,22,14,8,C,10
FF04B4A0-E5F2-41DB-953C-69C9C1E70850,CCC,phase1,6,72,46,26,C,10
FF5A9DA8-2FA9-45A1-8604-A81C0D7E4065,CCC,phase2,1,157,84,73,C,10
FF5A9DA8-2FA9-45A1-8604-A81C0D7E4065,CCC,phase2,2,88,40,48,C,10
FF5A9DA8-2FA9-45A1-8604-A81C0D7E4065,CCC,phase2,3,140,71,69,C,10
FF5A9DA8-2FA9-45A1-8604-A81C0D7E4065,CCC,phase2,4,81,41,40,C,10
FF5A9DA8-2FA9-45A1-8604-A81C0D7E4065,CCC,phase2,5,38,14,24,C,10
FF5A9DA8-2FA9-45A1-8604-A81C0D7E4065,CCC,phase2,6,71,25,46,C,10
FF7775E2-C4C5-4ED5-994D-23D7FC7F069F,ACC,phase2,1,98,18,80,A,3
FF7775E2-C4C5-4ED5-994D-23D7FC7F069F,ACC,phase2,2,39,18,21,A,3
FF7775E2-C4C5-4ED5-994D-23D7FC7F069F,ACC,phase2,3,34,15,19,C,10
FF7775E2-C4C5-4ED5-994D-23D7FC7F069F,ACC,phase2,4,34,16,18,C,10
FF7775E2-C4C5-4ED5-994D-23D7FC7F069F,ACC,phase2,5,33,13,20,C,10
FF9EECE7-962C-4DF2-AC98-6F5D329F4220,BCC,phase1,1,79,14,65,B,6
FF9EECE7-962C-4DF2-AC98-6F5D329F4220,BCC,phase1,2,73,15,58,B,6
FF9EECE7-962C-4DF2-AC98-6F5D329F4220,BCC,phase1,3,8,0,8,C,10
FFB4ACC7-0BE6-4EA1-8F23-C9EC49CA423A,CCC,phase1,1,199,103,96,C,10
FFB4ACC7-0BE6-4EA1-8F23-C9EC49CA423A,CCC,phase1,2,131,38,93,C,10
FFB4ACC7-0BE6-4EA1-8F23-C9EC49CA423A,CCC,phase1,3,158,42,116,C,10
FFB4ACC7-0BE6-4EA1-8F23-C9EC49CA423A,CCC,phase1,4,141,30,111,C,10
FFB4ACC7-0BE6-4EA1-8F23-C9EC49CA423A,CCC,phase1,5,139,37,102,C,10
FFB4ACC7-0BE6-4EA1-8F23-C9EC49CA423A,CCC,phase1,6,105,38,67,C,10
FFDC8377-BF4B-4802-A07E-D647DD6E408F,BCC,phase2,1,146,36,110,B,6
FFDC8377-BF4B-4802-A07E-D647DD6E408F,BCC,phase2,2,135,29,106,B,6
FFEBF7A1-6595-4407-BCFD-22D737417646,CCC,phase1,1,1,0,1,C,10
